split,id,image_path,source_path,sha1,is_exact_anchor,dhash_min,dhash_similarity,face_count,mean,std,grad,min,max,risk_exact,risk_dhash,risk_grad,risk_face,bad_score,pred_e086,pred_e087,pred_e088
test,537,data\processed\exp_001_faces_224\test\537.png,data\raw\kul-computer-vision-ga-1-2026\test\test_537.npy,0d666d7d85b575a1f1c1ca9497ea4c11b7217deb,1,0,1.0,0,95.1485262345679,31.392302258504895,1.595332639570962,18.0,255.0,1.0,1.0,1.0,1.0,1.0,0,2,0
test,1071,data\processed\exp_001_faces_224\test\1071.png,data\raw\kul-computer-vision-ga-1-2026\test\test_1071.npy,0d666d7d85b575a1f1c1ca9497ea4c11b7217deb,1,0,1.0,0,95.1485262345679,31.392302258504895,1.595332639570962,18.0,255.0,1.0,1.0,1.0,1.0,1.0,0,2,0
test,1112,data\processed\exp_001_faces_224\test\1112.png,data\raw\kul-computer-vision-ga-1-2026\test\test_1112.npy,0d666d7d85b575a1f1c1ca9497ea4c11b7217deb,1,0,1.0,0,95.1485262345679,31.392302258504895,1.595332639570962,18.0,255.0,1.0,1.0,1.0,1.0,1.0,0,2,0
test,1039,data\processed\exp_001_faces_224\test\1039.png,data\raw\kul-computer-vision-ga-1-2026\test\test_1039.npy,c06055df4848a4817e80ddf3926b410f67fce649,0,26,0.59375,0,96.8371847429519,83.8012864376497,3.037776520373069,0.0,255.0,0.0,0.59375,1.0,1.0,0.36875,0,0,0
test,645,data\processed\exp_001_faces_224\test\645.png,data\raw\kul-computer-vision-ga-1-2026\test\test_645.npy,c5dd35083be5d57ecf3dd16c456e71c3b1774c20,0,27,0.578125,0,102.49004571026722,65.14492293259569,3.2484406753074255,0.0,255.0,0.0,0.578125,1.0,1.0,0.365625,2,2,2
test,1448,data\processed\exp_001_faces_224\test\1448.png,data\raw\kul-computer-vision-ga-1-2026\test\test_1448.npy,91b9d4ed5849c5c5d6da90d1748b66db6481351b,0,27,0.578125,0,85.76735555555555,59.567197245409986,3.2557395020438498,0.0,248.0,0.0,0.578125,1.0,1.0,0.365625,0,0,0
test,650,data\processed\exp_001_faces_224\test\650.png,data\raw\kul-computer-vision-ga-1-2026\test\test_650.npy,e8588837d5829aad6f1e663c84186f6eb5e3e41a,0,30,0.53125,0,63.330350328089395,41.87724862531543,2.2694097460221627,0.0,255.0,0.0,0.53125,1.0,1.0,0.35624999999999996,0,0,0
test,130,data\processed\exp_001_faces_224\test\130.png,data\raw\kul-computer-vision-ga-1-2026\test\test_130.npy,67ea65a9ab545cfd631d0ecb4ce660411b05996c,0,32,0.5,0,221.20948508634223,19.920553399995566,1.180658400644798,36.0,255.0,0.0,0.5,1.0,1.0,0.35,0,0,0
test,1121,data\processed\exp_001_faces_224\test\1121.png,data\raw\kul-computer-vision-ga-1-2026\test\test_1121.npy,67ea65a9ab545cfd631d0ecb4ce660411b05996c,0,32,0.5,0,221.20948508634223,19.920553399995566,1.180658400644798,36.0,255.0,0.0,0.5,1.0,1.0,0.35,0,0,0
test,1244,data\processed\exp_001_faces_224\test\1244.png,data\raw\kul-computer-vision-ga-1-2026\test\test_1244.npy,67ea65a9ab545cfd631d0ecb4ce660411b05996c,0,32,0.5,0,221.20948508634223,19.920553399995566,1.180658400644798,36.0,255.0,0.0,0.5,1.0,1.0,0.35,0,0,0
test,373,data\processed\exp_001_faces_224\test\373.png,data\raw\kul-computer-vision-ga-1-2026\test\test_373.npy,69175256328e015ee048b662eccfc710515596e6,0,26,0.59375,0,63.50199864498645,77.0088443443062,3.539274338409933,0.0,255.0,0.0,0.59375,0.8186370765832707,1.0,0.3415455614874906,1,1,1
test,920,data\processed\exp_001_faces_224\test\920.png,data\raw\kul-computer-vision-ga-1-2026\test\test_920.npy,393dc885e9f5af139153533491c244ff68cb48b8,0,10,0.84375,1,45.978959552094175,50.64755648704594,1.5218964562633932,0.0,246.0,0.0,0.84375,1.0,0.0,0.31875,0,0,0
test,190,data\processed\exp_001_faces_224\test\190.png,data\raw\kul-computer-vision-ga-1-2026\test\test_190.npy,1d82d21640f6f99a85658e0c22702f6a910a2b29,0,11,0.828125,1,45.14806060349331,50.03619137031326,1.434955402546743,0.0,247.0,0.0,0.828125,1.0,0.0,0.31562500000000004,0,0,0
test,406,data\processed\exp_001_faces_224\test\406.png,data\raw\kul-computer-vision-ga-1-2026\test\test_406.npy,a8e18fc18c7ab4edc3e450ec256af4b102193a28,0,15,0.765625,1,46.06218967013889,53.49291152885416,2.434191358977598,0.0,255.0,0.0,0.765625,1.0,0.0,0.303125,1,1,1
test,839,data\processed\exp_001_faces_224\test\839.png,data\raw\kul-computer-vision-ga-1-2026\test\test_839.npy,203efc95c92ace7378f582784caede717c2eca9f,0,17,0.734375,1,70.12971193415638,78.51755633092762,2.8419440554412017,0.0,255.0,0.0,0.734375,1.0,0.0,0.296875,0,0,0
test,1398,data\processed\exp_001_faces_224\test\1398.png,data\raw\kul-computer-vision-ga-1-2026\test\test_1398.npy,5c7f1df0213131dfa863c549e65722aef72cf991,0,17,0.734375,1,43.277270781893,51.11930642758944,2.9569809453105664,0.0,255.0,0.0,0.734375,1.0,0.0,0.296875,2,2,2
test,1677,data\processed\exp_001_faces_224\test\1677.png,data\raw\kul-computer-vision-ga-1-2026\test\test_1677.npy,e6a78bb4d4800894acc8cb1971d2bd1708fe1f82,0,17,0.734375,6,92.59285025145479,68.93577068363695,2.8105440672763233,0.0,255.0,0.0,0.734375,1.0,0.0,0.296875,0,0,0
test,1715,data\processed\exp_001_faces_224\test\1715.png,data\raw\kul-computer-vision-ga-1-2026\test\test_1715.npy,5954f143106de2d05938f5a6b1856360a38e8d8a,0,17,0.734375,3,87.92970574632905,57.58157347710177,3.0838984165191103,0.0,255.0,0.0,0.734375,1.0,0.0,0.296875,0,0,0
test,160,data\processed\exp_001_faces_224\test\160.png,data\raw\kul-computer-vision-ga-1-2026\test\test_160.npy,bf8defff75e7757e7adddae40431e2e2af21d8d4,0,18,0.71875,1,43.9632190957191,65.25828354628632,2.541315797836762,0.0,255.0,0.0,0.71875,1.0,0.0,0.29375,1,1,1
test,1749,data\processed\exp_001_faces_224\test\1749.png,data\raw\kul-computer-vision-ga-1-2026\test\test_1749.npy,fad9822e2acc13cdc30fe0a8c51e7e89325eab9d,0,18,0.71875,1,48.940353334316185,34.59037399142219,2.3887454160562207,0.0,255.0,0.0,0.71875,1.0,0.0,0.29375,1,1,1
test,64,data\processed\exp_001_faces_224\test\64.png,data\raw\kul-computer-vision-ga-1-2026\test\test_64.npy,aebc8b60a88e4a6d1da65d3fc906aefd05ee4221,0,19,0.703125,1,89.11433073722635,66.53009793105566,2.8839794710325375,0.0,248.0,0.0,0.703125,1.0,0.0,0.290625,0,0,0
test,1705,data\processed\exp_001_faces_224\test\1705.png,data\raw\kul-computer-vision-ga-1-2026\test\test_1705.npy,1a80d31da026d88d75c06f329a6519e783152051,0,19,0.703125,1,47.54488833932854,59.0551270678391,2.18403728623501,0.0,255.0,0.0,0.703125,1.0,0.0,0.290625,1,1,1
test,14,data\processed\exp_001_faces_224\test\14.png,data\raw\kul-computer-vision-ga-1-2026\test\test_14.npy,69ef3e7350c2076a632c1c232503b35574ad4fd1,0,20,0.6875,1,132.006535778621,78.84862258273247,3.129043257549192,0.0,255.0,0.0,0.6875,1.0,0.0,0.2875,0,0,0
test,488,data\processed\exp_001_faces_224\test\488.png,data\raw\kul-computer-vision-ga-1-2026\test\test_488.npy,b2c7c8e4347a8c116b01a60731bf78d0d002c6d1,0,20,0.6875,4,103.48417843691149,69.26218815891362,3.127821853246296,2.0,255.0,0.0,0.6875,1.0,0.0,0.2875,0,0,0
test,533,data\processed\exp_001_faces_224\test\533.png,data\raw\kul-computer-vision-ga-1-2026\test\test_533.npy,3ad2939069965fb1036e5ee22ac51710e6366f78,0,20,0.6875,1,62.3297827903091,39.523878887535474,2.471775479733412,0.0,255.0,0.0,0.6875,1.0,0.0,0.2875,1,1,1
test,1026,data\processed\exp_001_faces_224\test\1026.png,data\raw\kul-computer-vision-ga-1-2026\test\test_1026.npy,ddf557fad5b25bcb33b53761da21bb6b2e345861,0,20,0.6875,1,70.03168609306368,58.2553195480189,2.4177954733040092,0.0,255.0,0.0,0.6875,1.0,0.0,0.2875,1,1,1
test,682,data\processed\exp_001_faces_224\test\682.png,data\raw\kul-computer-vision-ga-1-2026\test\test_682.npy,e5463700f0fa62c151615b89196c068d8f333cd9,0,21,0.671875,1,53.98609293590209,55.25003856138363,2.792223203298041,0.0,255.0,0.0,0.671875,1.0,0.0,0.284375,2,2,2
test,1200,data\processed\exp_001_faces_224\test\1200.png,data\raw\kul-computer-vision-ga-1-2026\test\test_1200.npy,6f18acae6cda0d21ba7957e2409f27d23b8fb802,0,21,0.671875,1,48.24476581183772,67.15321454729292,2.2128439954192216,0.0,255.0,0.0,0.671875,1.0,0.0,0.284375,2,2,2
test,1427,data\processed\exp_001_faces_224\test\1427.png,data\raw\kul-computer-vision-ga-1-2026\test\test_1427.npy,3a83a36fa1b3ffb824ac03d115204048b4033571,0,21,0.671875,1,102.00544936157792,41.585014912151806,2.531112068528376,0.0,234.0,0.0,0.671875,1.0,0.0,0.284375,0,0,0
test,1773,data\processed\exp_001_faces_224\test\1773.png,data\raw\kul-computer-vision-ga-1-2026\test\test_1773.npy,ed2163dbd2b63326af4e259ea126fd5bfc51a040,0,21,0.671875,1,28.041893760980898,49.88982770654672,1.5784819091534017,0.0,255.0,0.0,0.671875,1.0,0.0,0.284375,1,1,1
test,874,data\processed\exp_001_faces_224\test\874.png,data\raw\kul-computer-vision-ga-1-2026\test\test_874.npy,d1352b077a5d75c4ca27a488f46bbf8c6c2307dd,0,20,0.6875,1,42.38042472605314,64.01517143489306,3.3439696801263334,0.0,255.0,0.0,0.6875,0.972337644285795,0.0,0.28335064664286924,0,0,0
test,268,data\processed\exp_001_faces_224\test\268.png,data\raw\kul-computer-vision-ga-1-2026\test\test_268.npy,9fead67cf62ba9a717f4ebb1c06f1447a3cf7c29,0,18,0.71875,1,25.917237580128205,44.75529924196269,3.401954619523959,0.0,236.0,0.0,0.71875,0.9267047434531377,0.0,0.28275571151797063,2,2,2
test,25,data\processed\exp_001_faces_224\test\25.png,data\raw\kul-computer-vision-ga-1-2026\test\test_25.npy,06d73e114c89996a450385f3f5429bee409f4d4d,0,22,0.65625,1,66.49170303030303,70.12024549393699,3.2655690615196473,0.0,255.0,0.0,0.65625,1.0,0.0,0.28125,1,1,1
test,489,data\processed\exp_001_faces_224\test\489.png,data\raw\kul-computer-vision-ga-1-2026\test\test_489.npy,6a54f8fd7817e586c62097f82052b99910872d93,0,22,0.65625,1,24.53008808808809,36.067852328407795,2.4121574994423645,0.0,255.0,0.0,0.65625,1.0,0.0,0.28125,0,0,0
test,599,data\processed\exp_001_faces_224\test\599.png,data\raw\kul-computer-vision-ga-1-2026\test\test_599.npy,af51f1298f2be373e8dfddaa76acc8e6f9a04130,0,22,0.65625,1,84.2828354053354,63.50947255110129,2.9219976303204085,0.0,255.0,0.0,0.65625,1.0,0.0,0.28125,2,2,2
test,710,data\processed\exp_001_faces_224\test\710.png,data\raw\kul-computer-vision-ga-1-2026\test\test_710.npy,5e06cf99b42347cb9a7f592a6aaf915fe4d2bf95,0,22,0.65625,1,71.59489352302798,63.850243377919455,1.8234939181032175,0.0,255.0,0.0,0.65625,1.0,0.0,0.28125,1,1,1
test,1124,data\processed\exp_001_faces_224\test\1124.png,data\raw\kul-computer-vision-ga-1-2026\test\test_1124.npy,c66820e4425d18e3b374d44ad6f00f97589c407d,0,22,0.65625,1,84.05696192059828,69.10798274657986,2.926019231275962,0.0,255.0,0.0,0.65625,1.0,0.0,0.28125,0,0,0
test,1298,data\processed\exp_001_faces_224\test\1298.png,data\raw\kul-computer-vision-ga-1-2026\test\test_1298.npy,db72eac2886e6edfd804cbe535e3b41e8b3adf1e,0,22,0.65625,1,57.592908951794215,69.31102854961941,2.9418904533182864,0.0,255.0,0.0,0.65625,1.0,0.0,0.28125,2,2,2
test,1459,data\processed\exp_001_faces_224\test\1459.png,data\raw\kul-computer-vision-ga-1-2026\test\test_1459.npy,886ee58f8f40717325ac511a85a754c7852b07e6,0,22,0.65625,3,86.75851504914004,70.78602573654068,2.502680155946622,0.0,255.0,0.0,0.65625,1.0,0.0,0.28125,0,0,0
test,1803,data\processed\exp_001_faces_224\test\1803.png,data\raw\kul-computer-vision-ga-1-2026\test\test_1803.npy,94193f7b79741f42f7db2b4cf2512994d6cc9482,0,22,0.65625,2,121.24916336229927,83.27489761501491,2.6723008892023223,0.0,255.0,0.0,0.65625,1.0,0.0,0.28125,0,0,0
test,74,data\processed\exp_001_faces_224\test\74.png,data\raw\kul-computer-vision-ga-1-2026\test\test_74.npy,469e4b89a00b0a977b76985ac5598f101f03ca16,0,23,0.640625,1,101.60799950174389,90.38792025947431,3.1899108575286528,0.0,255.0,0.0,0.640625,1.0,0.0,0.278125,1,1,1
test,209,data\processed\exp_001_faces_224\test\209.png,data\raw\kul-computer-vision-ga-1-2026\test\test_209.npy,9d98a6e806642880e30e07558322ddf213d17336,0,23,0.640625,1,40.39575454287337,39.95936437145845,1.9452737719747377,0.0,255.0,0.0,0.640625,1.0,0.0,0.278125,1,1,1
test,602,data\processed\exp_001_faces_224\test\602.png,data\raw\kul-computer-vision-ga-1-2026\test\test_602.npy,819f861eb8b4514c29b9500b1f6ab2f5d2129bee,0,23,0.640625,1,69.22288312815657,47.43754489013934,2.738966113028831,0.0,255.0,0.0,0.640625,1.0,0.0,0.278125,2,2,2
test,866,data\processed\exp_001_faces_224\test\866.png,data\raw\kul-computer-vision-ga-1-2026\test\test_866.npy,f85edecc79d383d5bd8c0095de1c47cd6e7ee671,0,23,0.640625,2,45.34650848765432,58.90226156275742,3.2696227262740187,0.0,255.0,0.0,0.640625,1.0,0.0,0.278125,0,0,0
test,1326,data\processed\exp_001_faces_224\test\1326.png,data\raw\kul-computer-vision-ga-1-2026\test\test_1326.npy,a64e15dad9f61d4ad61ecad6c5854e36e197e25c,0,23,0.640625,1,34.74327425373134,50.870433802938656,3.2176254402496824,0.0,255.0,0.0,0.640625,1.0,0.0,0.278125,0,0,0
test,1375,data\processed\exp_001_faces_224\test\1375.png,data\raw\kul-computer-vision-ga-1-2026\test\test_1375.npy,d071a0b8680c468c7a9a6dba36d155ccb8d85071,0,23,0.640625,1,59.16876746960067,34.017937489121245,2.802632956704418,0.0,251.0,0.0,0.640625,1.0,0.0,0.278125,1,1,1
test,1584,data\processed\exp_001_faces_224\test\1584.png,data\raw\kul-computer-vision-ga-1-2026\test\test_1584.npy,454d26a9898c49aba8b31c29a6b2eb22748f01c9,0,23,0.640625,2,66.1080218571801,67.1432872094111,2.902253003706672,0.0,255.0,0.0,0.640625,1.0,0.0,0.278125,0,0,0
test,126,data\processed\exp_001_faces_224\test\126.png,data\raw\kul-computer-vision-ga-1-2026\test\test_126.npy,67692cb108106b1d6ffc195a9e28ef9d71791e67,0,24,0.625,1,100.3834136594061,79.85422454958085,3.1341030010891844,0.0,255.0,0.0,0.625,1.0,0.0,0.275,0,0,0
test,362,data\processed\exp_001_faces_224\test\362.png,data\raw\kul-computer-vision-ga-1-2026\test\test_362.npy,7e72f7b924b88d60b69cb17a6c68fa3b0ae12ed7,0,24,0.625,1,41.370894004282654,43.89531494652122,3.1856690420624796,0.0,255.0,0.0,0.625,1.0,0.0,0.275,0,0,0
test,453,data\processed\exp_001_faces_224\test\453.png,data\raw\kul-computer-vision-ga-1-2026\test\test_453.npy,f797f1316656c13fa740299571443ee091e44d52,0,24,0.625,1,63.53378932599428,60.637547468660514,3.244696290644742,0.0,255.0,0.0,0.625,1.0,0.0,0.275,2,2,2
test,490,data\processed\exp_001_faces_224\test\490.png,data\raw\kul-computer-vision-ga-1-2026\test\test_490.npy,9732844d5f4ec7fa0f0c14acd8dff10b74013946,0,24,0.625,1,149.48682443957114,70.80025872562285,2.0307995981362756,0.0,255.0,0.0,0.625,1.0,0.0,0.275,0,0,1
test,580,data\processed\exp_001_faces_224\test\580.png,data\raw\kul-computer-vision-ga-1-2026\test\test_580.npy,b64875a0814ab449fc539ccbf4049ab021fa1817,0,24,0.625,1,134.44148383445258,63.508150103808404,1.790693892295171,0.0,255.0,0.0,0.625,1.0,0.0,0.275,0,0,0
test,746,data\processed\exp_001_faces_224\test\746.png,data\raw\kul-computer-vision-ga-1-2026\test\test_746.npy,03c20df89e414d0bfd96f5f342e0f37964224be8,0,24,0.625,1,85.50004755434783,50.82125399215071,2.293493779901924,0.0,255.0,0.0,0.625,1.0,0.0,0.275,0,0,0
test,1014,data\processed\exp_001_faces_224\test\1014.png,data\raw\kul-computer-vision-ga-1-2026\test\test_1014.npy,8373f98363f4df63869b4918721a88472731a6d6,0,24,0.625,1,97.71514608940252,82.58103473106816,0.7091616411549437,0.0,255.0,0.0,0.625,1.0,0.0,0.275,1,1,1
test,1041,data\processed\exp_001_faces_224\test\1041.png,data\raw\kul-computer-vision-ga-1-2026\test\test_1041.npy,c17024fb589ae5a3a56c715bc2ed730143ebb517,0,24,0.625,4,56.847509144947416,58.26976509773765,3.23743971138022,2.0,255.0,0.0,0.625,1.0,0.0,0.275,0,0,0
test,1280,data\processed\exp_001_faces_224\test\1280.png,data\raw\kul-computer-vision-ga-1-2026\test\test_1280.npy,89f377e768fe38d2f30f1be04dee218ec7562abc,0,24,0.625,3,60.30285135135135,47.56540626496402,2.325527675492482,0.0,251.0,0.0,0.625,1.0,0.0,0.275,1,1,1
test,1397,data\processed\exp_001_faces_224\test\1397.png,data\raw\kul-computer-vision-ga-1-2026\test\test_1397.npy,b7244c813157618b7a36e25ee760facf7ac4f77a,0,24,0.625,1,155.87317901234567,59.718767766388616,3.041365585072608,0.0,255.0,0.0,0.625,1.0,0.0,0.275,0,0,0
test,1669,data\processed\exp_001_faces_224\test\1669.png,data\raw\kul-computer-vision-ga-1-2026\test\test_1669.npy,dfc787ae7fdb1f6cd68fe149bc9d8e02ea22933e,0,24,0.625,1,30.78687176052647,39.425548639898985,3.0068079150645355,0.0,255.0,0.0,0.625,1.0,0.0,0.275,1,1,1
test,1716,data\processed\exp_001_faces_224\test\1716.png,data\raw\kul-computer-vision-ga-1-2026\test\test_1716.npy,b64875a0814ab449fc539ccbf4049ab021fa1817,0,24,0.625,1,134.44148383445258,63.508150103808404,1.790693892295171,0.0,255.0,0.0,0.625,1.0,0.0,0.275,0,0,0
test,16,data\processed\exp_001_faces_224\test\16.png,data\raw\kul-computer-vision-ga-1-2026\test\test_16.npy,58934581e0e158d78069c4b7a1cc837cdcb0c081,0,25,0.609375,1,71.9515359168242,41.4623972845003,2.294341131309304,0.0,250.0,0.0,0.609375,1.0,0.0,0.271875,1,1,1
test,430,data\processed\exp_001_faces_224\test\430.png,data\raw\kul-computer-vision-ga-1-2026\test\test_430.npy,ecdb76af3e1fdf45ebb737e2a29d5dbc8027300e,0,25,0.609375,1,55.03685590380446,35.55825678992575,1.6326748624519294,0.0,255.0,0.0,0.609375,1.0,0.0,0.271875,1,1,1
test,779,data\processed\exp_001_faces_224\test\779.png,data\raw\kul-computer-vision-ga-1-2026\test\test_779.npy,3fbcea45522e97848b66ca256b541aa936ea3e1b,0,25,0.609375,1,71.84009609325771,72.34292183108302,2.3795814783240186,0.0,255.0,0.0,0.609375,1.0,0.0,0.271875,0,0,0
test,810,data\processed\exp_001_faces_224\test\810.png,data\raw\kul-computer-vision-ga-1-2026\test\test_810.npy,0d375c043c0c95ba32560cd4af80a0f47bfd9c7b,0,25,0.609375,1,77.50887612951807,67.41712623412646,3.163055677957825,0.0,255.0,0.0,0.609375,1.0,0.0,0.271875,0,0,0
test,851,data\processed\exp_001_faces_224\test\851.png,data\raw\kul-computer-vision-ga-1-2026\test\test_851.npy,aa23f48432022d09a635f4e0e0055ffdb21b23dc,0,25,0.609375,1,160.07582843020555,81.11955241617781,3.219197848060777,0.0,255.0,0.0,0.609375,1.0,0.0,0.271875,0,0,0
test,876,data\processed\exp_001_faces_224\test\876.png,data\raw\kul-computer-vision-ga-1-2026\test\test_876.npy,9bbe5b1a8bd1ef1f7fb1e128de0667613e1dc4f9,0,25,0.609375,1,71.91119775257299,41.50241290379103,2.148615657378943,0.0,241.0,0.0,0.609375,1.0,0.0,0.271875,1,1,1
test,908,data\processed\exp_001_faces_224\test\908.png,data\raw\kul-computer-vision-ga-1-2026\test\test_908.npy,6fbf5507804b459e1656acd8265d1387ca98c256,0,25,0.609375,1,47.872442810457514,55.36785199661399,3.0661012979035602,0.0,255.0,0.0,0.609375,1.0,0.0,0.271875,0,0,0
test,941,data\processed\exp_001_faces_224\test\941.png,data\raw\kul-computer-vision-ga-1-2026\test\test_941.npy,da6b718d1af3c8b4debf0793ae0c8f10ba75d0bf,0,25,0.609375,1,66.13918598629701,39.5006541719893,1.8895151379231383,0.0,235.0,0.0,0.609375,1.0,0.0,0.271875,1,1,1
test,1736,data\processed\exp_001_faces_224\test\1736.png,data\raw\kul-computer-vision-ga-1-2026\test\test_1736.npy,12d302a9f1d3917b92afca33da4eb5b3ea8d9a08,0,23,0.640625,1,75.80809685841466,68.0209824808834,3.364372769991161,0.0,255.0,0.0,0.640625,0.9562808511572056,0.0,0.2715671276735808,2,2,2
test,442,data\processed\exp_001_faces_224\test\442.png,data\raw\kul-computer-vision-ga-1-2026\test\test_442.npy,0fab76bea4dfb88423f99475fcd3d3aab660db52,0,29,0.546875,0,99.38170286991999,66.41582062462528,4.069461701299212,0.0,255.0,0.0,0.546875,0.4013910191622766,1.0,0.2695836528743415,0,0,0
test,342,data\processed\exp_001_faces_224\test\342.png,data\raw\kul-computer-vision-ga-1-2026\test\test_342.npy,786e90a959d59a4263d874acd71bf6bf42de4ade,0,26,0.59375,1,89.87579830706363,68.90638950975789,2.325607670347118,0.0,255.0,0.0,0.59375,1.0,0.0,0.26875,0,0,0
test,415,data\processed\exp_001_faces_224\test\415.png,data\raw\kul-computer-vision-ga-1-2026\test\test_415.npy,1a7af958e3915030699a71e410028983f985c8b7,0,26,0.59375,1,67.53832892416226,67.306301668547,2.28457281322365,0.0,255.0,0.0,0.59375,1.0,0.0,0.26875,2,2,2
test,607,data\processed\exp_001_faces_224\test\607.png,data\raw\kul-computer-vision-ga-1-2026\test\test_607.npy,ddfb409423486e8506f2c4737fb95c73375b5fac,0,26,0.59375,1,126.83395626748029,72.20849488862773,2.145861389476091,0.0,255.0,0.0,0.59375,1.0,0.0,0.26875,1,1,1
test,728,data\processed\exp_001_faces_224\test\728.png,data\raw\kul-computer-vision-ga-1-2026\test\test_728.npy,7b0ea5ae34f5855764dca95c24760baef928bd63,0,26,0.59375,5,81.17263020833333,68.49614048659375,2.2870436633169247,0.0,255.0,0.0,0.59375,1.0,0.0,0.26875,0,0,0
test,750,data\processed\exp_001_faces_224\test\750.png,data\raw\kul-computer-vision-ga-1-2026\test\test_750.npy,1e286b928bc49e6d399c4c1d87cc98bf40977353,0,26,0.59375,1,94.72008453159042,68.29023540831862,2.5010549464012257,0.0,241.0,0.0,0.59375,1.0,0.0,0.26875,0,0,0
test,973,data\processed\exp_001_faces_224\test\973.png,data\raw\kul-computer-vision-ga-1-2026\test\test_973.npy,6d5faa7630766f95788e3d50c82c39620671ed47,0,26,0.59375,1,40.98348748882931,65.05049064904836,2.2225364480388974,0.0,255.0,0.0,0.59375,1.0,0.0,0.26875,1,1,1
test,1791,data\processed\exp_001_faces_224\test\1791.png,data\raw\kul-computer-vision-ga-1-2026\test\test_1791.npy,786e90a959d59a4263d874acd71bf6bf42de4ade,0,26,0.59375,1,89.87579830706363,68.90638950975789,2.325607670347118,0.0,255.0,0.0,0.59375,1.0,0.0,0.26875,0,0,0
test,1442,data\processed\exp_001_faces_224\test\1442.png,data\raw\kul-computer-vision-ga-1-2026\test\test_1442.npy,752b0651c28c298569462d308137fac9b90d02a0,0,23,0.640625,1,87.6049240681086,74.02986829070194,3.3924769010220848,0.0,255.0,0.0,0.640625,0.9341635041763331,0.0,0.26824952562645,0,0,1
test,612,data\processed\exp_001_faces_224\test\612.png,data\raw\kul-computer-vision-ga-1-2026\test\test_612.npy,992a5eab899514d48fa57ab4e8d0e3fea176b11b,0,27,0.578125,0,131.112916,68.54898968847229,4.135741482965932,0.0,255.0,0.0,0.578125,0.3492302557739227,1.0,0.26800953836608843,0,0,0
test,1094,data\processed\exp_001_faces_224\test\1094.png,data\raw\kul-computer-vision-ga-1-2026\test\test_1094.npy,96d25cbd88150348790d1489a5755dc7f3517d0a,0,17,0.734375,1,31.151473765432097,50.048998323318344,3.553904021881814,0.0,255.0,0.0,0.734375,0.8071238301778975,0.0,0.2679435745266846,0,0,0
test,587,data\processed\exp_001_faces_224\test\587.png,data\raw\kul-computer-vision-ga-1-2026\test\test_587.npy,16390f0b5e447896b86652a9f3dbbac74f2fd9fe,0,24,0.625,1,95.57491108753977,62.67532228964004,3.369912142046617,0.0,255.0,0.0,0.625,0.9519214844266755,0.0,0.2677882226640013,0,0,0
test,786,data\processed\exp_001_faces_224\test\786.png,data\raw\kul-computer-vision-ga-1-2026\test\test_786.npy,956783679b6fe1b3a310fa9b2e77e520f01eab41,0,15,0.765625,1,88.7767241278526,80.32352778740511,3.6166809246363743,0.0,255.0,0.0,0.765625,0.7577197571937747,0.0,0.2667829635790662,1,1,1
test,183,data\processed\exp_001_faces_224\test\183.png,data\raw\kul-computer-vision-ga-1-2026\test\test_183.npy,6f00c8c31550e021af73ed5e7c371458958ade2d,0,24,0.625,1,77.72578984287317,61.79141552817863,3.384997790807382,0.0,255.0,0.0,0.625,0.9400494031406083,0.0,0.2660074104710912,0,0,0
test,37,data\processed\exp_001_faces_224\test\37.png,data\raw\kul-computer-vision-ga-1-2026\test\test_37.npy,f9bec56334b303d9c19359b353cdb4245661f742,0,26,0.59375,1,142.2058033033033,87.4069854886757,3.3336872463663183,0.0,255.0,0.0,0.59375,0.9804296986185853,0.0,0.2658144547927878,0,0,0
test,49,data\processed\exp_001_faces_224\test\49.png,data\raw\kul-computer-vision-ga-1-2026\test\test_49.npy,66e3aa6a7164e1b3fdd1fb4574ed1dfcf7755e35,0,27,0.578125,1,59.96896806896807,63.81751718817009,3.0538519565775886,0.0,255.0,0.0,0.578125,1.0,0.0,0.265625,0,0,0
test,223,data\processed\exp_001_faces_224\test\223.png,data\raw\kul-computer-vision-ga-1-2026\test\test_223.npy,11dfc8c0ff6ade46d61c83cced22a52f1f0bca5b,0,27,0.578125,1,117.47462894515253,81.40807386299717,2.3815139227462305,0.0,255.0,0.0,0.578125,1.0,0.0,0.265625,0,0,0
test,229,data\processed\exp_001_faces_224\test\229.png,data\raw\kul-computer-vision-ga-1-2026\test\test_229.npy,af88fd2d4a342ec0738311812cdd352d15e9cbb8,0,27,0.578125,1,109.84845466618376,55.35307273898317,3.123719459551256,0.0,255.0,0.0,0.578125,1.0,0.0,0.265625,2,2,2
test,375,data\processed\exp_001_faces_224\test\375.png,data\raw\kul-computer-vision-ga-1-2026\test\test_375.npy,ec3f294049c6475d2efeb89de296db7fe39f968e,0,27,0.578125,1,117.38405015797788,81.28099197198624,3.106634213341589,0.0,255.0,0.0,0.578125,1.0,0.0,0.265625,0,0,0
test,419,data\processed\exp_001_faces_224\test\419.png,data\raw\kul-computer-vision-ga-1-2026\test\test_419.npy,d65acd1b14fb934696dcd14e56f5d3b17c898d5e,0,27,0.578125,1,74.17498394595566,72.96952391089012,1.7639554340396484,5.0,255.0,0.0,0.578125,1.0,0.0,0.265625,0,0,0
test,497,data\processed\exp_001_faces_224\test\497.png,data\raw\kul-computer-vision-ga-1-2026\test\test_497.npy,a242bc95a8841801dc418c9b37b7e6a7fb819407,0,27,0.578125,1,93.21298094582185,54.72392180543033,2.9846613579984265,0.0,255.0,0.0,0.578125,1.0,0.0,0.265625,0,0,0
test,597,data\processed\exp_001_faces_224\test\597.png,data\raw\kul-computer-vision-ga-1-2026\test\test_597.npy,37d42bff54d56d41bc0dc80fffebb0494e65aea9,0,27,0.578125,2,86.10988283957035,66.43971493068207,2.7408214712813006,0.0,255.0,0.0,0.578125,1.0,0.0,0.265625,0,0,0
test,679,data\processed\exp_001_faces_224\test\679.png,data\raw\kul-computer-vision-ga-1-2026\test\test_679.npy,d1350355d7ccb675ad14a5c997d9ba6612d13a9c,0,27,0.578125,1,130.79748417745307,71.00323655617306,2.9539921580024027,0.0,255.0,0.0,0.578125,1.0,0.0,0.265625,0,0,0
test,773,data\processed\exp_001_faces_224\test\773.png,data\raw\kul-computer-vision-ga-1-2026\test\test_773.npy,8fe20064740f32de4e55ee02a4fdd93e56d50701,0,27,0.578125,1,72.97169198443811,52.36871066510301,1.9153150929137825,0.0,255.0,0.0,0.578125,1.0,0.0,0.265625,1,1,1
test,1325,data\processed\exp_001_faces_224\test\1325.png,data\raw\kul-computer-vision-ga-1-2026\test\test_1325.npy,9e68303c076e4937b66938d26e8d83b8f4611eeb,0,27,0.578125,1,117.67118834080718,84.9123578223135,2.9750044603272707,0.0,255.0,0.0,0.578125,1.0,0.0,0.265625,1,1,1
test,1441,data\processed\exp_001_faces_224\test\1441.png,data\raw\kul-computer-vision-ga-1-2026\test\test_1441.npy,a156c82029de39adc0220258e22939a4ce735f68,0,27,0.578125,1,92.8125301728395,74.022832909534,2.894228781031006,0.0,255.0,0.0,0.578125,1.0,0.0,0.265625,2,2,2
test,1476,data\processed\exp_001_faces_224\test\1476.png,data\raw\kul-computer-vision-ga-1-2026\test\test_1476.npy,0f192bdaeaff29a5046cbd860a5ff5cc28d161ff,0,27,0.578125,1,107.64541064145347,76.54534301957813,1.9549878540992616,0.0,255.0,0.0,0.578125,1.0,0.0,0.265625,0,0,0
test,1599,data\processed\exp_001_faces_224\test\1599.png,data\raw\kul-computer-vision-ga-1-2026\test\test_1599.npy,1481fe836fec4c8a68deb1f35d41095e033f9eca,0,27,0.578125,1,54.92497725795971,71.33671494541582,3.168129018334631,0.0,255.0,0.0,0.578125,1.0,0.0,0.265625,1,1,1
test,708,data\processed\exp_001_faces_224\test\708.png,data\raw\kul-computer-vision-ga-1-2026\test\test_708.npy,c1030eba80ca002d14b991fb6d2b094f5b06ce77,0,22,0.65625,1,181.5638460061444,71.01767935942716,3.4465797209979145,0.0,255.0,0.0,0.65625,0.8915857478766473,0.0,0.2649878621814971,2,2,2
test,82,data\processed\exp_001_faces_224\test\82.png,data\raw\kul-computer-vision-ga-1-2026\test\test_82.npy,5498178e0b922ca9a440de8323e5b5a53c159b31,0,26,0.59375,1,95.79109791666667,61.21721332955499,3.349084168755221,0.0,255.0,0.0,0.59375,0.9683126516784676,0.0,0.26399689775177015,2,2,2
test,228,data\processed\exp_001_faces_224\test\228.png,data\raw\kul-computer-vision-ga-1-2026\test\test_228.npy,93dd18f9a58388b2854b0e49375d403fe04a4741,0,19,0.703125,2,98.25274627720503,74.90586333250155,3.5469047730169914,2.0,255.0,0.0,0.703125,0.8126320885751566,0.0,0.2625198132862735,2,2,2
test,635,data\processed\exp_001_faces_224\test\635.png,data\raw\kul-computer-vision-ga-1-2026\test\test_635.npy,a278871b1a74bb5fc539cb47b335e806d548a9dc,0,28,0.5625,1,96.36287083333333,63.28997370816757,2.4886998789469494,0.0,255.0,0.0,0.5625,1.0,0.0,0.2625,0,0,0
test,1116,data\processed\exp_001_faces_224\test\1116.png,data\raw\kul-computer-vision-ga-1-2026\test\test_1116.npy,2ce46a5cbb597df3f78c5893fa8c9c6452d56329,0,28,0.5625,1,120.31790653314259,72.02915492747292,3.1977032618622454,0.0,247.0,0.0,0.5625,1.0,0.0,0.2625,2,2,2
test,1206,data\processed\exp_001_faces_224\test\1206.png,data\raw\kul-computer-vision-ga-1-2026\test\test_1206.npy,47c8d52e44924dbfcbc43608f79ff8fc2adb5875,0,28,0.5625,1,116.2923328335832,73.34028502181884,2.6847850016718935,0.0,255.0,0.0,0.5625,1.0,0.0,0.2625,1,1,1
test,1467,data\processed\exp_001_faces_224\test\1467.png,data\raw\kul-computer-vision-ga-1-2026\test\test_1467.npy,3f997abbb6465a30337eec58e2b12da40b5a3931,0,28,0.5625,1,96.6544209382716,55.73927930980354,3.2179663865339196,0.0,255.0,0.0,0.5625,1.0,0.0,0.2625,2,2,2
test,1251,data\processed\exp_001_faces_224\test\1251.png,data\raw\kul-computer-vision-ga-1-2026\test\test_1251.npy,a358051d78fc441a66b137240d3affe6f536c489,0,20,0.6875,1,42.22334946636882,61.31073024914184,3.534871667963923,0.0,255.0,0.0,0.6875,0.8221018835822734,0.0,0.260815282537341,0,0,0
test,517,data\processed\exp_001_faces_224\test\517.png,data\raw\kul-computer-vision-ga-1-2026\test\test_517.npy,38cca53f3b6570ae8f7cc342fce18bc0bef63e56,0,20,0.6875,1,140.9271483375959,75.64506492688733,3.541083170936038,0.0,255.0,0.0,0.6875,0.8172135642687952,0.0,0.2600820346403193,2,2,2
test,644,data\processed\exp_001_faces_224\test\644.png,data\raw\kul-computer-vision-ga-1-2026\test\test_644.npy,b6b379dfad38fd94d5138eef49ae0fe26f49ecb0,0,24,0.625,1,126.85385767155408,72.56144210193867,3.4360979317585647,0.0,255.0,0.0,0.625,0.8998346906862288,0.0,0.2599752036029343,2,2,2
test,632,data\processed\exp_001_faces_224\test\632.png,data\raw\kul-computer-vision-ga-1-2026\test\test_632.npy,4a3c51aacadb644edc8cf59553f8905020d15c2c,0,26,0.59375,1,69.11149467953477,64.23793742656004,3.387364937353264,0.0,251.0,0.0,0.59375,0.9381865096943657,0.0,0.2594779764541549,1,1,1
test,3,data\processed\exp_001_faces_224\test\3.png,data\raw\kul-computer-vision-ga-1-2026\test\test_3.npy,77be4b45a519e71160dd34c47a6f82209f07fe88,0,29,0.546875,1,74.6746311584554,76.49504896359319,1.8402975266324928,0.0,255.0,0.0,0.546875,1.0,0.0,0.259375,0,0,0
test,52,data\processed\exp_001_faces_224\test\52.png,data\raw\kul-computer-vision-ga-1-2026\test\test_52.npy,d9cbfa95fd944132cddbc41b510a492ee8e7c656,0,29,0.546875,1,132.8578728170956,75.44105271066509,2.950172113511588,0.0,255.0,0.0,0.546875,1.0,0.0,0.259375,0,0,0
test,307,data\processed\exp_001_faces_224\test\307.png,data\raw\kul-computer-vision-ga-1-2026\test\test_307.npy,71054308a0d66bdc029154331559ef94745e94db,0,29,0.546875,1,108.98067799564271,50.38902511825573,1.6041548279080506,0.0,255.0,0.0,0.546875,1.0,0.0,0.259375,0,0,0
test,422,data\processed\exp_001_faces_224\test\422.png,data\raw\kul-computer-vision-ga-1-2026\test\test_422.npy,0ba1055dbc97eada44d63617969f300578ab5fc5,0,29,0.546875,1,113.26030507091113,95.26181116342828,3.033786558518269,0.0,255.0,0.0,0.546875,1.0,0.0,0.259375,0,0,0
test,832,data\processed\exp_001_faces_224\test\832.png,data\raw\kul-computer-vision-ga-1-2026\test\test_832.npy,e45da8d6bc67715a6030d34f250e1abf966ade05,0,29,0.546875,1,97.12971580143994,42.64568872214281,3.0668562570414992,0.0,255.0,0.0,0.546875,1.0,0.0,0.259375,0,0,0
test,946,data\processed\exp_001_faces_224\test\946.png,data\raw\kul-computer-vision-ga-1-2026\test\test_946.npy,3515e60937b206d95030bef3a33b6b5e326537ec,0,29,0.546875,1,150.93210164657071,70.93658670815974,2.6418824701486288,0.0,255.0,0.0,0.546875,1.0,0.0,0.259375,0,0,0
test,1205,data\processed\exp_001_faces_224\test\1205.png,data\raw\kul-computer-vision-ga-1-2026\test\test_1205.npy,5aeb631cf3dfa53f3bb2fab47627c3dbc096147b,0,29,0.546875,1,25.914807942708332,57.10879247419131,2.5531618868521186,0.0,241.0,0.0,0.546875,1.0,0.0,0.259375,0,0,0
test,1303,data\processed\exp_001_faces_224\test\1303.png,data\raw\kul-computer-vision-ga-1-2026\test\test_1303.npy,c6d420b257c357dd0813acbfc60f98707dabceb4,0,29,0.546875,1,50.04722884607942,64.54798649611564,2.587908450317551,0.0,255.0,0.0,0.546875,1.0,0.0,0.259375,1,1,1
test,1454,data\processed\exp_001_faces_224\test\1454.png,data\raw\kul-computer-vision-ga-1-2026\test\test_1454.npy,34157f651267ed33c053ec74aba5472c8f82668b,0,29,0.546875,1,65.20579241877738,72.63712962235695,2.9584212435709034,0.0,255.0,0.0,0.546875,1.0,0.0,0.259375,2,2,2
test,1499,data\processed\exp_001_faces_224\test\1499.png,data\raw\kul-computer-vision-ga-1-2026\test\test_1499.npy,440960c2962aa0b7fe49135e02854c735634bf3a,0,25,0.609375,1,42.70331501831502,49.75066445951531,3.419619842820438,0.0,255.0,0.0,0.609375,0.912802592459289,0.0,0.25879538886889336,0,0,0
test,1332,data\processed\exp_001_faces_224\test\1332.png,data\raw\kul-computer-vision-ga-1-2026\test\test_1332.npy,f8d015d8378fcd8fcb37bee1b5b75d5f5d729ab8,0,25,0.609375,1,77.35132440476191,50.23415366164915,3.4199665660768557,0.0,255.0,0.0,0.609375,0.9125297287098247,0.0,0.2587544593064737,1,1,1
test,1239,data\processed\exp_001_faces_224\test\1239.png,data\raw\kul-computer-vision-ga-1-2026\test\test_1239.npy,57175c63bed5bbe0a61ac899492fda99edebe3c8,0,29,0.546875,1,158.5069963835026,76.37057635361539,3.3270337832879937,0.0,255.0,0.0,0.546875,0.9856658310350549,0.0,0.25722487465525823,2,2,2
test,1554,data\processed\exp_001_faces_224\test\1554.png,data\raw\kul-computer-vision-ga-1-2026\test\test_1554.npy,2f171c72be28d6189ad7da06eb2591db863aa5e7,0,21,0.671875,1,55.97242107879692,71.44824581128631,3.5402685546089256,0.0,255.0,0.0,0.671875,0.8178546498068325,0.0,0.25705319747102484,0,0,0
test,1813,data\processed\exp_001_faces_224\test\1813.png,data\raw\kul-computer-vision-ga-1-2026\test\test_1813.npy,a1241cb9e3491a60edb35f05a400aa7fcefce166,0,28,0.5625,1,63.23934027777778,61.857938570770855,3.3601824310077193,0.0,255.0,0.0,0.5625,0.9595785578595505,0.0,0.2564367836789326,1,1,1
test,187,data\processed\exp_001_faces_224\test\187.png,data\raw\kul-computer-vision-ga-1-2026\test\test_187.npy,65c6b25584fd5ec6cdc6c2c70cb79acc9d8de06a,0,30,0.53125,1,131.6410402199074,48.02662275917118,3.2623170351958892,0.0,255.0,0.0,0.53125,1.0,0.0,0.25625,0,0,0
test,188,data\processed\exp_001_faces_224\test\188.png,data\raw\kul-computer-vision-ga-1-2026\test\test_188.npy,446f4e19d8f203d116e08b9bf2bb71254de65c76,0,30,0.53125,1,204.77014888642796,49.04352212724411,2.2995336860973157,0.0,255.0,0.0,0.53125,1.0,0.0,0.25625,0,0,0
test,276,data\processed\exp_001_faces_224\test\276.png,data\raw\kul-computer-vision-ga-1-2026\test\test_276.npy,7f4a62da09ab70c8ac432d69c01da10335a1f9c9,0,30,0.53125,1,142.46409212927847,92.33454221206195,2.0436652882718853,0.0,255.0,0.0,0.53125,1.0,0.0,0.25625,0,0,0
test,353,data\processed\exp_001_faces_224\test\353.png,data\raw\kul-computer-vision-ga-1-2026\test\test_353.npy,b16d8c314bc0caabb833e3f70197b722e21ab742,0,30,0.53125,1,175.23229106196638,62.1143857290933,2.1235773469854413,0.0,255.0,0.0,0.53125,1.0,0.0,0.25625,2,2,2
test,457,data\processed\exp_001_faces_224\test\457.png,data\raw\kul-computer-vision-ga-1-2026\test\test_457.npy,a011c76f059bd6ad1793e054b271e03aba84e630,0,30,0.53125,1,131.57729507998647,47.87346540809329,2.9494935377410836,0.0,255.0,0.0,0.53125,1.0,0.0,0.25625,0,0,0
test,464,data\processed\exp_001_faces_224\test\464.png,data\raw\kul-computer-vision-ga-1-2026\test\test_464.npy,b4631921863d22206d37bb761e803fc01c95a9eb,0,30,0.53125,1,110.97969315385728,85.1820365637922,3.0772590244608478,0.0,255.0,0.0,0.53125,1.0,0.0,0.25625,2,2,2
test,504,data\processed\exp_001_faces_224\test\504.png,data\raw\kul-computer-vision-ga-1-2026\test\test_504.npy,aa3fee678326b40906b3eaec7509eb61cd559047,0,30,0.53125,1,105.35346526736632,82.6817176141262,2.8482009081795434,0.0,255.0,0.0,0.53125,1.0,0.0,0.25625,1,1,1
test,626,data\processed\exp_001_faces_224\test\626.png,data\raw\kul-computer-vision-ga-1-2026\test\test_626.npy,207f6e594a4609c512332cbd2453aa0a3db31007,0,30,0.53125,1,54.71893095238095,43.38005458623532,2.6423091501316343,0.0,229.0,0.0,0.53125,1.0,0.0,0.25625,1,1,1
test,656,data\processed\exp_001_faces_224\test\656.png,data\raw\kul-computer-vision-ga-1-2026\test\test_656.npy,f6e62f0701e1082cb872feb1c15b8e2e295e0595,0,30,0.53125,1,41.98935546875,41.66282109307455,3.2374505631962123,0.0,255.0,0.0,0.53125,1.0,0.0,0.25625,1,1,1
test,669,data\processed\exp_001_faces_224\test\669.png,data\raw\kul-computer-vision-ga-1-2026\test\test_669.npy,5e0d72330505445811e88252f6b2514329e6b509,0,30,0.53125,1,96.14367973100767,56.116996065308186,3.1897571932612796,0.0,245.0,0.0,0.53125,1.0,0.0,0.25625,2,2,2
test,813,data\processed\exp_001_faces_224\test\813.png,data\raw\kul-computer-vision-ga-1-2026\test\test_813.npy,19af04c80c895ffb43f78fde05e2c742064196b8,0,30,0.53125,1,107.1455024005487,66.68175600970932,3.0783795922259243,0.0,255.0,0.0,0.53125,1.0,0.0,0.25625,0,0,0
test,1228,data\processed\exp_001_faces_224\test\1228.png,data\raw\kul-computer-vision-ga-1-2026\test\test_1228.npy,335ad9b2893e9e3d4d0a83b42571a1a97ff6e930,0,30,0.53125,1,73.38958567493113,53.75934319844886,2.6169128442898937,0.0,255.0,0.0,0.53125,1.0,0.0,0.25625,1,1,1
test,1453,data\processed\exp_001_faces_224\test\1453.png,data\raw\kul-computer-vision-ga-1-2026\test\test_1453.npy,3cbdefd1d9dde67d2273de180cb1695f427b62aa,0,30,0.53125,1,53.81228432479547,52.451776136716845,1.5364175253685328,0.0,255.0,0.0,0.53125,1.0,0.0,0.25625,1,1,1
test,1566,data\processed\exp_001_faces_224\test\1566.png,data\raw\kul-computer-vision-ga-1-2026\test\test_1566.npy,6d94b4c4d7183833134014b3316eb339c76e2082,0,30,0.53125,1,55.980139559849704,62.91592622548637,2.602329157377996,0.0,255.0,0.0,0.53125,1.0,0.0,0.25625,2,2,2
test,1572,data\processed\exp_001_faces_224\test\1572.png,data\raw\kul-computer-vision-ga-1-2026\test\test_1572.npy,68f4b0aea584754f2cd705bb8d135df10b8a4dce,0,30,0.53125,1,40.4265803988686,39.92765760078497,1.882925747937228,0.0,255.0,0.0,0.53125,1.0,0.0,0.25625,1,1,1
test,1589,data\processed\exp_001_faces_224\test\1589.png,data\raw\kul-computer-vision-ga-1-2026\test\test_1589.npy,0d505ac20f809ce6e23be9cfd228d70ecb7ef20d,0,30,0.53125,1,183.10730272766747,41.783259537788034,3.16510583527188,0.0,255.0,0.0,0.53125,1.0,0.0,0.25625,0,0,0
test,1617,data\processed\exp_001_faces_224\test\1617.png,data\raw\kul-computer-vision-ga-1-2026\test\test_1617.npy,afff3deb5dc7cc72baa1d8ae247a60639a1269e2,0,30,0.53125,1,41.636510886126416,38.829527946004255,2.4504018000642884,0.0,255.0,0.0,0.53125,1.0,0.0,0.25625,1,1,1
test,583,data\processed\exp_001_faces_224\test\583.png,data\raw\kul-computer-vision-ga-1-2026\test\test_583.npy,0cf1c6f7727614a070fc01c0e99f1fa3ccd4179a,0,18,0.71875,1,56.93036186309361,43.55388944509536,3.6363126293545722,0.0,255.0,0.0,0.71875,0.7422700275935017,0.0,0.2550905041390253,0,0,0
test,227,data\processed\exp_001_faces_224\test\227.png,data\raw\kul-computer-vision-ga-1-2026\test\test_227.npy,0c245f432cb0e8c1ba43797a0427f567bcd830cc,0,24,0.625,1,66.31004444444444,73.04197620038278,3.4888870308435527,0.0,255.0,0.0,0.625,0.8582908044872339,0.0,0.2537436206730851,0,0,0
test,174,data\processed\exp_001_faces_224\test\174.png,data\raw\kul-computer-vision-ga-1-2026\test\test_174.npy,d54f4791cc2ecbe78268d7aaa2fff67892ceb3cf,0,27,0.578125,1,118.0247762345679,60.88464251993417,3.4120705960648827,0.0,237.0,0.0,0.578125,0.9187436873735247,0.0,0.25343655310602875,0,0,0
test,363,data\processed\exp_001_faces_224\test\363.png,data\raw\kul-computer-vision-ga-1-2026\test\test_363.npy,588343f604f31c298dd4bd4b052fd014796ca157,0,31,0.515625,1,122.38508271116967,91.55878900780634,3.118615036551637,0.0,255.0,0.0,0.515625,1.0,0.0,0.253125,1,1,1
test,511,data\processed\exp_001_faces_224\test\511.png,data\raw\kul-computer-vision-ga-1-2026\test\test_511.npy,545b5d5ac4e8781298c6a0dd86d63faf3182ba5b,0,31,0.515625,1,77.1124304209321,70.42691118668228,2.956649042850934,0.0,255.0,0.0,0.515625,1.0,0.0,0.253125,2,2,2
test,1115,data\processed\exp_001_faces_224\test\1115.png,data\raw\kul-computer-vision-ga-1-2026\test\test_1115.npy,58d8d534979232be1510557d81229c1b7e231420,0,31,0.515625,2,33.092827932098764,37.915137864332216,3.030994401292972,0.0,255.0,0.0,0.515625,1.0,0.0,0.253125,0,0,1
test,1187,data\processed\exp_001_faces_224\test\1187.png,data\raw\kul-computer-vision-ga-1-2026\test\test_1187.npy,052d0ce422ffe44a8f6daece6f44765bd6ccd8be,0,31,0.515625,1,89.82331846897064,74.02710303119164,2.950316874532934,0.0,255.0,0.0,0.515625,1.0,0.0,0.253125,1,1,1
test,978,data\processed\exp_001_faces_224\test\978.png,data\raw\kul-computer-vision-ga-1-2026\test\test_978.npy,08e8325482477f6d5c75e8ea8290ee82dd7aa0b5,0,29,0.546875,1,181.6924416344057,49.64884431030096,3.3692143364590508,0.0,255.0,0.0,0.546875,0.9524706424237119,0.0,0.2522455963635568,0,0,0
test,1533,data\processed\exp_001_faces_224\test\1533.png,data\raw\kul-computer-vision-ga-1-2026\test\test_1533.npy,16139c91446344c846cc00e78fe847785d7a190f,0,26,0.59375,1,132.90790013960745,90.85843733942352,3.4503171190368196,0.0,255.0,0.0,0.59375,0.8886444959610076,0.0,0.2520466743941511,0,0,0
test,166,data\processed\exp_001_faces_224\test\166.png,data\raw\kul-computer-vision-ga-1-2026\test\test_166.npy,201f2e981b5bb0866f86d490fd31c22154a1d87f,0,24,0.625,1,103.15637538580246,60.97626282848792,3.5036826351861374,0.0,253.0,0.0,0.625,0.8466469819233347,0.0,0.2519970472885002,1,1,1
test,890,data\processed\exp_001_faces_224\test\890.png,data\raw\kul-computer-vision-ga-1-2026\test\test_890.npy,d79846f5621b4233e49a9b359aaa8612c2e60788,0,16,0.75,1,69.23989333333333,73.24002653429461,3.7262592354064457,0.0,255.0,0.0,0.75,0.6714839821679319,0.0,0.2507225973251898,0,0,0
test,149,data\processed\exp_001_faces_224\test\149.png,data\raw\kul-computer-vision-ga-1-2026\test\test_149.npy,0d11f9515b8aac2b562492cfb637d247d1a1c2f9,0,23,0.640625,1,33.911766212853166,50.056837763915375,3.541577324614755,0.0,255.0,0.0,0.640625,0.8168246759462199,0.0,0.25064870139193296,0,0,0
test,952,data\processed\exp_001_faces_224\test\952.png,data\raw\kul-computer-vision-ga-1-2026\test\test_952.npy,970aab89bac5c192d794d24405894c49322d3a1c,0,19,0.703125,1,56.14645612240549,63.48227561007083,3.651144999673777,0.0,255.0,0.0,0.703125,0.7305972709963422,0.0,0.25021459064945134,1,1,1
test,6,data\processed\exp_001_faces_224\test\6.png,data\raw\kul-computer-vision-ga-1-2026\test\test_6.npy,92f7b0647d95e7fe5c30b54bffdee5de0da4897d,0,32,0.5,1,201.0942109375,85.92643369250091,3.087768792573126,0.0,255.0,0.0,0.5,1.0,0.0,0.25,0,0,1
test,111,data\processed\exp_001_faces_224\test\111.png,data\raw\kul-computer-vision-ga-1-2026\test\test_111.npy,03d15cccccd24d549a9a0a362f68de0e990c8c6c,0,32,0.5,1,160.7808174951267,80.83383635780427,2.0804522507653433,0.0,255.0,0.0,0.5,1.0,0.0,0.25,0,0,0
test,257,data\processed\exp_001_faces_224\test\257.png,data\raw\kul-computer-vision-ga-1-2026\test\test_257.npy,d09b4106535da936d6ac4437b9e1f8726fda176a,0,32,0.5,1,73.84563502980285,72.88824141652051,2.934619531412194,0.0,255.0,0.0,0.5,1.0,0.0,0.25,1,1,1
test,325,data\processed\exp_001_faces_224\test\325.png,data\raw\kul-computer-vision-ga-1-2026\test\test_325.npy,c9fd6ac7674f0deec01ea92b2d8a644e24c3a668,0,32,0.5,1,103.01349160238661,72.40732508449236,2.333260273543335,0.0,255.0,0.0,0.5,1.0,0.0,0.25,0,0,0
test,1193,data\processed\exp_001_faces_224\test\1193.png,data\raw\kul-computer-vision-ga-1-2026\test\test_1193.npy,df8bfe26586ac7f7f1016ea30822936ce366eb72,0,32,0.5,1,98.68189187044406,66.18232336622333,3.0448943508990043,0.0,255.0,0.0,0.5,1.0,0.0,0.25,0,0,0
test,1606,data\processed\exp_001_faces_224\test\1606.png,data\raw\kul-computer-vision-ga-1-2026\test\test_1606.npy,383d9a9e40aa832628fc31458e42781de6ef2493,0,32,0.5,1,147.96296171035755,74.89913854413948,3.1343933980782044,0.0,255.0,0.0,0.5,1.0,0.0,0.25,0,0,0
test,791,data\processed\exp_001_faces_224\test\791.png,data\raw\kul-computer-vision-ga-1-2026\test\test_791.npy,0ac232efaf8d7beec004cfa4694f69f2ef933808,0,29,0.546875,1,150.83640356557024,70.88335114986423,3.3922332742426775,0.0,255.0,0.0,0.546875,0.9343552332146035,0.0,0.2495282849821905,0,0,0
test,312,data\processed\exp_001_faces_224\test\312.png,data\raw\kul-computer-vision-ga-1-2026\test\test_312.npy,456260fc6f97c5b33afbd89476eeca5231c63b2e,0,15,0.765625,1,113.00103529411764,69.84414791248423,3.762888010544871,0.0,238.0,0.0,0.765625,0.6426579235244713,0.0,0.24952368852867068,0,0,0
test,70,data\processed\exp_001_faces_224\test\70.png,data\raw\kul-computer-vision-ga-1-2026\test\test_70.npy,15a476723e9a9e31cf0de77858cae386d8300dcb,0,33,0.484375,1,180.66284166666668,55.23682034187419,2.696009599668066,0.0,255.0,0.0,0.484375,1.0,0.0,0.246875,0,0,0
test,471,data\processed\exp_001_faces_224\test\471.png,data\raw\kul-computer-vision-ga-1-2026\test\test_471.npy,df998b70a45b9e8d1898cd94ff9c36b4ec9ee8bd,0,33,0.484375,1,175.79088291019326,48.7288069186192,2.8266851408269718,0.0,255.0,0.0,0.484375,1.0,0.0,0.246875,0,0,0
test,601,data\processed\exp_001_faces_224\test\601.png,data\raw\kul-computer-vision-ga-1-2026\test\test_601.npy,7bf6c3600af5d258026f1126f0018a8b1d5603a2,0,33,0.484375,1,152.21775431733357,83.21703091123915,2.110470148146778,0.0,255.0,0.0,0.484375,1.0,0.0,0.246875,0,0,0
test,740,data\processed\exp_001_faces_224\test\740.png,data\raw\kul-computer-vision-ga-1-2026\test\test_740.npy,942a4a9455bcba8f63401c739fc3cfba3972d288,0,33,0.484375,1,72.42626404693915,59.1723233095652,1.9534140950068666,0.0,255.0,0.0,0.484375,1.0,0.0,0.246875,0,0,0
test,1069,data\processed\exp_001_faces_224\test\1069.png,data\raw\kul-computer-vision-ga-1-2026\test\test_1069.npy,9a85bb32aeedc75fb6a14448e34da0c0a1f27e97,0,33,0.484375,1,170.97000174531115,78.04356309820513,2.8388316319277433,1.0,255.0,0.0,0.484375,1.0,0.0,0.246875,1,1,1
test,1211,data\processed\exp_001_faces_224\test\1211.png,data\raw\kul-computer-vision-ga-1-2026\test\test_1211.npy,931cfb45fce1abfe5a617c7063d84691d8c2fd9f,0,33,0.484375,1,165.90637369791668,74.79784595643913,2.5851226191963894,0.0,255.0,0.0,0.484375,1.0,0.0,0.246875,1,1,1
test,1329,data\processed\exp_001_faces_224\test\1329.png,data\raw\kul-computer-vision-ga-1-2026\test\test_1329.npy,f70967d18aca4ac856bc1cb47f2f0110dca8ec14,0,33,0.484375,1,114.32416599761198,68.21077495108361,2.1344436688486335,0.0,238.0,0.0,0.484375,1.0,0.0,0.246875,0,0,0
test,1508,data\processed\exp_001_faces_224\test\1508.png,data\raw\kul-computer-vision-ga-1-2026\test\test_1508.npy,735180f95ac54ffdba5973fe5c3fd220a3764d9e,0,33,0.484375,1,118.03794425087108,78.56027034617141,3.218337795486719,3.0,255.0,0.0,0.484375,1.0,0.0,0.246875,0,0,0
test,1562,data\processed\exp_001_faces_224\test\1562.png,data\raw\kul-computer-vision-ga-1-2026\test\test_1562.npy,6e43a3d633dfd37e01c36d6421d7a59edbcc548f,0,33,0.484375,1,114.3168286399347,68.19121662446449,2.9905181971515695,0.0,236.0,0.0,0.484375,1.0,0.0,0.246875,0,0,0
test,1662,data\processed\exp_001_faces_224\test\1662.png,data\raw\kul-computer-vision-ga-1-2026\test\test_1662.npy,bc02c689081976b72d540811edf7b29de7437ccd,0,33,0.484375,2,57.09579970173578,66.37861173118688,2.8889048832487116,0.0,255.0,0.0,0.484375,1.0,0.0,0.246875,1,1,1
test,1762,data\processed\exp_001_faces_224\test\1762.png,data\raw\kul-computer-vision-ga-1-2026\test\test_1762.npy,5e5c9d0944a41590904f95b179eb5a16d901ce55,0,33,0.484375,1,112.32353772070626,63.363783277266926,2.947300620776735,0.0,255.0,0.0,0.484375,1.0,0.0,0.246875,0,0,0
test,1360,data\processed\exp_001_faces_224\test\1360.png,data\raw\kul-computer-vision-ga-1-2026\test\test_1360.npy,635f596b21cee459150d0e29939c4e439048a24f,0,27,0.578125,1,48.14945699564011,60.23679561156985,3.4724642892119446,0.0,255.0,0.0,0.578125,0.8712151491198371,0.0,0.24630727236797556,1,1,1
test,1076,data\processed\exp_001_faces_224\test\1076.png,data\raw\kul-computer-vision-ga-1-2026\test\test_1076.npy,dc3739f2aa0e8f0227109f060bc8ae8feeb49c46,0,17,0.734375,3,87.92705576559547,57.81806853868472,3.7384617148084045,0.0,255.0,0.0,0.734375,0.6618808931891939,0.0,0.24615713397837907,0,0,0
test,850,data\processed\exp_001_faces_224\test\850.png,data\raw\kul-computer-vision-ga-1-2026\test\test_850.npy,fb7845a55165b40c394766d6784c6917b2e18686,0,28,0.5625,1,90.75532395363626,60.837702843970206,3.4529632067046894,0.0,255.0,0.0,0.5625,0.8865620818480187,0.0,0.2454843122772028,2,2,2
test,1271,data\processed\exp_001_faces_224\test\1271.png,data\raw\kul-computer-vision-ga-1-2026\test\test_1271.npy,d516df08143f3ea11ec71559b6949652f0c85dec,0,18,0.71875,2,74.60623050072591,42.58612930482589,3.718949782433514,0.0,234.0,0.0,0.71875,0.6772363645299704,0.0,0.24533545467949558,1,1,1
test,1658,data\processed\exp_001_faces_224\test\1658.png,data\raw\kul-computer-vision-ga-1-2026\test\test_1658.npy,3ce7b32ef39b57c780c18765d1f4906ecf8ce656,0,23,0.640625,1,85.54223333333333,50.6027257505225,3.5979691564474177,0.0,243.0,0.0,0.640625,0.7724455165209508,0.0,0.24399182747814263,1,1,1
test,164,data\processed\exp_001_faces_224\test\164.png,data\raw\kul-computer-vision-ga-1-2026\test\test_164.npy,75b1b91658d616ecad69009ce18ab2d4a015507c,0,34,0.46875,1,39.43612364202979,62.08422938690522,1.8552250135078303,0.0,255.0,0.0,0.46875,1.0,0.0,0.24375,1,1,1
test,224,data\processed\exp_001_faces_224\test\224.png,data\raw\kul-computer-vision-ga-1-2026\test\test_224.npy,efa29675b762d3973f89c9ca5f927ce0181f8e8f,0,34,0.46875,1,144.30204151558317,91.31442863957076,3.2799811784168686,0.0,255.0,0.0,0.46875,1.0,0.0,0.24375,2,2,2
test,258,data\processed\exp_001_faces_224\test\258.png,data\raw\kul-computer-vision-ga-1-2026\test\test_258.npy,08b25bc92b8ace9ae70a31572c9fef89aca664a3,0,34,0.46875,1,86.82222832244008,56.90055777605612,1.7494453592518298,0.0,215.0,0.0,0.46875,1.0,0.0,0.24375,0,0,0
test,562,data\processed\exp_001_faces_224\test\562.png,data\raw\kul-computer-vision-ga-1-2026\test\test_562.npy,2af43099ac1ba4f3e33b7558d8ec4caad2b59631,0,34,0.46875,1,157.06212868480725,75.39633042613683,3.2993520887909087,0.0,255.0,0.0,0.46875,1.0,0.0,0.24375,2,2,2
test,677,data\processed\exp_001_faces_224\test\677.png,data\raw\kul-computer-vision-ga-1-2026\test\test_677.npy,80a9c6de84e70839e1dc940865e94052a9b089d8,0,34,0.46875,1,49.49023839529511,31.770144156432863,2.321786930592273,0.0,255.0,0.0,0.46875,1.0,0.0,0.24375,1,1,1
test,778,data\processed\exp_001_faces_224\test\778.png,data\raw\kul-computer-vision-ga-1-2026\test\test_778.npy,b9483afe7876680d374752e38ed588d62c7f7cf3,0,34,0.46875,1,72.6283132443057,57.24789740781401,2.9778509305571252,0.0,255.0,0.0,0.46875,1.0,0.0,0.24375,2,2,2
test,789,data\processed\exp_001_faces_224\test\789.png,data\raw\kul-computer-vision-ga-1-2026\test\test_789.npy,12b00c9a90d2862c3ecdfe935acfcf032592e169,0,34,0.46875,2,63.86000255330014,63.58285068043964,3.0463281224784846,0.0,255.0,0.0,0.46875,1.0,0.0,0.24375,1,1,1
test,1227,data\processed\exp_001_faces_224\test\1227.png,data\raw\kul-computer-vision-ga-1-2026\test\test_1227.npy,0f845dc94c4f4870772e80a4404bd40cd8940354,0,34,0.46875,1,109.04919296885724,84.51765202073406,2.9963471998194136,0.0,255.0,0.0,0.46875,1.0,0.0,0.24375,2,2,2
test,1318,data\processed\exp_001_faces_224\test\1318.png,data\raw\kul-computer-vision-ga-1-2026\test\test_1318.npy,f10e476d6d69da297dbc6d8fbff0f1e7d13e6bf2,0,34,0.46875,1,152.45967116199975,79.7387432294816,2.868805871644466,0.0,255.0,0.0,0.46875,1.0,0.0,0.24375,0,0,0
test,1656,data\processed\exp_001_faces_224\test\1656.png,data\raw\kul-computer-vision-ga-1-2026\test\test_1656.npy,ac987cba89d5f126e09fc9a9bfcd30a1e81e6c2a,0,34,0.46875,4,86.2800129736105,62.742788830872996,3.146209872415017,0.0,255.0,0.0,0.46875,1.0,0.0,0.24375,0,0,0
test,1747,data\processed\exp_001_faces_224\test\1747.png,data\raw\kul-computer-vision-ga-1-2026\test\test_1747.npy,1ada71df6a6d28db854a11f6e8fb784a67c4052e,0,34,0.46875,1,213.096783625731,53.42463383397475,3.003053264165591,5.0,255.0,0.0,0.46875,1.0,0.0,0.24375,0,0,0
test,734,data\processed\exp_001_faces_224\test\734.png,data\raw\kul-computer-vision-ga-1-2026\test\test_734.npy,0f222eb0a75db9ebadad4c8c8794cfe1336c6543,0,17,0.734375,1,90.34357898797039,64.1709245549767,3.777423826628783,0.0,255.0,0.0,0.734375,0.6312185487356091,0.0,0.24155778231034136,0,0,0
test,359,data\processed\exp_001_faces_224\test\359.png,data\raw\kul-computer-vision-ga-1-2026\test\test_359.npy,1ee61ebc295068b94ef3ea8efe79f72a0ac86981,0,19,0.703125,0,92.10184285714286,68.30690493182796,9.861734548023122,0.0,255.0,0.0,0.703125,0.0,1.0,0.240625,1,1,1
test,636,data\processed\exp_001_faces_224\test\636.png,data\raw\kul-computer-vision-ga-1-2026\test\test_636.npy,39cd4838cdd265b0819d49a898b46fede3f92f46,0,35,0.453125,1,189.71863506863508,59.225561580923056,3.3081503275262514,0.0,255.0,0.0,0.453125,1.0,0.0,0.240625,0,0,0
test,916,data\processed\exp_001_faces_224\test\916.png,data\raw\kul-computer-vision-ga-1-2026\test\test_916.npy,6b287be03e3f75d91fa7a6022e20627c7f5183dd,0,19,0.703125,0,92.07408571428572,68.32659216601706,9.665509414000086,0.0,255.0,0.0,0.703125,0.0,1.0,0.240625,1,1,1
test,1010,data\processed\exp_001_faces_224\test\1010.png,data\raw\kul-computer-vision-ga-1-2026\test\test_1010.npy,d3a13620f3e7b8c2f77463e02fcd0e0e17b2f451,0,35,0.453125,1,189.20016681860182,82.47603192463869,2.2512782669282716,0.0,255.0,0.0,0.453125,1.0,0.0,0.240625,0,0,0
test,1164,data\processed\exp_001_faces_224\test\1164.png,data\raw\kul-computer-vision-ga-1-2026\test\test_1164.npy,2030364ed0ac60ce15db83e1bdf3d75939da9883,0,35,0.453125,1,78.88761916699744,66.0499632551806,2.465329503605502,0.0,255.0,0.0,0.453125,1.0,0.0,0.240625,0,0,0
test,1242,data\processed\exp_001_faces_224\test\1242.png,data\raw\kul-computer-vision-ga-1-2026\test\test_1242.npy,a78d10973efc9107d5ec7ba7e71be81ac4a1804a,0,35,0.453125,1,45.63180529300567,34.65594983604913,2.036922444105735,0.0,255.0,0.0,0.453125,1.0,0.0,0.240625,1,1,1
test,1363,data\processed\exp_001_faces_224\test\1363.png,data\raw\kul-computer-vision-ga-1-2026\test\test_1363.npy,222a64acb44a74fbf782fcc2b1341bfe4d00abd6,0,35,0.453125,1,179.48321889996308,77.27269541245053,2.643734055891467,0.0,255.0,0.0,0.453125,1.0,0.0,0.240625,0,0,0
test,1776,data\processed\exp_001_faces_224\test\1776.png,data\raw\kul-computer-vision-ga-1-2026\test\test_1776.npy,7780aa604fb8f389a084a0594e8a47338d184037,0,24,0.625,1,71.94753946976468,77.74779661326399,3.6012093911923158,0.0,255.0,0.0,0.625,0.7698955214304236,0.0,0.24048432821456353,0,0,0
test,1512,data\processed\exp_001_faces_224\test\1512.png,data\raw\kul-computer-vision-ga-1-2026\test\test_1512.npy,187811c07baa910a9350e6202c9048b75c896520,0,22,0.65625,1,115.68571161048689,60.72351140242489,3.6549847777996805,0.0,255.0,0.0,0.65625,0.7275754481530483,0.0,0.24038631722295725,0,0,0
test,56,data\processed\exp_001_faces_224\test\56.png,data\raw\kul-computer-vision-ga-1-2026\test\test_56.npy,325de8a4ae805425652c20ab8849e55697086023,0,23,0.640625,1,136.29376658583456,62.98786838615697,3.647982325287825,0.0,255.0,0.0,0.640625,0.7330862277516552,0.0,0.23808793416274832,2,2,2
test,354,data\processed\exp_001_faces_224\test\354.png,data\raw\kul-computer-vision-ga-1-2026\test\test_354.npy,8c00105808e76d0715b54b04e1bcb6eb7913d22c,0,27,0.578125,1,107.35728888888889,87.91951195091403,3.5461281218127345,0.0,255.0,0.0,0.578125,0.8132432963776238,0.0,0.2376114944566436,1,1,1
test,386,data\processed\exp_001_faces_224\test\386.png,data\raw\kul-computer-vision-ga-1-2026\test\test_386.npy,12adb0d6f44d4431f3dc1fb7ab554feb8e5a0c8d,0,36,0.4375,1,118.5770667200516,66.3745221295703,2.021196043616683,0.0,255.0,0.0,0.4375,1.0,0.0,0.2375,2,2,2
test,436,data\processed\exp_001_faces_224\test\436.png,data\raw\kul-computer-vision-ga-1-2026\test\test_436.npy,e46d7c369dc91d6d97d5352c3fa881c46df5096e,0,36,0.4375,1,45.92218042695473,32.113796333066325,1.962820163458057,0.0,252.0,0.0,0.4375,1.0,0.0,0.2375,1,1,1
test,600,data\processed\exp_001_faces_224\test\600.png,data\raw\kul-computer-vision-ga-1-2026\test\test_600.npy,c7e11c05a87591a532b565c78d1d97d91019ff5c,0,36,0.4375,1,136.01674796225313,76.01095685821981,3.182348082018162,0.0,255.0,0.0,0.4375,1.0,0.0,0.2375,2,2,2
test,637,data\processed\exp_001_faces_224\test\637.png,data\raw\kul-computer-vision-ga-1-2026\test\test_637.npy,27bbdceb1eff4339cb08a99acbfce87bd3745c38,0,36,0.4375,1,78.10153986928104,55.62615998646799,1.9933380550230821,0.0,247.0,0.0,0.4375,1.0,0.0,0.2375,0,0,0
test,931,data\processed\exp_001_faces_224\test\931.png,data\raw\kul-computer-vision-ga-1-2026\test\test_931.npy,6cdac6850b8f0314435f0b44390af351b9cf2a0b,0,36,0.4375,1,150.98012816152547,82.59033869363867,2.9946359848212336,0.0,255.0,0.0,0.4375,1.0,0.0,0.2375,0,0,0
test,976,data\processed\exp_001_faces_224\test\976.png,data\raw\kul-computer-vision-ga-1-2026\test\test_976.npy,50c6cf3edbf557b53a5076173020328c4c0232ab,0,36,0.4375,1,84.88435063576307,61.05496441993467,3.0864989264278844,0.0,247.0,0.0,0.4375,1.0,0.0,0.2375,1,1,1
test,19,data\processed\exp_001_faces_224\test\19.png,data\raw\kul-computer-vision-ga-1-2026\test\test_19.npy,7733ff6d3ff7896b83d1abdbe715773569862883,0,29,0.546875,1,113.51788614298323,51.14148337450921,3.499308280537017,1.0,255.0,0.0,0.546875,0.850089504998876,0.0,0.2368884257498314,1,1,1
test,894,data\processed\exp_001_faces_224\test\894.png,data\raw\kul-computer-vision-ga-1-2026\test\test_894.npy,cd90f51fe1cc229aa11235bf693eda7d001ee54d,0,26,0.59375,1,212.45603333333332,50.81549927858844,3.5790912633218124,0.0,255.0,0.0,0.59375,0.7873020126021648,0.0,0.2368453018903247,0,0,0
test,687,data\processed\exp_001_faces_224\test\687.png,data\raw\kul-computer-vision-ga-1-2026\test\test_687.npy,6d2c8adc897a0902cdc6440edff64bb2ef596e85,0,26,0.59375,1,72.57902821707536,57.17090120240179,3.581607067609373,0.0,255.0,0.0,0.59375,0.7853221287088423,0.0,0.23654831930632636,1,1,1
test,1089,data\processed\exp_001_faces_224\test\1089.png,data\raw\kul-computer-vision-ga-1-2026\test\test_1089.npy,516a2079c6ced0f88a8e1a07605d8e92e83e2534,0,23,0.640625,2,60.98775318401405,58.690595358409,3.664567206300459,0.0,255.0,0.0,0.640625,0.7200342829116141,0.0,0.23613014243674213,2,2,2
test,893,data\processed\exp_001_faces_224\test\893.png,data\raw\kul-computer-vision-ga-1-2026\test\test_893.npy,5343c2eee1a8e9f8c7f35ad38dfbf96695c8e46d,0,17,0.734375,1,90.8488485986782,59.09183108532823,3.8276828249631274,0.0,255.0,0.0,0.734375,0.5916657974390588,0.0,0.23562486961585882,0,0,0
test,1092,data\processed\exp_001_faces_224\test\1092.png,data\raw\kul-computer-vision-ga-1-2026\test\test_1092.npy,45462d2aa38448de457e6bfe2adac46860c9c51c,0,21,0.671875,1,89.41558888888889,49.365058574842735,3.7272612411742845,0.0,253.0,0.0,0.671875,0.6706954251682602,0.0,0.234979313775239,2,2,2
test,992,data\processed\exp_001_faces_224\test\992.png,data\raw\kul-computer-vision-ga-1-2026\test\test_992.npy,eae5d3e7c1c2ba99ef0e99e604fb0fcc65a2ee04,0,25,0.609375,1,116.18033888888888,74.1331525409714,3.6231475241312467,0.0,255.0,0.0,0.609375,0.7526306824005689,0.0,0.23476960236008532,2,2,2
test,275,data\processed\exp_001_faces_224\test\275.png,data\raw\kul-computer-vision-ga-1-2026\test\test_275.npy,1dda2c27a5da32146e72daafd528ace86f01a08a,0,37,0.421875,1,67.89129291839647,55.55364467856078,2.1257495571399954,0.0,255.0,0.0,0.421875,1.0,0.0,0.234375,0,0,0
test,505,data\processed\exp_001_faces_224\test\505.png,data\raw\kul-computer-vision-ga-1-2026\test\test_505.npy,e5d7468018c40a1df9ab1075474aa4c31dba3da0,0,37,0.421875,1,206.13805660641725,58.202969639492615,2.903011168476386,0.0,255.0,0.0,0.421875,1.0,0.0,0.234375,0,0,0
test,678,data\processed\exp_001_faces_224\test\678.png,data\raw\kul-computer-vision-ga-1-2026\test\test_678.npy,9cec87b3d419b62346fe69b6a26d89a8e7a22247,0,37,0.421875,2,52.22578077786411,48.74347143044131,3.219098485479291,0.0,255.0,0.0,0.421875,1.0,0.0,0.234375,0,0,0
test,1368,data\processed\exp_001_faces_224\test\1368.png,data\raw\kul-computer-vision-ga-1-2026\test\test_1368.npy,6a790f13d1f71295b0df715a3031c4db0d2d602e,0,37,0.421875,1,194.81912782801683,60.14274733605,2.366964375707197,0.0,255.0,0.0,0.421875,1.0,0.0,0.234375,0,0,0
test,1198,data\processed\exp_001_faces_224\test\1198.png,data\raw\kul-computer-vision-ga-1-2026\test\test_1198.npy,26ba074207aab5fe70d58c91e80dc495cd492315,0,37,0.421875,1,134.1282976386601,96.46470219197045,3.3158473206202617,0.0,255.0,0.0,0.421875,0.9944693366847607,0.0,0.2335454005027141,1,1,1
test,91,data\processed\exp_001_faces_224\test\91.png,data\raw\kul-computer-vision-ga-1-2026\test\test_91.npy,0126cd5b66be35ee491627885c8cc1fbc7100cca,0,23,0.640625,1,46.47632592592593,51.01392075838863,3.6919416794467628,0.0,255.0,0.0,0.640625,0.6984911610008463,0.0,0.23289867415012694,0,0,0
test,1452,data\processed\exp_001_faces_224\test\1452.png,data\raw\kul-computer-vision-ga-1-2026\test\test_1452.npy,13237696ff1dddd4dbeff66a2023388db3bd6c4d,0,30,0.53125,0,147.0289380446232,61.347206854480305,4.357155669381218,0.0,255.0,0.0,0.53125,0.17498205069524353,1.0,0.23249730760428655,0,0,0
test,1410,data\processed\exp_001_faces_224\test\1410.png,data\raw\kul-computer-vision-ga-1-2026\test\test_1410.npy,2332d2df8c3f7794fd7eb77a2fc51194012910d2,0,24,0.625,1,76.67853827160494,55.92032202557131,3.6738374664151756,0.0,255.0,0.0,0.625,0.7127387874794824,0.0,0.23191081812192235,0,0,0
test,703,data\processed\exp_001_faces_224\test\703.png,data\raw\kul-computer-vision-ga-1-2026\test\test_703.npy,46f7a004b98339238b5c18019796881f05fdefc1,0,32,0.5,1,132.62867815068,85.38341376273938,3.4639529943220673,0.0,255.0,0.0,0.5,0.8779133552351164,0.0,0.23168700328526745,2,2,2
test,338,data\processed\exp_001_faces_224\test\338.png,data\raw\kul-computer-vision-ga-1-2026\test\test_338.npy,f7f853804c49bdda7f8269d7a3389291449f6b6b,0,38,0.40625,1,132.32928590506717,81.5348549459666,2.965574240434239,0.0,255.0,0.0,0.40625,1.0,0.0,0.23125,0,0,0
test,503,data\processed\exp_001_faces_224\test\503.png,data\raw\kul-computer-vision-ga-1-2026\test\test_503.npy,93fdb28da55cb40e35b7a3a7fc9eb3ca4d110b5b,0,22,0.65625,0,93.92420928865373,71.44339540673914,5.577496377177906,0.0,255.0,0.0,0.65625,0.0,1.0,0.23125,2,2,2
test,699,data\processed\exp_001_faces_224\test\699.png,data\raw\kul-computer-vision-ga-1-2026\test\test_699.npy,4f562436badd4210cf93537677341d3ee2bcb8df,0,22,0.65625,0,122.53574212893554,48.77812515989531,5.824570886841677,0.0,255.0,0.0,0.65625,0.0,1.0,0.23125,0,0,0
test,705,data\processed\exp_001_faces_224\test\705.png,data\raw\kul-computer-vision-ga-1-2026\test\test_705.npy,4f142b9a71f35f0d1efe039241a93239ed4add4c,0,38,0.40625,1,113.67157372400756,84.10018529927363,2.5248795121815863,0.0,255.0,0.0,0.40625,1.0,0.0,0.23125,0,0,0
test,1178,data\processed\exp_001_faces_224\test\1178.png,data\raw\kul-computer-vision-ga-1-2026\test\test_1178.npy,9525d5616a28361600a6a96fc76e12103a509e9d,0,25,0.609375,1,72.49764721630164,70.13235734631742,3.6617626970285944,0.0,255.0,0.0,0.609375,0.7222413714214366,0.0,0.23021120571321552,2,2,2
test,735,data\processed\exp_001_faces_224\test\735.png,data\raw\kul-computer-vision-ga-1-2026\test\test_735.npy,5ae2dd4d856a6ea2a074d70c7a325952fcb6f7c1,0,20,0.6875,1,70.51038782890635,83.54669067966678,3.7957169842585405,0.0,255.0,0.0,0.6875,0.6168222269198606,0.0,0.2300233340379791,1,1,1
test,1456,data\processed\exp_001_faces_224\test\1456.png,data\raw\kul-computer-vision-ga-1-2026\test\test_1456.npy,3a7b735785133efef1d48f24fced77692e200036,0,13,0.796875,3,86.663031984008,89.50269609334953,3.9844932216074143,0.0,255.0,0.0,0.796875,0.46825938615476215,0.0,0.22961390792321434,1,1,1
test,15,data\processed\exp_001_faces_224\test\15.png,data\raw\kul-computer-vision-ga-1-2026\test\test_15.npy,1239d42b5b0ce53c2d92a9217e4ba488dba94795,0,22,0.65625,4,44.73802938479887,55.02987558459676,3.7550095092272207,0.0,255.0,0.0,0.65625,0.6488581347012552,0.0,0.22857872020518827,1,1,1
test,651,data\processed\exp_001_faces_224\test\651.png,data\raw\kul-computer-vision-ga-1-2026\test\test_651.npy,228eb0cc5199af81463fbd6a5380eb3a988e6b6e,0,29,0.546875,1,66.9093412488755,57.045524895393264,3.573541749334134,0.0,255.0,0.0,0.546875,0.7916693608153379,0.0,0.22812540412230067,1,1,1
test,543,data\processed\exp_001_faces_224\test\543.png,data\raw\kul-computer-vision-ga-1-2026\test\test_543.npy,13afc3f7b9b0bdb3818bfc276cef44fc49e6ef6e,0,23,0.640625,0,108.10615066666666,64.74735458201594,6.935942551770206,0.0,255.0,0.0,0.640625,0.0,1.0,0.22812500000000002,0,0,0
test,1598,data\processed\exp_001_faces_224\test\1598.png,data\raw\kul-computer-vision-ga-1-2026\test\test_1598.npy,413609f1f9119e562a181a24f3d94e2c3c6c4c16,0,23,0.640625,0,122.05410606060606,61.61985423684942,6.977435341575735,0.0,255.0,0.0,0.640625,0.0,1.0,0.22812500000000002,0,0,0
test,296,data\processed\exp_001_faces_224\test\296.png,data\raw\kul-computer-vision-ga-1-2026\test\test_296.npy,9b41c59969a5c2789c833118040a7655fe91d943,0,39,0.390625,1,130.54177372685186,58.55452352178396,2.3554275291451474,0.0,255.0,0.0,0.390625,1.0,0.0,0.228125,0,0,0
test,552,data\processed\exp_001_faces_224\test\552.png,data\raw\kul-computer-vision-ga-1-2026\test\test_552.npy,935750c6b2e98994b59a3fe5df3cdf8318fc4766,0,39,0.390625,1,113.39370980392157,51.55229539779986,1.8792707234849355,0.0,255.0,0.0,0.390625,1.0,0.0,0.228125,0,0,0
test,812,data\processed\exp_001_faces_224\test\812.png,data\raw\kul-computer-vision-ga-1-2026\test\test_812.npy,757b09d530a4488ae4b83c1e22e3649ab20ad77a,0,39,0.390625,2,41.30860918209876,56.8384117961754,2.792272635515762,0.0,255.0,0.0,0.390625,1.0,0.0,0.228125,1,1,1
test,1235,data\processed\exp_001_faces_224\test\1235.png,data\raw\kul-computer-vision-ga-1-2026\test\test_1235.npy,112fd13a08f835579fbba0d8b4c5706c694943a2,0,39,0.390625,1,104.62033807462379,80.90017535066157,3.300943482177294,0.0,255.0,0.0,0.390625,1.0,0.0,0.228125,0,0,0
test,1732,data\processed\exp_001_faces_224\test\1732.png,data\raw\kul-computer-vision-ga-1-2026\test\test_1732.npy,48592669a72dd60071993951888bc94dbcbc680c,0,39,0.390625,1,161.5807924305145,51.670502626366016,2.098036026873733,0.0,249.0,0.0,0.390625,1.0,0.0,0.228125,0,0,0
test,1548,data\processed\exp_001_faces_224\test\1548.png,data\raw\kul-computer-vision-ga-1-2026\test\test_1548.npy,60437f2a309b06d72d3bffc37f21f25a33ba77a9,0,34,0.46875,1,102.01454148093872,63.719175234741755,3.44998277037626,0.0,253.0,0.0,0.46875,0.8889076211695418,0.0,0.22708614317543127,0,0,0
test,623,data\processed\exp_001_faces_224\test\623.png,data\raw\kul-computer-vision-ga-1-2026\test\test_623.npy,912d9809b701687e7bed4a71c73fdd86e51edec7,0,24,0.625,12,58.0915,69.597885504079,3.7234676900468573,0.0,255.0,0.0,0.625,0.673680868357472,0.0,0.2260521302536208,0,0,0
test,1447,data\processed\exp_001_faces_224\test\1447.png,data\raw\kul-computer-vision-ga-1-2026\test\test_1447.npy,88013eb6692ff4dc58bb86c660b3d6e602091b6a,0,30,0.53125,1,112.45819758539056,75.30463300733602,3.5706465892897716,0.0,255.0,0.0,0.53125,0.793947789534442,0.0,0.2253421684301663,1,1,1
test,155,data\processed\exp_001_faces_224\test\155.png,data\raw\kul-computer-vision-ga-1-2026\test\test_155.npy,ce003b209d2b6c2c0c65c8ec00b1e44f8b1a9c52,0,30,0.53125,1,43.60880854862424,42.89442812909938,3.5725588574960554,0.0,255.0,0.0,0.53125,0.792442875563171,0.0,0.22511643133447565,0,0,0
test,478,data\processed\exp_001_faces_224\test\478.png,data\raw\kul-computer-vision-ga-1-2026\test\test_478.npy,2097c7abbf8b39ad1353dbb76a426ecb0e953e0c,0,40,0.375,1,40.830941433800554,27.384418840738615,1.6053620229774772,0.0,254.0,0.0,0.375,1.0,0.0,0.225,1,1,1
test,1249,data\processed\exp_001_faces_224\test\1249.png,data\raw\kul-computer-vision-ga-1-2026\test\test_1249.npy,b59054c098e0ad3d2948e1bcadf0fe22fa0db02b,0,40,0.375,1,181.68791178810378,81.77343612700241,3.111942947577261,0.0,255.0,0.0,0.375,1.0,0.0,0.225,0,0,0
test,1707,data\processed\exp_001_faces_224\test\1707.png,data\raw\kul-computer-vision-ga-1-2026\test\test_1707.npy,b43b538078332d155e2e4e0810a5c4a4fa711aee,0,40,0.375,1,196.71172816822335,75.77241531066673,3.309488876899555,0.0,255.0,0.0,0.375,0.9994732952086686,0.0,0.2249209942813003,0,0,0
test,1119,data\processed\exp_001_faces_224\test\1119.png,data\raw\kul-computer-vision-ga-1-2026\test\test_1119.npy,21f53b990aa9fc84b0725b233749828092fe03d5,0,22,0.65625,2,69.29234567901234,64.41696235739279,3.7969652726222884,0.0,255.0,0.0,0.65625,0.6158398508114222,0.0,0.22362597762171332,0,0,0
test,1306,data\processed\exp_001_faces_224\test\1306.png,data\raw\kul-computer-vision-ga-1-2026\test\test_1306.npy,9563bc28f148772d3c30f9a58745d13222444ae2,0,35,0.453125,1,133.87127650130338,64.77535873330655,3.4555708276020036,0.0,255.0,0.0,0.453125,0.884509940256556,0.0,0.2233014910384834,1,1,1
test,286,data\processed\exp_001_faces_224\test\286.png,data\raw\kul-computer-vision-ga-1-2026\test\test_286.npy,0809ada43f4a6d3ec35f84ffcd0d9779e1e7bcb7,0,27,0.578125,2,81.65486368608731,68.10620152740154,3.675079619569807,0.0,255.0,0.0,0.578125,0.7117612396487331,0.0,0.22238918594730994,0,0,0
test,818,data\processed\exp_001_faces_224\test\818.png,data\raw\kul-computer-vision-ga-1-2026\test\test_818.npy,f25c0b5e150772e80c2f388d3e17b2ac6ae4365a,0,18,0.71875,1,111.17677380082786,80.5297210376696,3.9167533387045586,1.0,255.0,0.0,0.71875,0.5215692178288884,0.0,0.22198538267433326,2,2,2
test,1274,data\processed\exp_001_faces_224\test\1274.png,data\raw\kul-computer-vision-ga-1-2026\test\test_1274.npy,9237b7bc1f80f973ebb55ac41de7c1bbd43306c3,0,31,0.515625,1,87.90554857142857,53.38672978393487,3.5733951581700714,0.0,255.0,0.0,0.515625,0.7917847249102582,0.0,0.2218927087365387,0,0,0
test,89,data\processed\exp_001_faces_224\test\89.png,data\raw\kul-computer-vision-ga-1-2026\test\test_89.npy,62bea64a9c05f22d005b770dece49b7185fb2e78,0,41,0.359375,1,120.56474561425941,79.31605504654955,2.1370596957023027,0.0,255.0,0.0,0.359375,1.0,0.0,0.221875,2,2,2
test,1794,data\processed\exp_001_faces_224\test\1794.png,data\raw\kul-computer-vision-ga-1-2026\test\test_1794.npy,94de27df037b48ca9b60ebb111254531554f9e7e,0,41,0.359375,1,149.04584646082756,74.64013846786985,2.887889496200176,0.0,255.0,0.0,0.359375,1.0,0.0,0.221875,2,2,2
test,604,data\processed\exp_001_faces_224\test\604.png,data\raw\kul-computer-vision-ga-1-2026\test\test_604.npy,2d9e63742843ccd2f02aeba95448b20192e80c1e,0,35,0.453125,1,96.843439309516,56.246759875766294,3.4694398233246257,0.0,244.0,0.0,0.453125,0.8735953387577248,0.0,0.22166430081365873,0,0,0
test,1704,data\processed\exp_001_faces_224\test\1704.png,data\raw\kul-computer-vision-ga-1-2026\test\test_1704.npy,25a61012fcb75bb09f62a2e75b3469af17d4db45,0,23,0.640625,3,68.87581886485938,67.88749996082595,3.788355317194965,0.0,255.0,0.0,0.640625,0.6226157006488153,0.0,0.22151735509732232,1,1,1
test,1422,data\processed\exp_001_faces_224\test\1422.png,data\raw\kul-computer-vision-ga-1-2026\test\test_1422.npy,4d398c2206a1cea0586fd9a3354612704d3e9007,0,35,0.453125,1,95.6977350592478,62.90409140819169,3.474459855986942,0.0,255.0,0.0,0.453125,0.869644680965616,0.0,0.2210717021448424,0,0,0
test,1012,data\processed\exp_001_faces_224\test\1012.png,data\raw\kul-computer-vision-ga-1-2026\test\test_1012.npy,cc3bef9af7b83bffacd1339fd35d74598345b3ef,0,24,0.625,1,107.26776168113888,75.0893768908627,3.7687289146325114,0.0,255.0,0.0,0.625,0.6380612575664955,0.0,0.2207091886349743,0,0,0
test,404,data\processed\exp_001_faces_224\test\404.png,data\raw\kul-computer-vision-ga-1-2026\test\test_404.npy,34c35aa0b8f85a5b9458c5bea13b99fcda617fff,0,26,0.59375,3,109.87646419753086,72.05081727343352,3.7159869476108467,0.0,255.0,0.0,0.59375,0.6795680518448294,0.0,0.2206852077767244,2,2,2
test,106,data\processed\exp_001_faces_224\test\106.png,data\raw\kul-computer-vision-ga-1-2026\test\test_106.npy,61832e3fcdb1fe874d5309a7e29f2bf7ccc4ce1a,0,27,0.578125,1,85.61621111111111,66.18151273815813,3.6949962839093273,0.0,255.0,0.0,0.578125,0.6960872529521142,0.0,0.22003808794281712,0,0,0
test,512,data\processed\exp_001_faces_224\test\512.png,data\raw\kul-computer-vision-ga-1-2026\test\test_512.npy,f0c659c44b3b96df7d1053196c681ecb47a3c6ea,0,28,0.5625,1,91.96627444444445,64.72126534719835,3.6693210994424383,0.0,253.0,0.0,0.5625,0.7162930712009421,0.0,0.21994396068014133,0,0,1
test,1316,data\processed\exp_001_faces_224\test\1316.png,data\raw\kul-computer-vision-ga-1-2026\test\test_1316.npy,a5e7902bc3954a5a8dce778010dcbd4daf0fe5fa,0,33,0.484375,2,152.72213518326404,79.89397180696078,3.539373845170119,0.0,255.0,0.0,0.484375,0.8185587669020514,0.0,0.2196588150353077,2,2,2
test,1720,data\processed\exp_001_faces_224\test\1720.png,data\raw\kul-computer-vision-ga-1-2026\test\test_1720.npy,2faf01948072f5dd9ab1622579fd8296e99205ef,0,15,0.765625,1,92.08309428527582,65.8053238097289,4.0179517655655665,0.0,251.0,0.0,0.765625,0.44192823130130054,0.0,0.2194142346951951,0,0,0
test,836,data\processed\exp_001_faces_224\test\836.png,data\raw\kul-computer-vision-ga-1-2026\test\test_836.npy,3ac174eea3936f24684ca040c40f16625faa36c2,0,30,0.53125,1,100.1012741046832,73.90251415008325,3.621169579102743,0.0,255.0,0.0,0.53125,0.7541872826191051,0.0,0.21937809239286576,2,2,2
test,1767,data\processed\exp_001_faces_224\test\1767.png,data\raw\kul-computer-vision-ga-1-2026\test\test_1767.npy,951ec2aea3c680faef3586e221ffbbbcf85e36e6,0,24,0.625,1,48.652398735995405,54.29311439006353,3.7808964730031747,0.0,255.0,0.0,0.625,0.6284856506887071,0.0,0.21927284760330606,1,1,1
test,1575,data\processed\exp_001_faces_224\test\1575.png,data\raw\kul-computer-vision-ga-1-2026\test\test_1575.npy,16fbbd5b51be461f6f50d2925ce5c629099ce1a4,0,27,0.578125,1,174.002254613647,80.53694064621415,3.7054075208602626,0.0,255.0,0.0,0.578125,0.6878938332768876,0.0,0.21880907499153313,2,2,2
test,202,data\processed\exp_001_faces_224\test\202.png,data\raw\kul-computer-vision-ga-1-2026\test\test_202.npy,ee0d9fefa570d65f5238f5e694de738d753d371d,0,20,0.6875,1,131.00865476139737,64.03111410172629,3.8909011669869873,0.0,255.0,0.0,0.6875,0.5419143212393969,0.0,0.21878714818590955,0,0,0
test,1545,data\processed\exp_001_faces_224\test\1545.png,data\raw\kul-computer-vision-ga-1-2026\test\test_1545.npy,9891803b60eb4fb12ef0a35c7440673f9053ac37,0,35,0.453125,1,185.97916804407714,64.41444894778843,3.494058618976652,0.0,255.0,0.0,0.453125,0.8542208757975311,0.0,0.21875813136962968,0,0,0
test,221,data\processed\exp_001_faces_224\test\221.png,data\raw\kul-computer-vision-ga-1-2026\test\test_221.npy,4256c81ea8d1575f4e72ad1da014a66fb4a09d2f,0,42,0.34375,1,115.5426945533769,79.75855534421116,1.8609981407289293,0.0,255.0,0.0,0.34375,1.0,0.0,0.21875,0,0,0
test,618,data\processed\exp_001_faces_224\test\618.png,data\raw\kul-computer-vision-ga-1-2026\test\test_618.npy,b251142eeea09fec9ff0ccc8c2ec34492f7f7163,0,42,0.34375,1,192.38331415420024,75.25023297642763,3.115823151079339,0.0,255.0,0.0,0.34375,1.0,0.0,0.21875,0,0,0
test,698,data\processed\exp_001_faces_224\test\698.png,data\raw\kul-computer-vision-ga-1-2026\test\test_698.npy,25da430ce9de941ccb2ed2b8647ab6f6e5305f73,0,42,0.34375,1,145.11460233029382,97.8766768061475,2.655785953445034,0.0,255.0,0.0,0.34375,1.0,0.0,0.21875,2,2,2
test,780,data\processed\exp_001_faces_224\test\780.png,data\raw\kul-computer-vision-ga-1-2026\test\test_780.npy,009075ea995d5840bb89410f9fd6c027e92535d0,0,42,0.34375,2,38.560047222222224,58.84802304711116,2.6130838208956058,0.0,255.0,0.0,0.34375,1.0,0.0,0.21875,0,0,1
test,1024,data\processed\exp_001_faces_224\test\1024.png,data\raw\kul-computer-vision-ga-1-2026\test\test_1024.npy,2b102e2da7d86f20a293b1d15e65847a09e3d990,0,42,0.34375,1,128.02878816220567,77.43835877756523,2.7735762844718597,0.0,255.0,0.0,0.34375,1.0,0.0,0.21875,1,1,1
test,1270,data\processed\exp_001_faces_224\test\1270.png,data\raw\kul-computer-vision-ga-1-2026\test\test_1270.npy,fc693f226e0234e0c131d783f4023afed893af1d,0,42,0.34375,2,61.78962727864583,59.937777166528825,3.3002301707172093,0.0,255.0,0.0,0.34375,1.0,0.0,0.21875,1,1,1
test,1416,data\processed\exp_001_faces_224\test\1416.png,data\raw\kul-computer-vision-ga-1-2026\test\test_1416.npy,2ff04f89dc8b11ddd61e4b9bb761ea0b3f4d2c5d,0,42,0.34375,1,130.72348621805602,77.33210675591029,2.969119862109635,0.0,255.0,0.0,0.34375,1.0,0.0,0.21875,1,1,1
test,1525,data\processed\exp_001_faces_224\test\1525.png,data\raw\kul-computer-vision-ga-1-2026\test\test_1525.npy,37a7448902ca1af0e20ead0aafcd44560a18639f,0,26,0.59375,0,130.19945866666666,55.629271817155384,7.708993319973278,0.0,255.0,0.0,0.59375,0.0,1.0,0.21875,0,0,0
test,814,data\processed\exp_001_faces_224\test\814.png,data\raw\kul-computer-vision-ga-1-2026\test\test_814.npy,424d5a8cebfa20bfb7cc8e438c00a38fbf84bb15,0,22,0.65625,1,131.94349250076522,72.21752739875981,3.8457845936569344,0.0,255.0,0.0,0.65625,0.577420094601711,0.0,0.21786301419025667,2,2,2
test,259,data\processed\exp_001_faces_224\test\259.png,data\raw\kul-computer-vision-ga-1-2026\test\test_259.npy,467f2790ed90bce7b87d5778e9ed8e90fe1e82be,0,26,0.59375,1,102.37370563350956,75.63668817533612,3.7421271667863696,0.0,255.0,0.0,0.59375,0.6589962612769253,0.0,0.2175994391915388,1,1,1
test,45,data\processed\exp_001_faces_224\test\45.png,data\raw\kul-computer-vision-ga-1-2026\test\test_45.npy,34559bba9352a5fedaef3aabfb2d99c6d81d2832,0,31,0.515625,1,143.7506274712051,102.5121827196944,3.610012216614019,0.0,255.0,0.0,0.515625,0.7629678870534836,0.0,0.21757018305802256,0,0,1
test,425,data\processed\exp_001_faces_224\test\425.png,data\raw\kul-computer-vision-ga-1-2026\test\test_425.npy,2501ede1270a4ebc4f5cb2e9eff3fad2dd4a9d89,0,35,0.453125,1,95.60136713770433,54.76085863617181,3.5144688202785037,0.0,255.0,0.0,0.453125,0.8381584861208747,0.0,0.2163487729181312,1,1,1
test,982,data\processed\exp_001_faces_224\test\982.png,data\raw\kul-computer-vision-ga-1-2026\test\test_982.npy,802521f7edfcb5db12075d48351dc46f708928a4,0,27,0.578125,1,118.8313245985243,66.42342423299128,3.7277424554423906,7.0,255.0,0.0,0.578125,0.6703167198836834,0.0,0.2161725079825525,0,0,0
test,361,data\processed\exp_001_faces_224\test\361.png,data\raw\kul-computer-vision-ga-1-2026\test\test_361.npy,7f7f08b37b1a46258799d478d8193465b4b44500,0,27,0.578125,0,132.26906546726636,62.87293395940642,8.168008921756615,0.0,255.0,0.0,0.578125,0.0,1.0,0.215625,0,0,0
test,676,data\processed\exp_001_faces_224\test\676.png,data\raw\kul-computer-vision-ga-1-2026\test\test_676.npy,f77f75267600d53fad6c89070bf9bdf41a471669,0,27,0.578125,0,90.61922960725076,60.105311019073405,6.206992702104525,0.0,255.0,0.0,0.578125,0.0,1.0,0.215625,2,2,2
test,796,data\processed\exp_001_faces_224\test\796.png,data\raw\kul-computer-vision-ga-1-2026\test\test_796.npy,39505da82cf571df11968df3eebfe1e01bb83808,0,27,0.578125,0,90.52936945209673,60.30913107305544,5.0203769371907905,0.0,255.0,0.0,0.578125,0.0,1.0,0.215625,2,2,2
test,879,data\processed\exp_001_faces_224\test\879.png,data\raw\kul-computer-vision-ga-1-2026\test\test_879.npy,fd21e0065c9a4aff7176fcff283c7126d3d4192e,0,27,0.578125,0,105.62848715742903,73.69454639335387,7.207150854749997,0.0,255.0,0.0,0.578125,0.0,1.0,0.215625,0,0,1
test,1333,data\processed\exp_001_faces_224\test\1333.png,data\raw\kul-computer-vision-ga-1-2026\test\test_1333.npy,1295e4423a9fa48b1d4f7c402f407b69eb46d8fd,0,27,0.578125,0,116.02690101814757,69.13580262795001,5.937620555505005,6.0,255.0,0.0,0.578125,0.0,1.0,0.215625,0,0,0
test,1603,data\processed\exp_001_faces_224\test\1603.png,data\raw\kul-computer-vision-ga-1-2026\test\test_1603.npy,67d7f9cfc09e101226e9ed8b258becf3d53e5499,0,43,0.328125,1,156.61467625500546,79.89328218065,2.911673455303809,0.0,255.0,0.0,0.328125,1.0,0.0,0.215625,1,1,1
test,101,data\processed\exp_001_faces_224\test\101.png,data\raw\kul-computer-vision-ga-1-2026\test\test_101.npy,e5ada7720f4476797759f7f7340d73d060cb4390,0,33,0.484375,1,164.02324335817542,74.79842464688068,3.5761473226249505,0.0,255.0,0.0,0.484375,0.7896188306461727,0.0,0.2153178245969259,0,0,0
test,48,data\processed\exp_001_faces_224\test\48.png,data\raw\kul-computer-vision-ga-1-2026\test\test_48.npy,a96fe53c979d804c3ddfe3d580ed4ec6497b2432,0,28,0.5625,0,116.86299733333334,56.120163657423454,4.5568750835003335,0.0,255.0,0.0,0.5625,0.017807165051968603,1.0,0.2151710747577953,0,0,0
test,172,data\processed\exp_001_faces_224\test\172.png,data\raw\kul-computer-vision-ga-1-2026\test\test_172.npy,11e2de01eeba71411606bffa6a7739e2254a572e,0,37,0.421875,1,161.98868312757202,58.50813092963454,3.4737303270162974,0.0,249.0,0.0,0.421875,0.8702188045831937,0.0,0.21490782068747905,2,2,2
test,1419,data\processed\exp_001_faces_224\test\1419.png,data\raw\kul-computer-vision-ga-1-2026\test\test_1419.npy,65b7f2d56798b3de9edb33b899a86d09f0658835,0,29,0.546875,1,150.35056327160493,61.56551362611152,3.6928362712253637,0.0,240.0,0.0,0.546875,0.6977871365016799,0.0,0.21404307047525198,0,0,0
test,1317,data\processed\exp_001_faces_224\test\1317.png,data\raw\kul-computer-vision-ga-1-2026\test\test_1317.npy,ad65a6031227f411acbeee7d3718ae229c3192ed,0,32,0.5,1,136.4508209876543,81.7955572909425,3.61426681393013,0.0,255.0,0.0,0.5,0.7596196104246571,0.0,0.21394294156369856,0,0,0
test,1063,data\processed\exp_001_faces_224\test\1063.png,data\raw\kul-computer-vision-ga-1-2026\test\test_1063.npy,9277f7206a4ef6e5591307e3e1ccc5f993acc94f,0,31,0.515625,2,141.793894422276,75.89794948725381,3.6420853592652627,0.0,255.0,0.0,0.515625,0.7377270132472792,0.0,0.21378405198709188,0,0,0
test,1347,data\processed\exp_001_faces_224\test\1347.png,data\raw\kul-computer-vision-ga-1-2026\test\test_1347.npy,d858ad9cfc7226aadc47b096a001a5e5bcc3055c,0,30,0.53125,1,183.1424235385211,41.69548608545882,3.6686179699392727,0.0,255.0,0.0,0.53125,0.7168464190051098,0.0,0.21377696285076647,0,0,0
test,138,data\processed\exp_001_faces_224\test\138.png,data\raw\kul-computer-vision-ga-1-2026\test\test_138.npy,e9c27e9c4eec67ebeaadcd931e4b16c70f22db8e,0,28,0.5625,0,93.34140983606558,57.21290491230248,6.03011934589874,0.0,254.0,0.0,0.5625,0.0,1.0,0.21250000000000002,0,0,0
test,289,data\processed\exp_001_faces_224\test\289.png,data\raw\kul-computer-vision-ga-1-2026\test\test_289.npy,a7e70b4a31dd3207077fdae04b425201d555031b,0,28,0.5625,0,118.09747777777778,53.358033012581416,4.884654403567446,0.0,255.0,0.0,0.5625,0.0,1.0,0.21250000000000002,0,0,0
test,643,data\processed\exp_001_faces_224\test\643.png,data\raw\kul-computer-vision-ga-1-2026\test\test_643.npy,b86fa76fdaebec3c392f84dcf78f061e7ca20ee3,0,26,0.59375,1,105.27348316498316,68.90681955389135,3.788021631960092,0.0,255.0,0.0,0.59375,0.6228783037555957,0.0,0.21218174556333935,2,2,2
test,1604,data\processed\exp_001_faces_224\test\1604.png,data\raw\kul-computer-vision-ga-1-2026\test\test_1604.npy,a577c1acfb93f84924d7dba286688a0fb6461b5a,0,31,0.515625,1,129.63254868270332,69.6571588501227,3.6565311180298967,0.0,226.0,0.0,0.515625,0.7263585116327715,0.0,0.21207877674491574,0,0,0
test,627,data\processed\exp_001_faces_224\test\627.png,data\raw\kul-computer-vision-ga-1-2026\test\test_627.npy,de7faaf073030a5025efa14f6b201cdd6cb11c83,0,40,0.375,1,166.58632224581268,66.83908655935281,3.4246000700011012,0.0,255.0,0.0,0.375,0.9088832607255625,0.0,0.21133248910883437,0,0,0
test,1524,data\processed\exp_001_faces_224\test\1524.png,data\raw\kul-computer-vision-ga-1-2026\test\test_1524.npy,26d387bcb2619d7cc777b999629b3a4b9b00be2d,0,29,0.546875,2,199.98494736131732,66.30276228704709,3.7206596960932217,0.0,255.0,0.0,0.546875,0.67589069923694,0.0,0.210758604885541,0,0,0
test,1637,data\processed\exp_001_faces_224\test\1637.png,data\raw\kul-computer-vision-ga-1-2026\test\test_1637.npy,4991e81a0b95f559cf736131ab6b3df81ad51bdf,0,27,0.578125,1,84.86188938938939,53.4464368189538,3.777899276477008,0.0,255.0,0.0,0.578125,0.6308443799255639,0.0,0.21025165698883458,2,2,2
test,1738,data\processed\exp_001_faces_224\test\1738.png,data\raw\kul-computer-vision-ga-1-2026\test\test_1738.npy,2b020032bef575696a1fda2758a431698a5f7ad5,0,23,0.640625,2,61.77082561907796,58.62300322771814,3.8861817266601193,0.0,255.0,0.0,0.640625,0.545628419325191,0.0,0.20996926289877865,2,2,2
test,203,data\processed\exp_001_faces_224\test\203.png,data\raw\kul-computer-vision-ga-1-2026\test\test_203.npy,f058a82b676105750025bdfea36ef93b0bd62d8c,0,20,0.6875,1,34.66833477473544,48.51330447890021,3.9757258334331453,0.0,255.0,0.0,0.6875,0.47515913217974826,0.0,0.20877386982696225,0,0,0
test,853,data\processed\exp_001_faces_224\test\853.png,data\raw\kul-computer-vision-ga-1-2026\test\test_853.npy,4b3d93b9592136f9896b879b8a52a9b0428232fd,0,33,0.484375,1,94.04866026520348,39.935327700235334,3.6373620667219706,0.0,255.0,0.0,0.484375,0.7414441429445899,0.0,0.2080916214416885,0,0,0
test,1455,data\processed\exp_001_faces_224\test\1455.png,data\raw\kul-computer-vision-ga-1-2026\test\test_1455.npy,e67944a9436b42e5f7267ee9dce607d6e3f683d3,0,24,0.625,2,94.89075520833333,76.95013801474748,3.8759144905025362,0.0,255.0,0.0,0.625,0.5537085134715625,0.0,0.20805627702073437,0,0,0
test,348,data\processed\exp_001_faces_224\test\348.png,data\raw\kul-computer-vision-ga-1-2026\test\test_348.npy,7abbc64c5d4215dfd39b94d590722abb6530a00a,0,36,0.4375,2,132.33996526938265,90.39566857067801,3.561161882518428,0.0,255.0,0.0,0.4375,0.8014120498754864,0.0,0.20771180748132295,1,1,1
test,1299,data\processed\exp_001_faces_224\test\1299.png,data\raw\kul-computer-vision-ga-1-2026\test\test_1299.npy,0430ba41e8adaa4746dafcf75d26151cf76f780b,0,24,0.625,1,107.20176890432099,93.78596368401563,3.892199893462063,0.0,255.0,0.0,0.625,0.5408922514215864,0.0,0.20613383771323796,1,1,1
test,1490,data\processed\exp_001_faces_224\test\1490.png,data\raw\kul-computer-vision-ga-1-2026\test\test_1490.npy,fc66cecf0bf2417cc01a3484fa84d13efab6d55f,0,33,0.484375,1,202.82946018893387,72.765712429527,3.6548244504384853,0.0,255.0,0.0,0.484375,0.7277016223398318,0.0,0.20603024335097478,0,0,0
test,193,data\processed\exp_001_faces_224\test\193.png,data\raw\kul-computer-vision-ga-1-2026\test\test_193.npy,bf7cd3d3bafb63e0413ab64ad5eb4a83b70e2a40,0,30,0.53125,1,130.42463058419244,69.74892639294005,3.734838502759941,0.0,227.0,0.0,0.53125,0.6647322831849553,0.0,0.2059598424777433,0,0,0
test,54,data\processed\exp_001_faces_224\test\54.png,data\raw\kul-computer-vision-ga-1-2026\test\test_54.npy,d7d817ebd3db1fda16544988e075771847a02645,0,24,0.625,1,59.14466772993089,53.99730812701707,3.893983342516664,0.0,255.0,0.0,0.625,0.5394887153535289,0.0,0.20592330730302932,2,2,2
test,448,data\processed\exp_001_faces_224\test\448.png,data\raw\kul-computer-vision-ga-1-2026\test\test_448.npy,c240d563e559003ee7424750e752bf94f2992851,0,19,0.703125,1,85.29510596765198,65.84744745923102,4.026580108354456,0.0,255.0,0.0,0.703125,0.4351379110056188,0.0,0.20589568665084282,0,0,0
test,1283,data\processed\exp_001_faces_224\test\1283.png,data\raw\kul-computer-vision-ga-1-2026\test\test_1283.npy,e769e9c29dd13c06f29dfe773ec624738aa04cc6,0,34,0.46875,1,108.78080904241655,74.51701490793229,3.630265516926194,0.0,251.0,0.0,0.46875,0.7470289750828806,0.0,0.2058043462624321,2,2,2
test,251,data\processed\exp_001_faces_224\test\251.png,data\raw\kul-computer-vision-ga-1-2026\test\test_251.npy,1f8031591a8fe07e734174a45588e75d06bb024b,0,30,0.53125,1,176.48557971014492,52.155471130714886,3.737277760625396,12.0,255.0,0.0,0.53125,0.6628126396803499,0.0,0.20567189595205249,0,0,0
test,1571,data\processed\exp_001_faces_224\test\1571.png,data\raw\kul-computer-vision-ga-1-2026\test\test_1571.npy,32cac22be180afb34c54c111bdde4cee0cebf1c8,0,30,0.53125,1,108.0284505479262,61.66021537496238,3.7492689180305625,0.0,255.0,0.0,0.53125,0.6533758565704041,0.0,0.2042563784855606,0,0,0
test,1513,data\processed\exp_001_faces_224\test\1513.png,data\raw\kul-computer-vision-ga-1-2026\test\test_1513.npy,03c6d32e3d1c342ae082030e6a0eb4289fb31d95,0,30,0.53125,1,183.1198090076139,41.72817630889832,3.7502240589887594,0.0,251.0,0.0,0.53125,0.6526241811684912,0.0,0.20414362717527368,0,0,0
test,1534,data\processed\exp_001_faces_224\test\1534.png,data\raw\kul-computer-vision-ga-1-2026\test\test_1534.npy,3b3df5f3096c579dd0aa7895268360d5ad181495,0,21,0.671875,1,54.98644345633319,48.67989582947647,3.9886657712506572,0.0,255.0,0.0,0.671875,0.46497567928074507,0.0,0.20412135189211175,0,0,0
test,1030,data\processed\exp_001_faces_224\test\1030.png,data\raw\kul-computer-vision-ga-1-2026\test\test_1030.npy,87052431978572860c021835b9ceb38e913854d2,0,31,0.515625,1,152.5449361290389,80.22282650061013,3.7245599144937436,0.0,255.0,0.0,0.515625,0.6728213111967758,0.0,0.20404819667951637,0,0,0
test,1451,data\processed\exp_001_faces_224\test\1451.png,data\raw\kul-computer-vision-ga-1-2026\test\test_1451.npy,c02fc84bd1fb4ca35ce34f0a150f1520d3fe4bda,0,38,0.40625,2,128.81128431914502,93.33537496281212,3.5411496972440517,0.0,255.0,0.0,0.40625,0.8171612094944714,0.0,0.2038241814241707,0,0,0
test,962,data\processed\exp_001_faces_224\test\962.png,data\raw\kul-computer-vision-ga-1-2026\test\test_962.npy,04d41217ff54fb32be79a9543f23846ab2c2e7e7,0,47,0.265625,1,213.02802708405596,53.69501910487409,3.117574651056608,0.0,255.0,0.0,0.265625,1.0,0.0,0.203125,0,0,0
test,1236,data\processed\exp_001_faces_224\test\1236.png,data\raw\kul-computer-vision-ga-1-2026\test\test_1236.npy,899f571906100531dcefb2e759fd9cbc8827777e,0,31,0.515625,0,116.67022244003375,75.46985563625708,5.3308060768707985,0.0,255.0,0.0,0.515625,0.0,1.0,0.203125,0,0,0
test,1774,data\processed\exp_001_faces_224\test\1774.png,data\raw\kul-computer-vision-ga-1-2026\test\test_1774.npy,b2ac5fa4861ab0740b736774bc7b2cd751cda5e7,0,27,0.578125,1,166.5535171240595,79.51130948472345,3.839387534282325,0.0,255.0,0.0,0.578125,0.5824544428151391,0.0,0.2029931664222709,1,1,1
test,1667,data\processed\exp_001_faces_224\test\1667.png,data\raw\kul-computer-vision-ga-1-2026\test\test_1667.npy,0595371d00ac931649ecacb90384962f40aecb35,0,36,0.4375,1,180.24545252018936,80.41908777070506,3.6028156690025837,0.0,255.0,0.0,0.4375,0.7686314153230944,0.0,0.20279471229846419,0,0,0
test,1795,data\processed\exp_001_faces_224\test\1795.png,data\raw\kul-computer-vision-ga-1-2026\test\test_1795.npy,8b8a3a515ac1a8efd070ed48b68f523763d37154,0,38,0.40625,2,113.22565377028005,69.21593974699258,3.550095057416498,0.0,255.0,0.0,0.40625,0.8101214033326948,0.0,0.20276821049990423,2,2,2
test,491,data\processed\exp_001_faces_224\test\491.png,data\raw\kul-computer-vision-ga-1-2026\test\test_491.npy,6209489a690e22a890a6244b1d343113c3c211a4,0,29,0.546875,1,91.6579537037037,76.6617509374807,3.789735095891779,0.0,255.0,0.0,0.546875,0.6215298444748363,0.0,0.20260447667122544,1,1,1
test,1105,data\processed\exp_001_faces_224\test\1105.png,data\raw\kul-computer-vision-ga-1-2026\test\test_1105.npy,c603c63758a3f3772e64c3b06bc806cc6b3f7b7a,0,25,0.609375,1,78.16982065293541,50.14330673166708,3.906927176380205,0.0,255.0,0.0,0.609375,0.529302196350052,0.0,0.20127032945250783,1,1,1
test,1395,data\processed\exp_001_faces_224\test\1395.png,data\raw\kul-computer-vision-ga-1-2026\test\test_1395.npy,acf5547a5b7d80a503b8767f93b0ab5ea77af18c,0,27,0.578125,1,90.01031853523953,49.51934153164276,3.856695398151409,0.0,234.0,0.0,0.578125,0.5688335260086729,0.0,0.20095002890130093,0,0,0
test,811,data\processed\exp_001_faces_224\test\811.png,data\raw\kul-computer-vision-ga-1-2026\test\test_811.npy,5df9ac7784160151c1e47749fb0676b32b64f7f0,0,29,0.546875,1,83.79881975308642,54.81148731172205,3.8053822993800717,0.0,255.0,0.0,0.546875,0.6092158316896661,0.0,0.2007573747534499,1,1,1
test,949,data\processed\exp_001_faces_224\test\949.png,data\raw\kul-computer-vision-ga-1-2026\test\test_949.npy,c2f09b19579e89b6b6c91fa720697144e6222729,0,32,0.5,0,214.6928125,61.533001904180196,5.877056962025316,92.0,255.0,0.0,0.5,0.0,1.0,0.2,0,0,0
test,152,data\processed\exp_001_faces_224\test\152.png,data\raw\kul-computer-vision-ga-1-2026\test\test_152.npy,ca33c6943417f0ada40c028f1723f5aa21d17679,0,32,0.5,1,101.73990096121244,77.66716788645941,3.73788627547795,0.0,255.0,0.0,0.5,0.6623337515723299,0.0,0.1993500627358495,2,2,2
test,1473,data\processed\exp_001_faces_224\test\1473.png,data\raw\kul-computer-vision-ga-1-2026\test\test_1473.npy,c1a348c8683587f1c38d618236397f940125ad5a,0,29,0.546875,1,100.27486466487518,75.14666049673052,3.8280465570385678,0.0,255.0,0.0,0.546875,0.5913795481146539,0.0,0.19808193221719808,2,2,2
test,953,data\processed\exp_001_faces_224\test\953.png,data\raw\kul-computer-vision-ga-1-2026\test\test_953.npy,f703397190b1e7fd764d277f0d82639dda158103,0,26,0.59375,1,101.2649925399333,82.46324187439673,3.907591775616967,0.0,255.0,0.0,0.59375,0.5287791710372781,0.0,0.19806687565559172,0,0,1
test,293,data\processed\exp_001_faces_224\test\293.png,data\raw\kul-computer-vision-ga-1-2026\test\test_293.npy,5211fb3a011f1f2da0c97cef026a38382e816a86,0,28,0.5625,2,85.62255389718077,65.30271364642924,3.8571329365830556,1.0,255.0,0.0,0.5625,0.5684891926685121,0.0,0.1977733789002768,0,0,0
test,989,data\processed\exp_001_faces_224\test\989.png,data\raw\kul-computer-vision-ga-1-2026\test\test_989.npy,02961ef8e0d4de27f9698e4e70b71a558a4da9b4,0,39,0.390625,1,150.65672841514237,85.24421419392299,3.566749889150607,0.0,255.0,0.0,0.390625,0.7970144087785482,0.0,0.19767716131678223,0,0,0
test,304,data\processed\exp_001_faces_224\test\304.png,data\raw\kul-computer-vision-ga-1-2026\test\test_304.npy,b525124ecd8e7ed4c2508b6654cc49358b9906a7,0,23,0.640625,1,68.8580658951261,55.42823416878165,3.991542674749368,0.0,255.0,0.0,0.640625,0.4627116180706171,0.0,0.1975317427105926,2,2,2
test,1565,data\processed\exp_001_faces_224\test\1565.png,data\raw\kul-computer-vision-ga-1-2026\test\test_1565.npy,7e1c73facf915626f8a6b8d8689177f6a6504073,0,35,0.453125,1,87.12734379809172,56.031363350444224,3.67541328417767,0.0,255.0,0.0,0.453125,0.7114986527749664,0.0,0.19734979791624496,0,0,0
test,151,data\processed\exp_001_faces_224\test\151.png,data\raw\kul-computer-vision-ga-1-2026\test\test_151.npy,3fe6c2986ff2dec33b88a97097608de79b530102,0,33,0.484375,0,161.08680693069306,68.77693761919873,4.618394480522713,0.0,255.0,0.0,0.484375,0.0,1.0,0.19687500000000002,0,0,0
test,657,data\processed\exp_001_faces_224\test\657.png,data\raw\kul-computer-vision-ga-1-2026\test\test_657.npy,4ad6853022449df9dd5f8b87aa65761d701686cc,0,25,0.609375,1,59.17069058641975,70.27760109596765,3.948884471906785,0.0,255.0,0.0,0.609375,0.49628270670565466,0.0,0.1963174060058482,1,1,1
test,283,data\processed\exp_001_faces_224\test\283.png,data\raw\kul-computer-vision-ga-1-2026\test\test_283.npy,c95b48f12e5d07ff07990abd9524088e585ffccd,0,37,0.421875,1,84.7841499940635,56.41601946670843,3.6460453586158974,0.0,255.0,0.0,0.421875,0.7346105788844574,0.0,0.1945665868326686,2,2,2
test,808,data\processed\exp_001_faces_224\test\808.png,data\raw\kul-computer-vision-ga-1-2026\test\test_808.npy,fa215ba2ca89f179b96fcf09617ce97829f0461e,0,26,0.59375,1,136.41793580868472,78.35164315174924,3.93748817115181,0.0,255.0,0.0,0.59375,0.5052513504192357,0.0,0.19453770256288538,1,1,1
test,345,data\processed\exp_001_faces_224\test\345.png,data\raw\kul-computer-vision-ga-1-2026\test\test_345.npy,a250a5cba0c9967328b6df0e14d05405218d0511,0,27,0.578125,1,110.39690555555555,72.04760786669674,3.9111441181921727,0.0,255.0,0.0,0.578125,0.525983553793525,0.0,0.19452253306902875,2,2,2
test,1506,data\processed\exp_001_faces_224\test\1506.png,data\raw\kul-computer-vision-ga-1-2026\test\test_1506.npy,e7adef0a99647709d4e5e2f26db281546e9aeecb,0,27,0.578125,1,154.50576971529352,76.09781933892583,3.911817140161089,0.0,255.0,0.0,0.578125,0.5254538999716049,0.0,0.19444308499574073,2,2,2
test,988,data\processed\exp_001_faces_224\test\988.png,data\raw\kul-computer-vision-ga-1-2026\test\test_988.npy,a8ee37ad5033e9f71054c0ba6f1cb44afa912535,0,34,0.46875,1,133.11230427824788,73.39353409827305,3.7288344106271754,0.0,255.0,0.0,0.46875,0.6694573746264729,0.0,0.19416860619397092,2,2,2
test,92,data\processed\exp_001_faces_224\test\92.png,data\raw\kul-computer-vision-ga-1-2026\test\test_92.npy,3746104283b869070ab22bcc993afb6096b687a6,0,34,0.46875,0,207.24052592592594,88.00412388833281,9.463690078037905,0.0,255.0,0.0,0.46875,0.0,1.0,0.19375,0,0,0
test,262,data\processed\exp_001_faces_224\test\262.png,data\raw\kul-computer-vision-ga-1-2026\test\test_262.npy,3746104283b869070ab22bcc993afb6096b687a6,0,34,0.46875,0,207.24052592592594,88.00412388833281,9.463690078037905,0.0,255.0,0.0,0.46875,0.0,1.0,0.19375,0,0,0
test,498,data\processed\exp_001_faces_224\test\498.png,data\raw\kul-computer-vision-ga-1-2026\test\test_498.npy,3746104283b869070ab22bcc993afb6096b687a6,0,34,0.46875,0,207.24052592592594,88.00412388833281,9.463690078037905,0.0,255.0,0.0,0.46875,0.0,1.0,0.19375,0,0,0
test,1383,data\processed\exp_001_faces_224\test\1383.png,data\raw\kul-computer-vision-ga-1-2026\test\test_1383.npy,3746104283b869070ab22bcc993afb6096b687a6,0,34,0.46875,0,207.24052592592594,88.00412388833281,9.463690078037905,0.0,255.0,0.0,0.46875,0.0,1.0,0.19375,0,0,0
test,816,data\processed\exp_001_faces_224\test\816.png,data\raw\kul-computer-vision-ga-1-2026\test\test_816.npy,0660202eec7940a8d893036c0b0d17db1bf4759a,0,25,0.609375,1,93.71410098473541,64.91800333243374,3.972697753273784,0.0,255.0,0.0,0.609375,0.47754216617203926,0.0,0.19350632492580588,2,2,2
test,1192,data\processed\exp_001_faces_224\test\1192.png,data\raw\kul-computer-vision-ga-1-2026\test\test_1192.npy,ec8228288ac44eb0467af5cb7e080865b0a70376,0,24,0.625,1,134.4288017364627,71.18460661008044,4.0000479164270155,0.0,255.0,0.0,0.625,0.45601817570323966,0.0,0.19340272635548594,2,2,2
test,593,data\processed\exp_001_faces_224\test\593.png,data\raw\kul-computer-vision-ga-1-2026\test\test_593.npy,79663f0a4bc7296850b28a7ffe506de7daaa87ff,0,27,0.578125,1,94.25102222222222,58.34449092397057,3.9240797820391444,0.0,255.0,0.0,0.578125,0.5158034644174615,0.0,0.19299551966261924,1,1,1
test,762,data\processed\exp_001_faces_224\test\762.png,data\raw\kul-computer-vision-ga-1-2026\test\test_762.npy,148a5c07b2583ea5c3f14931fd3ebdc8a0c4138b,0,32,0.5,1,74.42582690972222,69.4611883142898,3.800814270042775,0.0,255.0,0.0,0.5,0.6128107725814739,0.0,0.19192161588722106,2,2,2
test,1699,data\processed\exp_001_faces_224\test\1699.png,data\raw\kul-computer-vision-ga-1-2026\test\test_1699.npy,dc234a1786089e9fe9923c26dcfc15e7931acd96,0,26,0.59375,1,177.9976026272578,53.94491596181988,3.9610221633581313,8.0,255.0,0.0,0.59375,0.48673060445133437,0.0,0.19175959066770015,0,0,0
test,483,data\processed\exp_001_faces_224\test\483.png,data\raw\kul-computer-vision-ga-1-2026\test\test_483.npy,540dfca1131dc512d7c7ec45ee7e23a5bff64614,0,27,0.578125,2,71.39943741209564,67.94309366048245,3.935162589583522,0.0,255.0,0.0,0.578125,0.5070815331216134,0.0,0.191687229968242,2,2,2
test,1474,data\processed\exp_001_faces_224\test\1474.png,data\raw\kul-computer-vision-ga-1-2026\test\test_1474.npy,c4da3405e7492c0eb2746024e9c3a7c8d5da982a,0,20,0.6875,2,85.8302672838192,61.9641910591826,4.12737237973144,0.0,255.0,0.0,0.6875,0.3558165601130361,0.0,0.19087248401695542,0,0,0
test,99,data\processed\exp_001_faces_224\test\99.png,data\raw\kul-computer-vision-ga-1-2026\test\test_99.npy,7912724370a0d3f9620314f13a4a224371fa8d0c,0,30,0.53125,1,72.93479392212726,56.50284448394696,3.8658337079096468,0.0,255.0,0.0,0.53125,0.5616418726706193,0.0,0.1904962809005929,2,2,2
test,790,data\processed\exp_001_faces_224\test\790.png,data\raw\kul-computer-vision-ga-1-2026\test\test_790.npy,f4754eded281a7dd64fbcbb7449a2d3d00e93496,0,21,0.671875,2,186.29735919544726,66.73658591396574,4.105132317990775,0.0,255.0,0.0,0.671875,0.373319010619443,0.0,0.19037285159291645,1,1,1
test,881,data\processed\exp_001_faces_224\test\881.png,data\raw\kul-computer-vision-ga-1-2026\test\test_881.npy,f4754eded281a7dd64fbcbb7449a2d3d00e93496,0,21,0.671875,2,186.29735919544726,66.73658591396574,4.105132317990775,0.0,255.0,0.0,0.671875,0.373319010619443,0.0,0.19037285159291645,1,1,1
test,231,data\processed\exp_001_faces_224\test\231.png,data\raw\kul-computer-vision-ga-1-2026\test\test_231.npy,b12ab18f6d989128d85efe08f2bc4484c48fd391,0,25,0.609375,1,74.0143533697632,68.36897672154844,3.9999648281759814,0.0,255.0,0.0,0.609375,0.4560835643706969,0.0,0.19028753465560455,0,0,0
test,1700,data\processed\exp_001_faces_224\test\1700.png,data\raw\kul-computer-vision-ga-1-2026\test\test_1700.npy,a3adba34abb29e797344dfde8b69eb2d3709ca12,0,37,0.421875,1,154.92816919541775,83.40052640892414,3.6831199995413066,0.0,255.0,0.0,0.421875,0.7054336334511945,0.0,0.19019004501767917,0,0,0
test,383,data\processed\exp_001_faces_224\test\383.png,data\raw\kul-computer-vision-ga-1-2026\test\test_383.npy,136793c2ab83e313486c00edfdbf24f8b2c93a85,0,22,0.65625,1,75.1783971247447,43.63692806659039,4.081427527798361,0.0,255.0,0.0,0.65625,0.3919741709308406,0.0,0.19004612563962608,0,0,0
test,577,data\processed\exp_001_faces_224\test\577.png,data\raw\kul-computer-vision-ga-1-2026\test\test_577.npy,6123231bf66693a75cb60acdea269c464d2f3ab8,0,25,0.609375,8,38.123391203703704,47.31845292267181,4.002435275476698,0.0,255.0,0.0,0.609375,0.45413937545100463,0.0,0.1899959063176507,1,1,1
test,731,data\processed\exp_001_faces_224\test\731.png,data\raw\kul-computer-vision-ga-1-2026\test\test_731.npy,e78ce3126c14fd139905a374fbd17fb37e431176,0,32,0.5,1,154.3321893841516,89.95979781629653,3.819595366075497,0.0,255.0,0.0,0.5,0.5980304537315605,0.0,0.18970456805973407,1,1,1
test,31,data\processed\exp_001_faces_224\test\31.png,data\raw\kul-computer-vision-ga-1-2026\test\test_31.npy,c424a0b11237404e26d60c9e3c9e53e6bc605d42,0,29,0.546875,1,93.89199741435036,64.36525212287442,3.902866543074367,0.0,255.0,0.0,0.546875,0.532497827472341,0.0,0.18924967412085114,0,0,1
test,1663,data\processed\exp_001_faces_224\test\1663.png,data\raw\kul-computer-vision-ga-1-2026\test\test_1663.npy,c2bdb3fc134201e9701aa7449d353cb84e2b0c22,0,27,0.578125,4,36.578166079812206,57.77416409414836,3.9600993868486487,0.0,255.0,0.0,0.578125,0.48745680972783156,0.0,0.18874352145917472,1,1,1
test,613,data\processed\exp_001_faces_224\test\613.png,data\raw\kul-computer-vision-ga-1-2026\test\test_613.npy,3fa9639ebce80012480a8bdc8470b9378aa48814,0,30,0.53125,1,131.37927090880677,66.07239567133384,3.8815870078273225,0.0,255.0,0.0,0.53125,0.5492443642762268,0.0,0.18863665464143403,0,0,0
test,856,data\processed\exp_001_faces_224\test\856.png,data\raw\kul-computer-vision-ga-1-2026\test\test_856.npy,1839d9b9dbede71ada7e541f1161f71b075f7271,0,25,0.609375,1,122.66649561020934,84.69117534140463,4.0139596319470385,0.0,255.0,0.0,0.609375,0.4450699546421801,0.0,0.18863549319632703,1,1,1
test,1551,data\processed\exp_001_faces_224\test\1551.png,data\raw\kul-computer-vision-ga-1-2026\test\test_1551.npy,579f02f562966cd69450039b8653d040c90bcb11,0,40,0.375,2,95.81109763681592,69.91325419789138,3.6193976827795353,0.0,255.0,0.0,0.375,0.7555817269358995,0.0,0.18833725904038495,0,0,0
test,649,data\processed\exp_001_faces_224\test\649.png,data\raw\kul-computer-vision-ga-1-2026\test\test_649.npy,bee5b60a3c5dc2abf0c1f10abed051ba49b2d465,0,29,0.546875,1,153.21975252525252,80.78563765767365,3.9129101314697516,0.0,251.0,0.0,0.546875,0.5245937393071756,0.0,0.18806406089607633,2,2,2
test,1260,data\processed\exp_001_faces_224\test\1260.png,data\raw\kul-computer-vision-ga-1-2026\test\test_1260.npy,a2b13cf39859493ef3f459c89595a7b59b262d24,0,27,0.578125,1,146.36447337962963,100.0951203499685,3.9673451123822865,0.0,255.0,0.0,0.578125,0.4817545794906006,0.0,0.1878881869235901,0,0,0
test,272,data\processed\exp_001_faces_224\test\272.png,data\raw\kul-computer-vision-ga-1-2026\test\test_272.npy,5c4cbb5692bef83dd0d12c42a35247e59f0fd98e,0,20,0.6875,2,90.79983035573532,63.75624814324017,4.154402635772408,0.0,255.0,0.0,0.6875,0.3345443296647047,0.0,0.18768164944970572,0,0,0
test,639,data\processed\exp_001_faces_224\test\639.png,data\raw\kul-computer-vision-ga-1-2026\test\test_639.npy,d60004512f667e74f5232b909debabe87727ecf7,0,29,0.546875,1,65.57481481481481,70.48523702772513,3.91965068448654,0.0,255.0,0.0,0.546875,0.5192890689812637,0.0,0.18726836034718955,1,1,1
test,507,data\processed\exp_001_faces_224\test\507.png,data\raw\kul-computer-vision-ga-1-2026\test\test_507.npy,bd1bb52c714d73b4a2f8874d64b7658b59cce825,0,26,0.59375,1,125.84180629539952,50.2946794988281,4.00429849582009,0.0,255.0,0.0,0.59375,0.4526730610934716,0.0,0.18665095916402075,2,2,2
test,284,data\processed\exp_001_faces_224\test\284.png,data\raw\kul-computer-vision-ga-1-2026\test\test_284.npy,a1c2774a9891b8920ac87ff21b8d980ea09a4145,0,19,0.703125,2,86.0911019502905,75.94102554488767,4.191889573496118,0.0,255.0,0.0,0.703125,0.30504291551411766,0.0,0.18638143732711765,1,1,1
test,863,data\processed\exp_001_faces_224\test\863.png,data\raw\kul-computer-vision-ga-1-2026\test\test_863.npy,bfc908c12a38d2daca04b85b84410dd94e43fe73,0,32,0.5,1,161.34440504937137,74.7864157125863,3.8639990631920034,0.0,255.0,0.0,0.5,0.5630856986249637,0.0,0.18446285479374458,0,0,0
test,5,data\processed\exp_001_faces_224\test\5.png,data\raw\kul-computer-vision-ga-1-2026\test\test_5.npy,fc6ca4015f553a6315027eb14cc2e4d9e24b8dd4,0,17,0.734375,2,43.1623636146235,54.26033983158377,4.265856789979889,0.0,255.0,0.0,0.734375,0.24683230617768998,0.0,0.1838998459266535,1,1,1
test,1043,data\processed\exp_001_faces_224\test\1043.png,data\raw\kul-computer-vision-ga-1-2026\test\test_1043.npy,fc6ca4015f553a6315027eb14cc2e4d9e24b8dd4,0,17,0.734375,2,43.1623636146235,54.26033983158377,4.265856789979889,0.0,255.0,0.0,0.734375,0.24683230617768998,0.0,0.1838998459266535,1,1,1
test,1108,data\processed\exp_001_faces_224\test\1108.png,data\raw\kul-computer-vision-ga-1-2026\test\test_1108.npy,1ad762185422f19bf34870aa49719b3aae8fbfd8,0,35,0.453125,1,210.95704330632717,60.783219208235,3.7902825929880226,1.0,255.0,0.0,0.453125,0.6210989760293639,0.0,0.1837898464044046,0,0,0
test,186,data\processed\exp_001_faces_224\test\186.png,data\raw\kul-computer-vision-ga-1-2026\test\test_186.npy,05f5996b1aa6277f08d0856a5e00586be19ee29c,0,28,0.5625,2,74.71498528099598,51.80686407043268,3.9825285490636713,0.0,255.0,0.0,0.5625,0.46980554121310375,0.0,0.18297083118196555,2,2,2
test,213,data\processed\exp_001_faces_224\test\213.png,data\raw\kul-computer-vision-ga-1-2026\test\test_213.npy,d6516128f2978550ac2959428dfd190b55453e0b,0,28,0.5625,2,76.28094740654076,81.59512924782773,3.983910980678789,0.0,255.0,0.0,0.5625,0.4687175972494478,0.0,0.18280763958741716,0,0,0
test,977,data\processed\exp_001_faces_224\test\977.png,data\raw\kul-computer-vision-ga-1-2026\test\test_977.npy,2ff002d8910ae450623129a39eb2948ef1c9b7e1,0,29,0.546875,1,125.00743935294733,75.01504598830925,3.9633222657177765,0.0,255.0,0.0,0.546875,0.48492047333844496,0.0,0.18211307100076674,1,1,1
test,1284,data\processed\exp_001_faces_224\test\1284.png,data\raw\kul-computer-vision-ga-1-2026\test\test_1284.npy,46cb592b605f7a55a75a8ed45c47eb97a15723b8,0,23,0.640625,1,70.86321481481481,48.318427442890304,4.125403195837978,0.0,255.0,0.0,0.640625,0.3573662655066284,0.0,0.18172993982599428,2,2,2
test,161,data\processed\exp_001_faces_224\test\161.png,data\raw\kul-computer-vision-ga-1-2026\test\test_161.npy,f770a026e604bffdbf3c31b9fea893eecf0bd236,0,21,0.671875,2,131.8966217026379,71.8352267034882,4.179473476998646,0.0,255.0,0.0,0.671875,0.31481411655500474,0.0,0.1815971174832507,0,0,0
test,1308,data\processed\exp_001_faces_224\test\1308.png,data\raw\kul-computer-vision-ga-1-2026\test\test_1308.npy,59455aa5d210be93df8828634d8f28e5e1b9dee5,0,25,0.609375,1,85.11394013060679,69.98854311437303,4.074474308757065,0.0,249.0,0.0,0.609375,0.39744620484646487,0.0,0.18149193072696973,1,1,1
test,928,data\processed\exp_001_faces_224\test\928.png,data\raw\kul-computer-vision-ga-1-2026\test\test_928.npy,ef22699e27a7ce407388163675a7ac9464d25e2e,0,38,0.40625,0,126.25625850340136,71.5874281701601,7.2851522746259585,0.0,255.0,0.0,0.40625,0.0,1.0,0.18125000000000002,0,0,1
test,377,data\processed\exp_001_faces_224\test\377.png,data\raw\kul-computer-vision-ga-1-2026\test\test_377.npy,0c01fda054583c7e326e56f173936585847b3b1b,0,37,0.421875,2,52.2729375,48.65874519845081,3.75959740140161,0.0,255.0,0.0,0.421875,0.6452475621836369,0.0,0.18116213432754552,0,0,0
test,901,data\processed\exp_001_faces_224\test\901.png,data\raw\kul-computer-vision-ga-1-2026\test\test_901.npy,29dad616860670f0fc111c66edd94d1c261d3f70,0,27,0.578125,2,96.47467209407507,84.09524456041429,4.030300616288667,0.0,255.0,0.0,0.578125,0.4322099512392954,0.0,0.1804564926858943,0,0,0
test,1501,data\processed\exp_001_faces_224\test\1501.png,data\raw\kul-computer-vision-ga-1-2026\test\test_1501.npy,75651c5d666d0aff1ec91dfd799ade7653218f70,0,39,0.390625,1,88.29837560386474,62.63859401297035,3.71587594552066,0.0,255.0,0.0,0.390625,0.6796554081036499,0.0,0.18007331121554748,2,2,2
test,963,data\processed\exp_001_faces_224\test\963.png,data\raw\kul-computer-vision-ga-1-2026\test\test_963.npy,ff8ea2422b4f0ffdf941644862fa7235379d7389,0,33,0.484375,1,123.83395833333333,110.13023350988914,3.8808958170662677,0.0,255.0,0.0,0.484375,0.5497883165469943,0.0,0.17934324748204916,1,1,1
test,525,data\processed\exp_001_faces_224\test\525.png,data\raw\kul-computer-vision-ga-1-2026\test\test_525.npy,9dbe3d51a5f039238d15eec049486fc22575248b,0,37,0.421875,2,106.7729931577052,68.07424066995063,3.775135766760902,0.0,255.0,0.0,0.421875,0.6330192026663515,0.0,0.17932788039995273,2,2,2
test,1081,data\processed\exp_001_faces_224\test\1081.png,data\raw\kul-computer-vision-ga-1-2026\test\test_1081.npy,744741c54f2ed3e8df0a426edbca711d2f18c1ae,0,27,0.578125,1,107.50845511111112,78.07144142286873,4.0442199066579985,0.0,255.0,0.0,0.578125,0.4212557689346626,0.0,0.1788133653401994,0,0,0
test,1665,data\processed\exp_001_faces_224\test\1665.png,data\raw\kul-computer-vision-ga-1-2026\test\test_1665.npy,4cf8fb14573873cb88ea13a59b8a9260424574c8,0,37,0.421875,1,116.64326838725847,67.07486759108406,3.780599290539345,0.0,255.0,0.0,0.421875,0.6287195268993581,0.0,0.1786829290349037,0,0,0
test,1266,data\processed\exp_001_faces_224\test\1266.png,data\raw\kul-computer-vision-ga-1-2026\test\test_1266.npy,522d26f13c234298c8176a29320ddf27712be7f0,0,28,0.5625,1,74.63378917378917,66.71268213770777,4.028471124741715,0.0,255.0,0.0,0.5625,0.4336497217590804,0.0,0.17754745826386206,0,0,0
test,1578,data\processed\exp_001_faces_224\test\1578.png,data\raw\kul-computer-vision-ga-1-2026\test\test_1578.npy,61a84fdbee86745ba97f1bb215c12db245574293,0,37,0.421875,1,185.2789311427696,49.35166327264004,3.797342576764814,0.0,255.0,0.0,0.421875,0.6155429205619732,0.0,0.17670643808429598,0,0,0
test,1113,data\processed\exp_001_faces_224\test\1113.png,data\raw\kul-computer-vision-ga-1-2026\test\test_1113.npy,700f6ff356c10da02c81d4877bfb9fec35bd03f1,0,26,0.59375,1,180.83208754208755,53.25994840052679,4.095545818915384,0.0,255.0,0.0,0.59375,0.38086337931559455,0.0,0.1758795068973392,0,0,0
test,935,data\processed\exp_001_faces_224\test\935.png,data\raw\kul-computer-vision-ga-1-2026\test\test_935.npy,74cd47ab1808478aaf82518d789f33dc3418a653,0,21,0.671875,1,133.39119890892042,56.45617851443461,4.228520458771843,0.0,255.0,0.0,0.671875,0.2762151962379625,0.0,0.17580727943569435,0,0,0
test,769,data\processed\exp_001_faces_224\test\769.png,data\raw\kul-computer-vision-ga-1-2026\test\test_769.npy,56683addffc8f994e3de117e499c3deab7774f7f,0,29,0.546875,2,78.39959556139583,59.816677653636134,4.0280164751961,0.0,255.0,0.0,0.546875,0.43400752117810526,0.0,0.1744761281767158,2,2,2
test,349,data\processed\exp_001_faces_224\test\349.png,data\raw\kul-computer-vision-ga-1-2026\test\test_349.npy,5b00b7c717bef948ee8fbc5648468d77d6ae7f26,0,25,0.609375,1,63.632912581699344,59.112887959996634,4.1360117785652015,0.0,255.0,0.0,0.609375,0.3490175389477067,0.0,0.174227630842156,2,2,2
test,1084,data\processed\exp_001_faces_224\test\1084.png,data\raw\kul-computer-vision-ga-1-2026\test\test_1084.npy,eaabf0f04718fbfba31eb83f968d62d15844e6ad,0,32,0.5,2,103.91594485996522,79.33319618229315,3.955782648261062,0.0,255.0,0.0,0.5,0.49085399020148957,0.0,0.17362809853022343,0,0,0
test,984,data\processed\exp_001_faces_224\test\984.png,data\raw\kul-computer-vision-ga-1-2026\test\test_984.npy,f3c35b85377f7531eb74864a5aa33a6072b29a27,0,39,0.390625,1,184.963586418266,63.17944245902435,3.7711753168685807,0.0,255.0,0.0,0.390625,0.6361359915957957,0.0,0.17354539873936936,1,1,1
test,1237,data\processed\exp_001_faces_224\test\1237.png,data\raw\kul-computer-vision-ga-1-2026\test\test_1237.npy,25a2267e5a41c52e87bb85b4b0697b01e47f4585,0,36,0.4375,1,178.68648971193414,73.39490215210155,3.8554445755288693,0.0,255.0,0.0,0.4375,0.5698178965243026,0.0,0.1729726844786454,0,0,0
test,17,data\processed\exp_001_faces_224\test\17.png,data\raw\kul-computer-vision-ga-1-2026\test\test_17.npy,f5883febd521018004ec1d9b3b1364de6330d997,0,24,0.625,1,138.71387860082305,76.99463949579959,4.177275244780921,0.0,253.0,0.0,0.625,0.3165440780560545,0.0,0.17248161170840817,2,2,2
test,38,data\processed\exp_001_faces_224\test\38.png,data\raw\kul-computer-vision-ga-1-2026\test\test_38.npy,f5883febd521018004ec1d9b3b1364de6330d997,0,24,0.625,1,138.71387860082305,76.99463949579959,4.177275244780921,0.0,253.0,0.0,0.625,0.3165440780560545,0.0,0.17248161170840817,2,2,2
test,1526,data\processed\exp_001_faces_224\test\1526.png,data\raw\kul-computer-vision-ga-1-2026\test\test_1526.npy,f5883febd521018004ec1d9b3b1364de6330d997,0,24,0.625,1,138.71387860082305,76.99463949579959,4.177275244780921,0.0,253.0,0.0,0.625,0.3165440780560545,0.0,0.17248161170840817,2,2,2
test,523,data\processed\exp_001_faces_224\test\523.png,data\raw\kul-computer-vision-ga-1-2026\test\test_523.npy,c4c3591273a8eccb2b04c221e2554c3e0259c1bf,0,9,0.859375,1,113.91883720930232,76.22895818505611,6.038633815713148,0.0,255.0,0.0,0.859375,0.0,0.0,0.171875,2,2,2
test,1527,data\processed\exp_001_faces_224\test\1527.png,data\raw\kul-computer-vision-ga-1-2026\test\test_1527.npy,fb71f62cbdd7b30b0c7931cf9a8dc971e79163a1,0,29,0.546875,2,43.94062385003355,50.79647914864099,4.054600444689031,0.0,255.0,0.0,0.546875,0.41308650864948004,0.0,0.171337976297422,0,0,0
test,1323,data\processed\exp_001_faces_224\test\1323.png,data\raw\kul-computer-vision-ga-1-2026\test\test_1323.npy,2290a56e52a4f32ab44ed23675413009e4dfb827,0,28,0.5625,1,42.51470992775341,54.34704021791144,4.082695405930225,0.0,255.0,0.0,0.5625,0.39097637809600677,0.0,0.171146456714401,0,0,0
test,444,data\processed\exp_001_faces_224\test\444.png,data\raw\kul-computer-vision-ga-1-2026\test\test_444.npy,b343de7ef505d38809c75dbbc8ba158250546c46,0,28,0.5625,1,103.16649493243243,87.77008485036444,4.090034364851701,0.0,255.0,0.0,0.5625,0.38520077518673845,0.0,0.17028011627801076,0,0,1
test,1345,data\processed\exp_001_faces_224\test\1345.png,data\raw\kul-computer-vision-ga-1-2026\test\test_1345.npy,5c00ce5056e30b4a3b1114abba3bd4e0e3f97fa3,0,38,0.40625,1,166.48072555555555,70.47982290971424,3.827200448197452,11.0,255.0,0.0,0.40625,0.592045417584233,0.0,0.17005681263763495,0,0,0
test,78,data\processed\exp_001_faces_224\test\78.png,data\raw\kul-computer-vision-ga-1-2026\test\test_78.npy,5ffa1e722b23503351e58ecd098795abf1042f37,0,30,0.53125,1,135.7847291682696,80.2626433126109,4.041053292640381,0.0,255.0,0.0,0.53125,0.42374782609540795,0.0,0.1698121739143112,1,1,1
test,665,data\processed\exp_001_faces_224\test\665.png,data\raw\kul-computer-vision-ga-1-2026\test\test_665.npy,9ddd951557cf57a04ca9b650b0ce01ecda1480e4,0,27,0.578125,1,111.87467978395061,55.801417502662176,4.122017611704431,0.0,232.0,0.0,0.578125,0.3600306474415195,0.0,0.16962959711622794,1,1,1
test,1624,data\processed\exp_001_faces_224\test\1624.png,data\raw\kul-computer-vision-ga-1-2026\test\test_1624.npy,a6094c3a9b91c79e2ebdb3b13719276e6be7da6b,0,21,0.671875,2,82.24892578125,77.57549235306222,4.2819996667324745,0.0,255.0,0.0,0.671875,0.23412820918876204,0.0,0.1694942313783143,0,0,0
test,806,data\processed\exp_001_faces_224\test\806.png,data\raw\kul-computer-vision-ga-1-2026\test\test_806.npy,5316a2530fea1422c30b4e912edc233a5b38b60a,0,33,0.484375,3,74.35694244027577,63.233054560221326,3.965072917004289,0.0,255.0,0.0,0.484375,0.48354274840883565,0.0,0.16940641226132536,2,2,2
test,308,data\processed\exp_001_faces_224\test\308.png,data\raw\kul-computer-vision-ga-1-2026\test\test_308.npy,c3b664435172dbb7bf76d556fde604e6e07fafc4,0,30,0.53125,1,182.20317656765675,41.607489753718475,4.046877700337115,0.0,255.0,0.0,0.53125,0.419164142442461,0.0,0.16912462136636916,0,0,0
test,1518,data\processed\exp_001_faces_224\test\1518.png,data\raw\kul-computer-vision-ga-1-2026\test\test_1518.npy,a547390dd3270a3f96a52bf0c4ccfb3bfeb300bf,0,26,0.59375,1,89.95375555555556,68.84685934341057,4.16088020596935,0.0,255.0,0.0,0.59375,0.32944662116480217,0.0,0.16816699317472034,1,1,1
test,1493,data\processed\exp_001_faces_224\test\1493.png,data\raw\kul-computer-vision-ga-1-2026\test\test_1493.npy,9a49ae9f3e0996679808ad1312385006a3b122fb,0,20,0.6875,1,110.39601546103788,68.35603996069678,4.322082107041311,0.0,255.0,0.0,0.6875,0.20258419029790264,0.0,0.16788762854468542,0,0,0
test,1045,data\processed\exp_001_faces_224\test\1045.png,data\raw\kul-computer-vision-ga-1-2026\test\test_1045.npy,a07d7dedd1add814d5039c56716b59246e349a63,0,26,0.59375,1,107.67898966165413,75.03791246638293,4.1632563595814105,0.0,255.0,0.0,0.59375,0.3275766393510975,0.0,0.16788649590266463,0,0,0
test,277,data\processed\exp_001_faces_224\test\277.png,data\raw\kul-computer-vision-ga-1-2026\test\test_277.npy,8884a6c55dc4affa03ffbbc57c4041b9828ae61c,0,37,0.421875,1,138.52451890175467,97.20750259012944,3.884397243585962,0.0,255.0,0.0,0.421875,0.5470327691444117,0.0,0.16642991537166174,0,0,0
test,233,data\processed\exp_001_faces_224\test\233.png,data\raw\kul-computer-vision-ga-1-2026\test\test_233.npy,b02e98953194d73b17245b7ac659c528370cdead,0,36,0.4375,1,167.69133101851853,78.0476847880492,3.910892258442986,0.0,255.0,0.0,0.4375,0.5261817620020316,0.0,0.16642726430030474,0,0,0
test,884,data\processed\exp_001_faces_224\test\884.png,data\raw\kul-computer-vision-ga-1-2026\test\test_884.npy,651098f555119c2ab5453df33c1997e3b31ba1ef,0,23,0.640625,1,94.35366467576792,76.91369072842468,4.257419220654536,0.0,255.0,0.0,0.640625,0.25347249185853016,0.0,0.16614587377877954,0,0,0
test,1034,data\processed\exp_001_faces_224\test\1034.png,data\raw\kul-computer-vision-ga-1-2026\test\test_1034.npy,545a6dd00d9e77fad606f72b7cc6e423b82d8890,0,22,0.65625,1,86.81426842341875,74.01843997128022,4.284902129518862,0.0,255.0,0.0,0.65625,0.2318440333686675,0.0,0.16602660500530014,0,0,0
test,712,data\processed\exp_001_faces_224\test\712.png,data\raw\kul-computer-vision-ga-1-2026\test\test_712.npy,881806de0768b3c44e67143c590119e235d4c29c,0,11,0.828125,1,135.09513642033968,54.32316392691651,10.080762146335111,5.0,255.0,0.0,0.828125,0.0,0.0,0.16562500000000002,0,0,0
test,1772,data\processed\exp_001_faces_224\test\1772.png,data\raw\kul-computer-vision-ga-1-2026\test\test_1772.npy,d4188d2a5c680b5b8789cdcb5e724c4ec7058f43,0,21,0.671875,2,98.59330492734622,85.89406009924538,4.314858076372417,0.0,255.0,0.0,0.671875,0.2082693471429439,0.0,0.16561540207144157,0,0,0
test,596,data\processed\exp_001_faces_224\test\596.png,data\raw\kul-computer-vision-ga-1-2026\test\test_596.npy,9adcebdac7dcc4ae5faa577d8b719ccd0d63fffb,0,43,0.328125,1,88.9719586816915,86.32192941579737,3.7393754477773307,0.0,255.0,0.0,0.328125,0.6611618049847101,0.0,0.1647992707477065,2,2,2
test,1137,data\processed\exp_001_faces_224\test\1137.png,data\raw\kul-computer-vision-ga-1-2026\test\test_1137.npy,0ba02b8980a51755b8783058a5112d0655285c54,0,26,0.59375,2,81.6301961540625,82.42415319466542,4.190499601322779,0.0,255.0,0.0,0.59375,0.30613679373499786,0.0,0.16467051906024968,2,2,2
test,1156,data\processed\exp_001_faces_224\test\1156.png,data\raw\kul-computer-vision-ga-1-2026\test\test_1156.npy,eaf3835d57e33655a01943046700012aca92b778,0,24,0.625,1,83.384375,68.84898629772077,4.246230432054105,0.0,255.0,0.0,0.625,0.26227782796727045,0.0,0.16434167419509058,0,0,0
test,1151,data\processed\exp_001_faces_224\test\1151.png,data\raw\kul-computer-vision-ga-1-2026\test\test_1151.npy,5002489a0ae6e52d44ccab573538bd1bd9e2022f,0,22,0.65625,1,131.93685950413223,72.23340182324819,4.300521936692149,0.0,255.0,0.0,0.65625,0.21955158089448176,0.0,0.16418273713417225,2,2,2
test,21,data\processed\exp_001_faces_224\test\21.png,data\raw\kul-computer-vision-ga-1-2026\test\test_21.npy,278e23272236d06a868977a5e135d875859229dc,0,24,0.625,1,64.19500970286101,60.69879783982765,4.258400646268504,0.0,255.0,0.0,0.625,0.25270013099755384,0.0,0.16290501964963308,2,2,2
test,765,data\processed\exp_001_faces_224\test\765.png,data\raw\kul-computer-vision-ga-1-2026\test\test_765.npy,c93dd124b2feccd53c182d89d3e3478e91bfd983,0,30,0.53125,1,112.85668507362784,76.10002022756913,4.1026154310280685,0.0,253.0,0.0,0.53125,0.3752997465548316,0.0,0.16254496198322477,2,2,2
test,1740,data\processed\exp_001_faces_224\test\1740.png,data\raw\kul-computer-vision-ga-1-2026\test\test_1740.npy,afb6b82ccefacf29561888c74b142f31c496251b,0,12,0.8125,1,100.55551343404451,52.2490297928571,5.717540457865759,0.0,255.0,0.0,0.8125,0.0,0.0,0.1625,0,0,0
test,68,data\processed\exp_001_faces_224\test\68.png,data\raw\kul-computer-vision-ga-1-2026\test\test_68.npy,c0936e651715c453afc50e9bac02e51a46f752a3,0,22,0.65625,1,79.42434027777777,53.93852733300518,4.321354033795686,0.0,246.0,0.0,0.65625,0.20315716829118283,0.0,0.16172357524367742,1,1,1
test,1183,data\processed\exp_001_faces_224\test\1183.png,data\raw\kul-computer-vision-ga-1-2026\test\test_1183.npy,730f6b3089eb538c4578024d3565a39d654639b2,0,21,0.671875,1,138.9033990795529,73.30446202525332,4.352037200623319,0.0,249.0,0.0,0.671875,0.17901017557854398,0.0,0.16122652633678158,1,1,1
test,567,data\processed\exp_001_faces_224\test\567.png,data\raw\kul-computer-vision-ga-1-2026\test\test_567.npy,3b8997bd7f481a0ed08041e74ed853f61ab98a22,0,20,0.6875,1,120.13415246997337,61.36569357676376,4.380338447997564,0.0,255.0,0.0,0.6875,0.15673770227278885,0.0,0.16101065534091835,0,0,0
test,266,data\processed\exp_001_faces_224\test\266.png,data\raw\kul-computer-vision-ga-1-2026\test\test_266.npy,c5c6db5075508dd6cc86b359bc180528fd784223,0,28,0.5625,1,95.57286105919985,72.34761873991368,4.170036449213296,0.0,255.0,0.0,0.5625,0.32224085455900287,0.0,0.16083612818385043,0,0,0
test,1574,data\processed\exp_001_faces_224\test\1574.png,data\raw\kul-computer-vision-ga-1-2026\test\test_1574.npy,6b2f823c661f0d99a09dac546b699e76d985d8ad,0,25,0.609375,1,149.7490679479101,46.38743040142233,4.250696828089554,0.0,255.0,0.0,0.609375,0.25876287029925654,0.0,0.1606894305448885,0,0,0
test,862,data\processed\exp_001_faces_224\test\862.png,data\raw\kul-computer-vision-ga-1-2026\test\test_862.npy,e8796a9663b2a1086705f629674eec27de2301fc,0,21,0.671875,1,113.96399636693914,44.372924017305664,4.358889542775261,0.0,255.0,0.0,0.671875,0.17361752960634178,0.0,0.16041762944095125,0,0,0
test,1167,data\processed\exp_001_faces_224\test\1167.png,data\raw\kul-computer-vision-ga-1-2026\test\test_1167.npy,fdc33d84651de88ac2f99dafb5f5674187813b24,0,13,0.796875,2,104.34068430335097,71.77200001351311,10.895410826186575,0.0,255.0,0.0,0.796875,0.0,0.0,0.15937500000000002,0,0,0
test,168,data\processed\exp_001_faces_224\test\168.png,data\raw\kul-computer-vision-ga-1-2026\test\test_168.npy,1d9ccc2e30afecc6a14ad6830f58105fda667794,0,26,0.59375,1,105.30749895266024,71.65379721317741,4.237428167022702,0.0,255.0,0.0,0.59375,0.26920502132909085,0.0,0.15913075319936365,1,1,1
test,1411,data\processed\exp_001_faces_224\test\1411.png,data\raw\kul-computer-vision-ga-1-2026\test\test_1411.npy,299df3e01b7e84be855b43afd0925d2c1ac76072,0,22,0.65625,1,77.37204402515724,56.31488310504009,4.346189647112942,0.0,255.0,0.0,0.65625,0.18361207448927439,0.0,0.15879181117339117,1,1,1
test,1088,data\processed\exp_001_faces_224\test\1088.png,data\raw\kul-computer-vision-ga-1-2026\test\test_1088.npy,6629bba84722b96d6d07e2baf58463fd9a121a71,0,34,0.46875,1,79.24759412947594,73.13468401620042,4.0297213393704805,0.0,255.0,0.0,0.46875,0.4326658297214815,0.0,0.1586498744582222,2,2,2
test,1038,data\processed\exp_001_faces_224\test\1038.png,data\raw\kul-computer-vision-ga-1-2026\test\test_1038.npy,6bf2aa17f10862d8b333ac0937d67efb896ebb95,0,26,0.59375,2,49.88414351851852,63.72214196539861,4.2437035369742295,0.0,255.0,0.0,0.59375,0.2642664400757314,0.0,0.1583899660113597,0,0,0
test,1766,data\processed\exp_001_faces_224\test\1766.png,data\raw\kul-computer-vision-ga-1-2026\test\test_1766.npy,166613531a2986e9beb82acaca2971bf2f173871,0,23,0.640625,1,98.54782222222222,56.13919478236964,4.324484646161178,0.0,255.0,0.0,0.640625,0.20069344365675051,0.0,0.1582290165485126,0,0,0
test,692,data\processed\exp_001_faces_224\test\692.png,data\raw\kul-computer-vision-ga-1-2026\test\test_692.npy,feae0c7fb04fb1fe5aafcad7cf7f433019b7a191,0,27,0.578125,1,135.012025,83.64177958950523,4.2207069757727655,0.0,255.0,0.0,0.578125,0.28236423939569605,0.0,0.1579796359093544,1,1,1
test,897,data\processed\exp_001_faces_224\test\897.png,data\raw\kul-computer-vision-ga-1-2026\test\test_897.npy,7fc6cc06a8f86005d1bdbc3dcfcc948ae7e2b66a,0,24,0.625,1,139.9478861111111,73.03779815371344,4.3016175693321,1.0,231.0,0.0,0.625,0.21868934155910824,0.0,0.15780340123386624,2,2,2
test,1583,data\processed\exp_001_faces_224\test\1583.png,data\raw\kul-computer-vision-ga-1-2026\test\test_1583.npy,af3612154cee8818cfb84f9da3e0c20519674a0f,0,35,0.453125,1,125.4599776838149,81.39332635047307,4.017834793029876,0.0,255.0,0.0,0.453125,0.44202028617238875,0.0,0.15692804292585832,2,2,2
test,204,data\processed\exp_001_faces_224\test\204.png,data\raw\kul-computer-vision-ga-1-2026\test\test_204.npy,ed388316e64ed908ff355b0cf33846dfb34d0a37,0,14,0.78125,1,91.65996740435752,86.86921642992245,5.651051536581086,0.0,255.0,0.0,0.78125,0.0,0.0,0.15625,1,1,1
test,446,data\processed\exp_001_faces_224\test\446.png,data\raw\kul-computer-vision-ga-1-2026\test\test_446.npy,1c43031a9f471f0f83470f79a646a2b056d1a24e,0,14,0.78125,1,99.43123902258651,72.23561346628226,5.4213960513272195,0.0,255.0,0.0,0.78125,0.0,0.0,0.15625,2,2,2
test,1017,data\processed\exp_001_faces_224\test\1017.png,data\raw\kul-computer-vision-ga-1-2026\test\test_1017.npy,558ca51edd34a52db11d50b7b11999769c315b0c,0,14,0.78125,1,73.32737137086475,68.23562623959687,6.8202091169749135,0.0,255.0,0.0,0.78125,0.0,0.0,0.15625,0,0,0
test,1472,data\processed\exp_001_faces_224\test\1472.png,data\raw\kul-computer-vision-ga-1-2026\test\test_1472.npy,f72d95c346b83674e2dc89598571b870735c9103,0,14,0.78125,1,67.72399338961023,68.16968476492382,6.655350213043423,0.0,255.0,0.0,0.78125,0.0,0.0,0.15625,2,2,2
test,98,data\processed\exp_001_faces_224\test\98.png,data\raw\kul-computer-vision-ga-1-2026\test\test_98.npy,7a13e67e0e7728c67b358750079672c38c35a540,0,26,0.59375,1,76.55701459034792,76.94906216960179,4.263475012541583,0.0,255.0,0.0,0.59375,0.24870671382175738,0.0,0.15605600707326361,1,1,1
test,980,data\processed\exp_001_faces_224\test\980.png,data\raw\kul-computer-vision-ga-1-2026\test\test_980.npy,f46412488d7c1d4870291d86bbf851d36e068b5f,0,25,0.609375,1,149.75017065742492,46.30763342794559,4.29462756771083,0.0,255.0,0.0,0.609375,0.22419032257447516,0.0,0.15550354838617128,0,0,0
test,590,data\processed\exp_001_faces_224\test\590.png,data\raw\kul-computer-vision-ga-1-2026\test\test_590.npy,7a4fa2b4c5df46446b51a161ec68128eef74d0ab,0,40,0.375,2,100.8023103231082,72.3378361154952,3.8993968367820675,0.0,255.0,0.0,0.375,0.535228411737838,0.0,0.15528426176067572,2,2,2
test,508,data\processed\exp_001_faces_224\test\508.png,data\raw\kul-computer-vision-ga-1-2026\test\test_508.npy,73d884ef38030e683114fc5d6f46357b15953d82,0,29,0.546875,1,124.52649543378996,93.25842451867192,4.192960899597124,0.0,255.0,0.0,0.546875,0.3041998049023877,0.0,0.15500497073535816,2,2,2
test,1439,data\processed\exp_001_faces_224\test\1439.png,data\raw\kul-computer-vision-ga-1-2026\test\test_1439.npy,73d884ef38030e683114fc5d6f46357b15953d82,0,29,0.546875,1,124.52649543378996,93.25842451867192,4.192960899597124,0.0,255.0,0.0,0.546875,0.3041998049023877,0.0,0.15500497073535816,2,2,2
test,145,data\processed\exp_001_faces_224\test\145.png,data\raw\kul-computer-vision-ga-1-2026\test\test_145.npy,37fbeafebc49a2cbf050a8daf9722dc17430852b,0,31,0.515625,1,135.09499957997312,73.52489876558904,4.140984136244384,0.0,255.0,0.0,0.515625,0.34510440034247886,0.0,0.15489066005137184,2,2,2
test,1009,data\processed\exp_001_faces_224\test\1009.png,data\raw\kul-computer-vision-ga-1-2026\test\test_1009.npy,5a440cd1d5e2588f3761e5a0b2e14acebca88521,0,35,0.453125,1,103.59510586514332,86.80317571900335,4.035818870115559,0.0,255.0,0.0,0.453125,0.42786720410067686,0.0,0.15480508061510154,2,2,2
test,886,data\processed\exp_001_faces_224\test\886.png,data\raw\kul-computer-vision-ga-1-2026\test\test_886.npy,b5606a7ce90648b98fd365222507504c0ebf464f,0,34,0.46875,1,155.55486226541078,65.3604727138403,4.072498337222237,0.0,255.0,0.0,0.46875,0.3990012519679012,0.0,0.1536001877951852,0,0,0
test,132,data\processed\exp_001_faces_224\test\132.png,data\raw\kul-computer-vision-ga-1-2026\test\test_132.npy,6e5bd5503f8a9a5fae52fddded19afd3ffa590ca,0,15,0.765625,1,73.65197916666666,74.13777425905087,5.692377735496478,0.0,255.0,0.0,0.765625,0.0,0.0,0.153125,0,0,0
test,554,data\processed\exp_001_faces_224\test\554.png,data\raw\kul-computer-vision-ga-1-2026\test\test_554.npy,7257aeb802b4c11930bdd9011b357c8c1de0979d,0,15,0.765625,1,46.06874444444444,53.426570967192625,5.39114840608711,0.0,255.0,0.0,0.765625,0.0,0.0,0.153125,1,1,1
test,702,data\processed\exp_001_faces_224\test\702.png,data\raw\kul-computer-vision-ga-1-2026\test\test_702.npy,b4ed3a2d26e26d7cc168d74fa36f5eafa384ef72,0,15,0.765625,1,67.98347495633291,58.249837762587944,4.72842530060433,0.0,255.0,0.0,0.765625,0.0,0.0,0.153125,2,2,2
test,1653,data\processed\exp_001_faces_224\test\1653.png,data\raw\kul-computer-vision-ga-1-2026\test\test_1653.npy,fe36c5718f4a313ced4e6ced50e751e7ee2598de,0,15,0.765625,2,65.35212577160493,48.54041939776934,5.191188598229236,0.0,255.0,0.0,0.765625,0.0,0.0,0.153125,0,0,0
test,1423,data\processed\exp_001_faces_224\test\1423.png,data\raw\kul-computer-vision-ga-1-2026\test\test_1423.npy,6dead8c62acae99287aa446c6b49a691e7e8d508,0,38,0.40625,2,139.540290071206,92.17133500704092,3.980726080620269,0.0,255.0,0.0,0.40625,0.4712240451312978,0.0,0.15193360676969467,1,1,1
test,196,data\processed\exp_001_faces_224\test\196.png,data\raw\kul-computer-vision-ga-1-2026\test\test_196.npy,4d9352cb07816ee86b46645f197316a74c4cc1f0,0,33,0.484375,1,187.66612847222223,61.75823311388722,4.113391211383912,0.0,255.0,0.0,0.484375,0.3668194390563495,0.0,0.15189791585845241,0,0,0
test,317,data\processed\exp_001_faces_224\test\317.png,data\raw\kul-computer-vision-ga-1-2026\test\test_317.npy,692b451169073c7e8f2efa2b65a68dc180602861,0,27,0.578125,2,126.31822090943798,83.0983143175072,4.279875569336376,0.0,255.0,0.0,0.578125,0.23579982817883102,0.0,0.15099497422682467,1,1,1
test,369,data\processed\exp_001_faces_224\test\369.png,data\raw\kul-computer-vision-ga-1-2026\test\test_369.npy,90fb73ce7bd323be1c121718392f1dd1cd56f5c5,0,22,0.65625,1,68.23486211031175,63.811058890067265,4.413085148802323,0.0,255.0,0.0,0.65625,0.1309667526789114,0.0,0.1508950129018367,1,1,1
test,1683,data\processed\exp_001_faces_224\test\1683.png,data\raw\kul-computer-vision-ga-1-2026\test\test_1683.npy,18d8033f5d1087fe78d52b68a916cbe462e17136,0,31,0.515625,1,101.0540624245837,79.14924263986505,4.179038149153603,0.0,255.0,0.0,0.515625,0.3151567102110284,0.0,0.15039850653165426,0,0,0
test,67,data\processed\exp_001_faces_224\test\67.png,data\raw\kul-computer-vision-ga-1-2026\test\test_67.npy,169327615f01a5d2e6ff778ef660f1a496aaf31b,0,16,0.75,1,69.52596527777777,73.19655288046103,6.046940134190244,0.0,255.0,0.0,0.75,0.0,0.0,0.15000000000000002,0,0,0
test,287,data\processed\exp_001_faces_224\test\287.png,data\raw\kul-computer-vision-ga-1-2026\test\test_287.npy,391f464dc940ee99b88a5a1224f2350f78aa8718,0,16,0.75,1,68.50011268875366,69.05349469723699,5.43115115011677,0.0,255.0,0.0,0.75,0.0,0.0,0.15000000000000002,0,0,0
test,535,data\processed\exp_001_faces_224\test\535.png,data\raw\kul-computer-vision-ga-1-2026\test\test_535.npy,d1b8e97c4b4533239aaf69668f52efe4313111e7,0,16,0.75,2,96.84862884160756,86.0535379797318,6.196843234414651,0.0,255.0,0.0,0.75,0.0,0.0,0.15000000000000002,1,1,1
test,630,data\processed\exp_001_faces_224\test\630.png,data\raw\kul-computer-vision-ga-1-2026\test\test_630.npy,91a7a0666f3bff398002578066c2bb316d73cc91,0,16,0.75,1,104.20333100930743,72.27842130806869,5.721299432924866,0.0,255.0,0.0,0.75,0.0,0.0,0.15000000000000002,2,2,2
test,1197,data\processed\exp_001_faces_224\test\1197.png,data\raw\kul-computer-vision-ga-1-2026\test\test_1197.npy,517cc907397a2175e8d5a1fac903dc6b191437b3,0,16,0.75,1,126.44939744079763,81.19665364651165,9.462596352157618,0.0,255.0,0.0,0.75,0.0,0.0,0.15000000000000002,0,0,0
test,1389,data\processed\exp_001_faces_224\test\1389.png,data\raw\kul-computer-vision-ga-1-2026\test\test_1389.npy,704cd0dcf1d9e035472857c79d3ca33fc25786a4,0,16,0.75,1,108.43637350705755,61.799915785535234,6.588133893064658,0.0,255.0,0.0,0.75,0.0,0.0,0.15000000000000002,0,0,0
test,1799,data\processed\exp_001_faces_224\test\1799.png,data\raw\kul-computer-vision-ga-1-2026\test\test_1799.npy,a70188bd4327a1717ad12a0b1c0d044314d8bba9,0,16,0.75,2,70.10748129675811,64.93230430537045,4.707090054147901,0.0,255.0,0.0,0.75,0.0,0.0,0.15000000000000002,0,0,0
test,926,data\processed\exp_001_faces_224\test\926.png,data\raw\kul-computer-vision-ga-1-2026\test\test_926.npy,3f2135581372399b6cd271f838223b3ef7421a75,0,35,0.453125,1,151.35592757009346,84.42413543203425,4.089144130758754,0.0,255.0,0.0,0.453125,0.38590137028097005,0.0,0.1485102055421455,0,0,0
test,1042,data\processed\exp_001_faces_224\test\1042.png,data\raw\kul-computer-vision-ga-1-2026\test\test_1042.npy,f1b6f40138706fb208901441a1b4a4f67b6acddf,0,39,0.390625,2,80.68098194488438,85.63802957715862,3.9838835268941106,0.0,255.0,0.0,0.390625,0.4687392027878295,0.0,0.1484358804181744,0,0,0
test,751,data\processed\exp_001_faces_224\test\751.png,data\raw\kul-computer-vision-ga-1-2026\test\test_751.npy,bed626c3917c0ed2c98c774be1f0b62c073cdb50,0,19,0.703125,1,40.974176387896925,59.20547615326581,4.51552568792787,0.0,255.0,0.0,0.703125,0.05034825050019851,0.0,0.14817723757502976,0,0,0
test,546,data\processed\exp_001_faces_224\test\546.png,data\raw\kul-computer-vision-ga-1-2026\test\test_546.npy,5890e9096b3d6bb75ec9127e2fb65f07b72f88a1,0,25,0.609375,1,126.69874711981566,76.44028155348204,4.357522053546571,0.0,255.0,0.0,0.609375,0.17469371423308777,0.0,0.14807905713496317,1,1,1
test,360,data\processed\exp_001_faces_224\test\360.png,data\raw\kul-computer-vision-ga-1-2026\test\test_360.npy,efc7c1c543051a95d432fcec6e14889946cac58e,0,24,0.625,1,117.94481292517007,66.249809335493,4.38415875333469,0.0,255.0,0.0,0.625,0.15373120409566635,0.0,0.14805968061434996,2,2,2
test,1114,data\processed\exp_001_faces_224\test\1114.png,data\raw\kul-computer-vision-ga-1-2026\test\test_1114.npy,efc7c1c543051a95d432fcec6e14889946cac58e,0,24,0.625,1,117.94481292517007,66.249809335493,4.38415875333469,0.0,255.0,0.0,0.625,0.15373120409566635,0.0,0.14805968061434996,2,2,2
test,1623,data\processed\exp_001_faces_224\test\1623.png,data\raw\kul-computer-vision-ga-1-2026\test\test_1623.npy,efc7c1c543051a95d432fcec6e14889946cac58e,0,24,0.625,1,117.94481292517007,66.249809335493,4.38415875333469,0.0,255.0,0.0,0.625,0.15373120409566635,0.0,0.14805968061434996,2,2,2
test,959,data\processed\exp_001_faces_224\test\959.png,data\raw\kul-computer-vision-ga-1-2026\test\test_959.npy,8d01cf0f981768798b88be5efcc661bcaf5a3f71,0,23,0.640625,1,103.93887962962962,89.09891830261121,4.413295494421206,0.0,255.0,0.0,0.640625,0.13080121519854526,0.0,0.1477451822797818,1,1,1
test,330,data\processed\exp_001_faces_224\test\330.png,data\raw\kul-computer-vision-ga-1-2026\test\test_330.npy,388c0f8f3ec28c184e088eb12e48669a28f865c0,0,34,0.46875,1,92.45649750096116,53.723923648594514,4.122764776247061,0.0,254.0,0.0,0.46875,0.3594426450078921,0.0,0.14766639675118381,1,1,1
test,589,data\processed\exp_001_faces_224\test\589.png,data\raw\kul-computer-vision-ga-1-2026\test\test_589.npy,50a352383b6785afdfaf515be23ec4ed72b4a5da,0,21,0.671875,1,96.24437037037038,78.8509847385129,4.468630894365543,0.0,255.0,0.0,0.671875,0.08725344495980036,0.0,0.14746301674397005,2,2,2
test,775,data\processed\exp_001_faces_224\test\775.png,data\raw\kul-computer-vision-ga-1-2026\test\test_775.npy,b152c550578d56173e35d41cd522562003c879e3,0,23,0.640625,1,93.99685301231311,81.40898919065472,4.416029205074999,0.0,255.0,0.0,0.640625,0.12864984367922253,0.0,0.1474224765518834,1,1,1
test,93,data\processed\exp_001_faces_224\test\93.png,data\raw\kul-computer-vision-ga-1-2026\test\test_93.npy,01145b3b870640f76ea4e85ffedee579e23ef675,0,27,0.578125,2,86.13383771929824,66.35677467662923,4.311982779897443,0.0,255.0,0.0,0.578125,0.21053214365993644,0.0,0.14720482154899048,0,0,0
test,278,data\processed\exp_001_faces_224\test\278.png,data\raw\kul-computer-vision-ga-1-2026\test\test_278.npy,6acc02ad634d52e181d99f18be5be71db77a02ec,0,17,0.734375,1,97.53376409017713,73.88467045513018,5.067513268947734,0.0,255.0,0.0,0.734375,0.0,0.0,0.146875,2,2,2
test,334,data\processed\exp_001_faces_224\test\334.png,data\raw\kul-computer-vision-ga-1-2026\test\test_334.npy,ffebea29341a8b53f5f91a50826388adac187d54,0,17,0.734375,1,65.56295802469135,72.72529460781372,7.1532451541156865,0.0,255.0,0.0,0.734375,0.0,0.0,0.146875,0,0,0
test,340,data\processed\exp_001_faces_224\test\340.png,data\raw\kul-computer-vision-ga-1-2026\test\test_340.npy,730f3f39f0c0260105162b7b1384898753887312,0,17,0.734375,2,157.57755861096422,73.63291792618624,6.648856645127479,0.0,255.0,0.0,0.734375,0.0,0.0,0.146875,0,0,0
test,629,data\processed\exp_001_faces_224\test\629.png,data\raw\kul-computer-vision-ga-1-2026\test\test_629.npy,5eeb6ebd89486a55c2b89d65a27de7a2d105aeb7,0,17,0.734375,1,55.348833986928106,54.54217897552851,4.916030051563336,0.0,255.0,0.0,0.734375,0.0,0.0,0.146875,2,2,2
test,1378,data\processed\exp_001_faces_224\test\1378.png,data\raw\kul-computer-vision-ga-1-2026\test\test_1378.npy,b37f3b790ce1578b3e175cc2bd88c04d75573b15,0,17,0.734375,2,66.20702002355712,73.26174909219608,6.238734167668627,0.0,255.0,0.0,0.734375,0.0,0.0,0.146875,0,0,0
test,1417,data\processed\exp_001_faces_224\test\1417.png,data\raw\kul-computer-vision-ga-1-2026\test\test_1417.npy,c64654b9551c076f1f6a682e69626f03df5f69ca,0,17,0.734375,2,48.04437809028447,58.2365310476905,9.57918824832731,0.0,255.0,0.0,0.734375,0.0,0.0,0.146875,2,2,2
test,1466,data\processed\exp_001_faces_224\test\1466.png,data\raw\kul-computer-vision-ga-1-2026\test\test_1466.npy,a5bd695ca38244b85176a7750b216d47e957ec6e,0,17,0.734375,2,100.97320574746291,64.26725587047206,4.6843983589797755,0.0,255.0,0.0,0.734375,0.0,0.0,0.146875,0,0,0
test,1477,data\processed\exp_001_faces_224\test\1477.png,data\raw\kul-computer-vision-ga-1-2026\test\test_1477.npy,44036c1da9698a46ebbf395326a052f346a1f394,0,17,0.734375,1,126.87780133294537,80.59297104480076,10.109235716448419,0.0,255.0,0.0,0.734375,0.0,0.0,0.146875,0,0,0
test,1502,data\processed\exp_001_faces_224\test\1502.png,data\raw\kul-computer-vision-ga-1-2026\test\test_1502.npy,aa095d058256238db16c92ea0a5a8a832fc967c2,0,17,0.734375,1,95.35991970486111,74.89915917449031,6.631586659055097,0.0,255.0,0.0,0.734375,0.0,0.0,0.146875,2,2,2
test,1613,data\processed\exp_001_faces_224\test\1613.png,data\raw\kul-computer-vision-ga-1-2026\test\test_1613.npy,a447073955b4f3ce108ce7f0bf4afe6df3acf06d,0,17,0.734375,2,101.12424777927005,85.74659061745066,6.346825616303126,0.0,255.0,0.0,0.734375,0.0,0.0,0.146875,1,1,1
test,1371,data\processed\exp_001_faces_224\test\1371.png,data\raw\kul-computer-vision-ga-1-2026\test\test_1371.npy,c58bd965eba3ce258dbe104ba0c9572dfc462c27,0,26,0.59375,1,109.31309843400447,66.5002043748633,4.344564682246597,0.0,255.0,0.0,0.59375,0.1848908869080297,0.0,0.14648363303620446,0,0,0
test,216,data\processed\exp_001_faces_224\test\216.png,data\raw\kul-computer-vision-ga-1-2026\test\test_216.npy,16066b76ac95fa9c996d4eb8874beb9d290d91ab,0,31,0.515625,2,114.89260492332527,79.47774880395306,4.218289937109832,0.0,249.0,0.0,0.515625,0.2842663968655522,0.0,0.14576495952983284,2,2,2
test,817,data\processed\exp_001_faces_224\test\817.png,data\raw\kul-computer-vision-ga-1-2026\test\test_817.npy,2e731d28f422740ff5af206936935a6c09296bd4,0,25,0.609375,1,91.36581243060748,71.00073640303373,4.382600454739235,0.0,255.0,0.0,0.609375,0.1549575515923232,0.0,0.14511863273884848,2,2,2
test,270,data\processed\exp_001_faces_224\test\270.png,data\raw\kul-computer-vision-ga-1-2026\test\test_270.npy,5bfae7dbe253c155e7ba5368a2e01e32d2538d3f,0,24,0.625,1,89.48449566587864,73.39207115517809,4.409172385269093,0.0,255.0,0.0,0.625,0.13404601346884057,0.0,0.14510690202032608,1,1,1
test,1365,data\processed\exp_001_faces_224\test\1365.png,data\raw\kul-computer-vision-ga-1-2026\test\test_1365.npy,b16aad6c56ada613859fe60565b46652eb4aee43,0,28,0.5625,1,130.68128439465409,62.220770760879894,4.30764472979901,0.0,255.0,0.0,0.5625,0.21394609583450722,0.0,0.1445919143751761,0,0,0
test,763,data\processed\exp_001_faces_224\test\763.png,data\raw\kul-computer-vision-ga-1-2026\test\test_763.npy,76bf0b760221f36bcc39150993ac1a7cfc2b7788,0,33,0.484375,1,84.75718322393406,58.159662064540285,4.175565993455257,0.0,255.0,0.0,0.484375,0.3178892221064297,0.0,0.14455838331596446,0,0,0
test,374,data\processed\exp_001_faces_224\test\374.png,data\raw\kul-computer-vision-ga-1-2026\test\test_374.npy,cc8b3cba7fcd595966129028544bb78a8df2bc66,0,18,0.71875,1,150.98001418439716,84.97524001831366,8.9955683291431,0.0,255.0,0.0,0.71875,0.0,0.0,0.14375000000000002,0,0,0
test,666,data\processed\exp_001_faces_224\test\666.png,data\raw\kul-computer-vision-ga-1-2026\test\test_666.npy,58ecbe587f3b5ea95b51b170918afcb54378987e,0,18,0.71875,1,108.27762222222222,70.9489692455982,9.066964588403376,0.0,255.0,0.0,0.71875,0.0,0.0,0.14375000000000002,2,2,2
test,672,data\processed\exp_001_faces_224\test\672.png,data\raw\kul-computer-vision-ga-1-2026\test\test_672.npy,803e72cd6ecb27732da9be8e88511e00d1a01880,0,18,0.71875,1,106.14830048151047,62.07974799612854,6.084311724869132,0.0,255.0,0.0,0.71875,0.0,0.0,0.14375000000000002,0,0,0
test,749,data\processed\exp_001_faces_224\test\749.png,data\raw\kul-computer-vision-ga-1-2026\test\test_749.npy,1415e8e353eec9047d2f6216ff0e32cf9fa1a3ab,0,18,0.71875,1,95.93417333333333,81.19973148672736,8.490081483830057,0.0,255.0,0.0,0.71875,0.0,0.0,0.14375000000000002,0,0,0
test,1007,data\processed\exp_001_faces_224\test\1007.png,data\raw\kul-computer-vision-ga-1-2026\test\test_1007.npy,c29fe4268949faa93ee3fe84746a7da5875fc7ab,0,18,0.71875,2,126.72415222354006,79.49830059093308,4.920228655293532,0.0,255.0,0.0,0.71875,0.0,0.0,0.14375000000000002,2,2,2
test,1022,data\processed\exp_001_faces_224\test\1022.png,data\raw\kul-computer-vision-ga-1-2026\test\test_1022.npy,bea8d13423399c00f00bf1552f8051cf14244552,0,18,0.71875,3,102.64366560846561,66.70135149612695,5.6686720000400665,0.0,255.0,0.0,0.71875,0.0,0.0,0.14375000000000002,2,2,2
test,1217,data\processed\exp_001_faces_224\test\1217.png,data\raw\kul-computer-vision-ga-1-2026\test\test_1217.npy,14c95d2db0a5441cdfe0573cd419d8856caaf741,0,18,0.71875,2,130.45741440873766,69.95669860600313,7.545723298151545,0.0,255.0,0.0,0.71875,0.0,0.0,0.14375000000000002,0,0,0
test,1232,data\processed\exp_001_faces_224\test\1232.png,data\raw\kul-computer-vision-ga-1-2026\test\test_1232.npy,803ef46aade2aa10ec953896bd4daf9e2ce55d4c,0,18,0.71875,1,75.94790629879,72.85132872243257,5.489603159218978,0.0,255.0,0.0,0.71875,0.0,0.0,0.14375000000000002,2,2,2
test,1262,data\processed\exp_001_faces_224\test\1262.png,data\raw\kul-computer-vision-ga-1-2026\test\test_1262.npy,b1b8323a308cf07b3112ced408329c1dd1196b80,0,18,0.71875,1,117.35895959595959,79.44767186970859,6.455267448144413,0.0,249.0,0.0,0.71875,0.0,0.0,0.14375000000000002,2,2,2
test,1396,data\processed\exp_001_faces_224\test\1396.png,data\raw\kul-computer-vision-ga-1-2026\test\test_1396.npy,64a0ca1b96ad65ac60bf3a05c3ce48f96949bb45,0,18,0.71875,1,76.20115385513746,65.33925580156607,5.963123530981021,0.0,255.0,0.0,0.71875,0.0,0.0,0.14375000000000002,0,0,0
test,1622,data\processed\exp_001_faces_224\test\1622.png,data\raw\kul-computer-vision-ga-1-2026\test\test_1622.npy,d7803b680437ddf58e23936bc2a1759d1d89805b,0,18,0.71875,1,101.93743532508621,73.88077684240498,6.692888760027532,0.0,255.0,0.0,0.71875,0.0,0.0,0.14375000000000002,2,2,2
test,1734,data\processed\exp_001_faces_224\test\1734.png,data\raw\kul-computer-vision-ga-1-2026\test\test_1734.npy,886aeb1cf3498ccb119daf7ca257beedead3837e,0,18,0.71875,1,95.64689855072464,64.30076040300555,7.161583470542947,0.0,255.0,0.0,0.71875,0.0,0.0,0.14375000000000002,0,0,0
test,738,data\processed\exp_001_faces_224\test\738.png,data\raw\kul-computer-vision-ga-1-2026\test\test_738.npy,116c0c8ede105c7b4da776c2ed11f85895fb6fa6,0,30,0.53125,1,125.68809305172941,53.912019630814356,4.2624189783851545,0.0,255.0,0.0,0.53125,0.24953779000182758,0.0,0.14368066850027414,1,1,1
test,137,data\processed\exp_001_faces_224\test\137.png,data\raw\kul-computer-vision-ga-1-2026\test\test_137.npy,691579d07c9e1deb38cfb188a5de5839387ec895,0,24,0.625,1,76.76895328179057,71.94274745400455,4.442150185609754,0.0,255.0,0.0,0.625,0.10809319350803911,0.0,0.14121397902620586,0,0,0
test,1,data\processed\exp_001_faces_224\test\1.png,data\raw\kul-computer-vision-ga-1-2026\test\test_1.npy,4401bb450f62b9527743a321ea3d4b129712d38c,0,19,0.703125,1,98.57490307328605,71.07594374751935,10.73279670239478,0.0,255.0,0.0,0.703125,0.0,0.0,0.140625,0,0,0
test,215,data\processed\exp_001_faces_224\test\215.png,data\raw\kul-computer-vision-ga-1-2026\test\test_215.npy,c89ae945a6fefcef243183c8ce3c7c2bc0449a8a,0,19,0.703125,3,123.33032624906787,86.17621472379574,12.612925979135095,0.0,255.0,0.0,0.703125,0.0,0.0,0.140625,0,0,0
test,230,data\processed\exp_001_faces_224\test\230.png,data\raw\kul-computer-vision-ga-1-2026\test\test_230.npy,8a789849eee163d18f7da9c6f1d2af33aefa4061,0,19,0.703125,1,113.08385747585747,52.31006322092804,5.084545604215744,0.0,255.0,0.0,0.703125,0.0,0.0,0.140625,1,1,1
test,290,data\processed\exp_001_faces_224\test\290.png,data\raw\kul-computer-vision-ga-1-2026\test\test_290.npy,90021f6d3840b00d38ca00d2cf11c50332a878d5,0,19,0.703125,1,73.55459101654846,69.83633266607322,5.220113910662739,0.0,255.0,0.0,0.703125,0.0,0.0,0.140625,1,1,1
test,291,data\processed\exp_001_faces_224\test\291.png,data\raw\kul-computer-vision-ga-1-2026\test\test_291.npy,d48cf62a30a51dcca534eca75b51d2c203f5c6e2,0,19,0.703125,1,73.34772716049383,57.57120969566173,8.970083747872565,0.0,255.0,0.0,0.703125,0.0,0.0,0.140625,2,2,2
test,522,data\processed\exp_001_faces_224\test\522.png,data\raw\kul-computer-vision-ga-1-2026\test\test_522.npy,46de210336c806a3feabdd6928e45d1538df0eda,0,19,0.703125,1,46.895361333333334,63.284727331451016,6.549561122244489,0.0,255.0,0.0,0.703125,0.0,0.0,0.140625,0,0,0
test,711,data\processed\exp_001_faces_224\test\711.png,data\raw\kul-computer-vision-ga-1-2026\test\test_711.npy,818ff0a32a0709ccec9acfcacd00f5c278b2306f,0,19,0.703125,1,117.38767244593586,59.81772695155757,6.719986762161859,0.0,255.0,0.0,0.703125,0.0,0.0,0.140625,0,0,0
test,741,data\processed\exp_001_faces_224\test\741.png,data\raw\kul-computer-vision-ga-1-2026\test\test_741.npy,dce9cd0b7864430c322e9d7d73eb66d1eb9883f1,0,19,0.703125,1,76.62902277194071,75.15772483988796,4.772381089205593,0.0,255.0,0.0,0.703125,0.0,0.0,0.140625,0,0,0
test,865,data\processed\exp_001_faces_224\test\865.png,data\raw\kul-computer-vision-ga-1-2026\test\test_865.npy,8a789849eee163d18f7da9c6f1d2af33aefa4061,0,19,0.703125,1,113.08385747585747,52.31006322092804,5.084545604215744,0.0,255.0,0.0,0.703125,0.0,0.0,0.140625,1,1,1
test,1059,data\processed\exp_001_faces_224\test\1059.png,data\raw\kul-computer-vision-ga-1-2026\test\test_1059.npy,c8f855ceafb28fd432307004cd60c0e23f6ed76f,0,19,0.703125,1,115.69771833934763,61.49687331275544,4.917648870554858,0.0,255.0,0.0,0.703125,0.0,0.0,0.140625,1,1,1
test,1144,data\processed\exp_001_faces_224\test\1144.png,data\raw\kul-computer-vision-ga-1-2026\test\test_1144.npy,49979f9945d180cd3260749942ccad5e3de20bbc,0,19,0.703125,1,71.25125156445557,69.63292034902557,5.266393267601632,0.0,255.0,0.0,0.703125,0.0,0.0,0.140625,1,1,1
test,1203,data\processed\exp_001_faces_224\test\1203.png,data\raw\kul-computer-vision-ga-1-2026\test\test_1203.npy,d61c42291991f1e0b611dea04fc112e5f9d6333b,0,19,0.703125,2,91.47120096852301,55.06725387257066,9.910975064874826,0.0,255.0,0.0,0.703125,0.0,0.0,0.140625,2,2,2
test,1387,data\processed\exp_001_faces_224\test\1387.png,data\raw\kul-computer-vision-ga-1-2026\test\test_1387.npy,d6776ffbe55ad613b9dce9996c5864f0a4271fbe,0,19,0.703125,1,57.15891498881432,62.49806111487022,5.253341821820569,0.0,255.0,0.0,0.703125,0.0,0.0,0.140625,2,2,2
test,1594,data\processed\exp_001_faces_224\test\1594.png,data\raw\kul-computer-vision-ga-1-2026\test\test_1594.npy,171be9bdac02a4924aea88262b787297d9fbc7c3,0,19,0.703125,1,91.7382906354031,59.16701596330092,4.876436677449554,0.0,255.0,0.0,0.703125,0.0,0.0,0.140625,2,2,2
test,1659,data\processed\exp_001_faces_224\test\1659.png,data\raw\kul-computer-vision-ga-1-2026\test\test_1659.npy,5ac5bc7d5ce862c0de77aed4fb14e4894d4e0918,0,19,0.703125,1,154.58948066523823,74.96935701205858,7.222341493766381,0.0,255.0,0.0,0.703125,0.0,0.0,0.140625,0,0,0
test,1682,data\processed\exp_001_faces_224\test\1682.png,data\raw\kul-computer-vision-ga-1-2026\test\test_1682.npy,2c39f603ffc0d5eae36497eedb3537f353ce0390,0,19,0.703125,1,59.80937785824949,63.15058121900116,9.650901392323416,0.0,255.0,0.0,0.703125,0.0,0.0,0.140625,1,1,1
test,1684,data\processed\exp_001_faces_224\test\1684.png,data\raw\kul-computer-vision-ga-1-2026\test\test_1684.npy,34c518a30600d0f079408c22acfbd5327950e43a,0,19,0.703125,1,53.23495212899975,67.33724421611555,4.608296721542545,0.0,255.0,0.0,0.703125,0.0,0.0,0.140625,0,0,0
test,1754,data\processed\exp_001_faces_224\test\1754.png,data\raw\kul-computer-vision-ga-1-2026\test\test_1754.npy,24f6281a7301ab483a65c92e18887a887f590d0d,0,19,0.703125,1,59.894395658284544,49.538207529686424,5.295057294193504,0.0,255.0,0.0,0.703125,0.0,0.0,0.140625,0,0,0
test,1786,data\processed\exp_001_faces_224\test\1786.png,data\raw\kul-computer-vision-ga-1-2026\test\test_1786.npy,abf1ef852833cd844a6a7ffa639ef080ff2c09e6,0,19,0.703125,3,146.15011746031746,81.83395363413412,9.580045797452023,0.0,255.0,0.0,0.703125,0.0,0.0,0.140625,0,0,0
test,899,data\processed\exp_001_faces_224\test\899.png,data\raw\kul-computer-vision-ga-1-2026\test\test_899.npy,e6822070bbe36839cbb35c74d185f176b2d57523,0,35,0.453125,2,70.91764027777778,96.58134656534956,4.157109639011273,0.0,255.0,0.0,0.453125,0.3324139763068141,0.0,0.14048709644602211,0,0,0
test,105,data\processed\exp_001_faces_224\test\105.png,data\raw\kul-computer-vision-ga-1-2026\test\test_105.npy,7d52c428968b19e658b5e41ae3ab2a501a546f4d,0,25,0.609375,1,62.16419655065943,63.57020128913051,4.434605574392183,0.0,255.0,0.0,0.609375,0.11403064035352928,0.0,0.1389795960530294,0,0,0
test,965,data\processed\exp_001_faces_224\test\965.png,data\raw\kul-computer-vision-ga-1-2026\test\test_965.npy,16c247997357f2943a0502a42e3233dbea5ca3a0,0,29,0.546875,1,151.01378533333335,76.59402292149117,4.330789579158317,0.0,255.0,0.0,0.546875,0.1957315969219968,0.0,0.1387347395382995,1,1,1
test,1607,data\processed\exp_001_faces_224\test\1607.png,data\raw\kul-computer-vision-ga-1-2026\test\test_1607.npy,16c247997357f2943a0502a42e3233dbea5ca3a0,0,29,0.546875,1,151.01378533333335,76.59402292149117,4.330789579158317,0.0,255.0,0.0,0.546875,0.1957315969219968,0.0,0.1387347395382995,1,1,1
test,1742,data\processed\exp_001_faces_224\test\1742.png,data\raw\kul-computer-vision-ga-1-2026\test\test_1742.npy,16c247997357f2943a0502a42e3233dbea5ca3a0,0,29,0.546875,1,151.01378533333335,76.59402292149117,4.330789579158317,0.0,255.0,0.0,0.546875,0.1957315969219968,0.0,0.1387347395382995,1,1,1
test,1254,data\processed\exp_001_faces_224\test\1254.png,data\raw\kul-computer-vision-ga-1-2026\test\test_1254.npy,0d9d54b9d365940337c270f35f185d8147722c5d,0,31,0.515625,1,95.46086979005068,60.88853214087235,4.280579655194235,4.0,255.0,0.0,0.515625,0.23524572774407768,0.0,0.13841185916161167,0,0,0
test,20,data\processed\exp_001_faces_224\test\20.png,data\raw\kul-computer-vision-ga-1-2026\test\test_20.npy,588961be2b8f2a02a8248c13041067326b6ac203,0,20,0.6875,1,130.47051031487513,62.618382209304,7.397474932107631,0.0,255.0,0.0,0.6875,0.0,0.0,0.1375,2,2,2
test,33,data\processed\exp_001_faces_224\test\33.png,data\raw\kul-computer-vision-ga-1-2026\test\test_33.npy,47746b014d686937913fdd6e11b26850254f418f,0,20,0.6875,2,70.29430687830688,81.12056592451066,7.098000589085469,0.0,255.0,0.0,0.6875,0.0,0.0,0.1375,0,0,0
test,69,data\processed\exp_001_faces_224\test\69.png,data\raw\kul-computer-vision-ga-1-2026\test\test_69.npy,58ad3a11c219d0bdc57cf67da7d8ec8359d900c4,0,20,0.6875,1,113.29957644328401,74.67351727358239,5.19579867086418,0.0,255.0,0.0,0.6875,0.0,0.0,0.1375,0,0,0
test,94,data\processed\exp_001_faces_224\test\94.png,data\raw\kul-computer-vision-ga-1-2026\test\test_94.npy,fffd11fd7bc397b85f96bb6aac50d432104dfbf6,0,20,0.6875,1,111.67199610661875,64.1412094481752,7.397657023984385,0.0,255.0,0.0,0.6875,0.0,0.0,0.1375,2,2,2
test,103,data\processed\exp_001_faces_224\test\103.png,data\raw\kul-computer-vision-ga-1-2026\test\test_103.npy,87f70b10565932acaa050594ee057022c822dbbd,0,20,0.6875,1,94.081105006105,68.96408191326233,5.294546801936024,0.0,255.0,0.0,0.6875,0.0,0.0,0.1375,0,0,0
test,120,data\processed\exp_001_faces_224\test\120.png,data\raw\kul-computer-vision-ga-1-2026\test\test_120.npy,02c18c8169f504c2fde4b819adab7d4de99512e2,0,20,0.6875,3,139.54322482466588,76.61049725989061,6.496496143917371,0.0,255.0,0.0,0.6875,0.0,0.0,0.1375,0,0,0
test,219,data\processed\exp_001_faces_224\test\219.png,data\raw\kul-computer-vision-ga-1-2026\test\test_219.npy,863815e27c4447373d19c73625418b053649a9ef,0,20,0.6875,3,116.14730555555556,80.12827900009925,7.898449153821008,0.0,255.0,0.0,0.6875,0.0,0.0,0.1375,2,2,2
test,288,data\processed\exp_001_faces_224\test\288.png,data\raw\kul-computer-vision-ga-1-2026\test\test_288.npy,d71064fee35f336188121ada40175a9c84ab56a5,0,20,0.6875,1,91.69628563596491,71.14949844083135,7.099972526267254,0.0,255.0,0.0,0.6875,0.0,0.0,0.1375,2,2,2
test,337,data\processed\exp_001_faces_224\test\337.png,data\raw\kul-computer-vision-ga-1-2026\test\test_337.npy,ebee3d29bc3f1f257cb5ed1487647971ca698070,0,20,0.6875,1,115.67781355461575,89.06185776055673,5.158895831485031,0.0,255.0,0.0,0.6875,0.0,0.0,0.1375,1,1,1
test,341,data\processed\exp_001_faces_224\test\341.png,data\raw\kul-computer-vision-ga-1-2026\test\test_341.npy,98d6cf6b2cb3274a196dd3ac702ae25518edb0a5,0,20,0.6875,1,97.72850931134364,56.6912546643198,6.816539289708914,10.0,255.0,0.0,0.6875,0.0,0.0,0.1375,0,0,0
test,390,data\processed\exp_001_faces_224\test\390.png,data\raw\kul-computer-vision-ga-1-2026\test\test_390.npy,93458e7f4ede92cd33a38512a77666ac537fd3cc,0,20,0.6875,1,78.38074646074647,69.25130171903187,6.134892591481718,0.0,255.0,0.0,0.6875,0.0,0.0,0.1375,1,1,1
test,449,data\processed\exp_001_faces_224\test\449.png,data\raw\kul-computer-vision-ga-1-2026\test\test_449.npy,0f0e8349d5dee485fdf0d72ccbdfbb965b21ca47,0,20,0.6875,1,81.71515665615017,72.68529430433223,4.7841623081736095,0.0,255.0,0.0,0.6875,0.0,0.0,0.1375,1,1,1
test,451,data\processed\exp_001_faces_224\test\451.png,data\raw\kul-computer-vision-ga-1-2026\test\test_451.npy,685037437979583aa63cb7487233e8025c7c6742,0,20,0.6875,1,74.5834623655914,62.40704745193398,5.256670716225788,0.0,255.0,0.0,0.6875,0.0,0.0,0.1375,2,2,2
test,502,data\processed\exp_001_faces_224\test\502.png,data\raw\kul-computer-vision-ga-1-2026\test\test_502.npy,2eb186e54ec023bf020149c521a6e8797bd01210,0,20,0.6875,1,127.17535200489746,70.88419572238892,6.943117632148622,0.0,255.0,0.0,0.6875,0.0,0.0,0.1375,0,0,0
test,528,data\processed\exp_001_faces_224\test\528.png,data\raw\kul-computer-vision-ga-1-2026\test\test_528.npy,e76ebb1b59b2267dd3d2dc76f185d0b152792fd5,0,20,0.6875,1,72.76875,71.11068372809937,7.320157178154376,0.0,255.0,0.0,0.6875,0.0,0.0,0.1375,2,2,2
test,585,data\processed\exp_001_faces_224\test\585.png,data\raw\kul-computer-vision-ga-1-2026\test\test_585.npy,900ff5d7c1013f0e11f3b940060492245eca8daa,0,20,0.6875,1,85.89504444444445,91.20903530674063,5.134465541743018,0.0,255.0,0.0,0.6875,0.0,0.0,0.1375,0,0,0
test,693,data\processed\exp_001_faces_224\test\693.png,data\raw\kul-computer-vision-ga-1-2026\test\test_693.npy,2235233bba577709de0a451e6889f9608c4c9d07,0,20,0.6875,5,167.0352380952381,78.54545095305967,10.93989588667008,0.0,255.0,0.0,0.6875,0.0,0.0,0.1375,0,0,0
test,720,data\processed\exp_001_faces_224\test\720.png,data\raw\kul-computer-vision-ga-1-2026\test\test_720.npy,f73cd9c8ee18d618247bc69e2ef15853606f6612,0,20,0.6875,1,120.8318993197279,67.65135702103206,5.087451221176149,0.0,255.0,0.0,0.6875,0.0,0.0,0.1375,2,2,2
test,739,data\processed\exp_001_faces_224\test\739.png,data\raw\kul-computer-vision-ga-1-2026\test\test_739.npy,897d80bbc86e84792ff2a39b21f0ccaa854935c2,0,20,0.6875,1,93.80165432098765,71.41001314598769,9.151164173236182,0.0,255.0,0.0,0.6875,0.0,0.0,0.1375,1,1,1
test,807,data\processed\exp_001_faces_224\test\807.png,data\raw\kul-computer-vision-ga-1-2026\test\test_807.npy,97981fa031b32c273e405c39695bd6f1dc48d922,0,20,0.6875,3,86.41036666666666,80.16819598411229,6.886527313266445,0.0,255.0,0.0,0.6875,0.0,0.0,0.1375,1,1,1
test,852,data\processed\exp_001_faces_224\test\852.png,data\raw\kul-computer-vision-ga-1-2026\test\test_852.npy,2f8c79a857dcc2d2c7a278cea2ad3d5128468165,0,20,0.6875,1,146.32632797738282,75.47434229880635,5.588482062548895,0.0,255.0,0.0,0.6875,0.0,0.0,0.1375,1,1,1
test,873,data\processed\exp_001_faces_224\test\873.png,data\raw\kul-computer-vision-ga-1-2026\test\test_873.npy,2906d823dd53acbaf646508f0085dd1688c7a5f3,0,20,0.6875,1,120.25002468477541,88.45149896825889,4.9842751999876045,0.0,255.0,0.0,0.6875,0.0,0.0,0.1375,1,1,1
test,1072,data\processed\exp_001_faces_224\test\1072.png,data\raw\kul-computer-vision-ga-1-2026\test\test_1072.npy,e3a828853b565c179c48c33d90d25290a9ae7d05,0,20,0.6875,1,66.98293241695303,43.76844812413099,5.623834137837885,0.0,252.0,0.0,0.6875,0.0,0.0,0.1375,1,1,1
test,1080,data\processed\exp_001_faces_224\test\1080.png,data\raw\kul-computer-vision-ga-1-2026\test\test_1080.npy,a42ae3a07d715f0050911ce2fba0746ea6d6f4a1,0,20,0.6875,1,162.13282621589562,80.4099152571901,7.726118356017565,0.0,255.0,0.0,0.6875,0.0,0.0,0.1375,2,2,2
test,1086,data\processed\exp_001_faces_224\test\1086.png,data\raw\kul-computer-vision-ga-1-2026\test\test_1086.npy,b04f2df0e698e5f8143f38563e2857672bde7341,0,20,0.6875,1,78.41969487179487,69.15539582418138,5.546911601028926,0.0,255.0,0.0,0.6875,0.0,0.0,0.1375,1,1,1
test,1104,data\processed\exp_001_faces_224\test\1104.png,data\raw\kul-computer-vision-ga-1-2026\test\test_1104.npy,6e472aac22dff37b4be7d549a4055ae863bd2f6d,0,20,0.6875,1,120.81912108843538,67.62113104978357,5.184341656433347,0.0,255.0,0.0,0.6875,0.0,0.0,0.1375,2,2,2
test,1149,data\processed\exp_001_faces_224\test\1149.png,data\raw\kul-computer-vision-ga-1-2026\test\test_1149.npy,5ef2e47d3f1363e8aaef80d0e2c2de22c3b22eec,0,20,0.6875,1,88.71653,69.80815849552884,6.77002133891229,0.0,255.0,0.0,0.6875,0.0,0.0,0.1375,0,0,0
test,1265,data\processed\exp_001_faces_224\test\1265.png,data\raw\kul-computer-vision-ga-1-2026\test\test_1265.npy,cb16d2963de6ca4493107ef718f7e7f1fb1507fe,0,20,0.6875,1,104.30286941580756,74.94938830534188,7.003567886918413,0.0,255.0,0.0,0.6875,0.0,0.0,0.1375,1,1,1
test,1293,data\processed\exp_001_faces_224\test\1293.png,data\raw\kul-computer-vision-ga-1-2026\test\test_1293.npy,83fb473555b5699e40d6dfaa9acceea2e4db2eaf,0,20,0.6875,1,74.58304301075269,62.41544113462956,5.4351467940652345,0.0,255.0,0.0,0.6875,0.0,0.0,0.1375,2,2,2
test,1295,data\processed\exp_001_faces_224\test\1295.png,data\raw\kul-computer-vision-ga-1-2026\test\test_1295.npy,dda5a1a46b9728a391b86711cef06638723f5f09,0,20,0.6875,1,95.76743706597222,68.26956242766647,7.142698763741447,0.0,255.0,0.0,0.6875,0.0,0.0,0.1375,0,0,0
test,1296,data\processed\exp_001_faces_224\test\1296.png,data\raw\kul-computer-vision-ga-1-2026\test\test_1296.npy,e1d100e9bec46cb3a9edcacc1c350858d795ebb4,0,20,0.6875,1,81.78858948278743,72.87293031916293,4.79395537561256,0.0,255.0,0.0,0.6875,0.0,0.0,0.1375,1,1,1
test,1361,data\processed\exp_001_faces_224\test\1361.png,data\raw\kul-computer-vision-ga-1-2026\test\test_1361.npy,4622b63811e636809916c5eaf8c470d1246d9a66,0,20,0.6875,1,130.45362208713271,62.843997127903215,7.004066343860784,0.0,255.0,0.0,0.6875,0.0,0.0,0.1375,2,2,2
test,1421,data\processed\exp_001_faces_224\test\1421.png,data\raw\kul-computer-vision-ga-1-2026\test\test_1421.npy,d90346f7baed33cb39fd2ffb45f4a2c8bbe15bf0,0,20,0.6875,1,78.38265716265717,69.17140779011187,5.441872630526333,0.0,255.0,0.0,0.6875,0.0,0.0,0.1375,1,1,1
test,1463,data\processed\exp_001_faces_224\test\1463.png,data\raw\kul-computer-vision-ga-1-2026\test\test_1463.npy,457c1d3d3eb75488e07b10e2b603af83e2dfec23,0,20,0.6875,1,91.74529930149448,71.07587463950448,5.129218466881987,0.0,255.0,0.0,0.6875,0.0,0.0,0.1375,2,2,2
test,1503,data\processed\exp_001_faces_224\test\1503.png,data\raw\kul-computer-vision-ga-1-2026\test\test_1503.npy,4f7683288123cd7b9644e5c29574c94cbf27123f,0,20,0.6875,1,116.27176660787772,65.1262194773925,5.00851408618634,0.0,255.0,0.0,0.6875,0.0,0.0,0.1375,2,2,2
test,1519,data\processed\exp_001_faces_224\test\1519.png,data\raw\kul-computer-vision-ga-1-2026\test\test_1519.npy,21aefb840ab71309ab399bc9892e1023ad953534,0,20,0.6875,1,104.6767374499615,63.92072959568549,11.099946631317618,0.0,255.0,0.0,0.6875,0.0,0.0,0.1375,1,1,1
test,1618,data\processed\exp_001_faces_224\test\1618.png,data\raw\kul-computer-vision-ga-1-2026\test\test_1618.npy,4094689595a3f33bd605d256f71a8d0535dce885,0,20,0.6875,1,92.53059210526315,71.29910874856796,5.36520415687601,0.0,255.0,0.0,0.6875,0.0,0.0,0.1375,2,2,2
test,1687,data\processed\exp_001_faces_224\test\1687.png,data\raw\kul-computer-vision-ga-1-2026\test\test_1687.npy,bf022e83d3c0dd5970bea5bff37b349cc158809b,0,20,0.6875,1,109.72895771878073,63.840082850918805,5.626801783054211,0.0,255.0,0.0,0.6875,0.0,0.0,0.1375,0,0,0
test,1708,data\processed\exp_001_faces_224\test\1708.png,data\raw\kul-computer-vision-ga-1-2026\test\test_1708.npy,2f9f5a8507457b921a5514912b136f70314073f3,0,20,0.6875,2,85.33116357350801,61.69852121778903,5.485469228760843,0.0,255.0,0.0,0.6875,0.0,0.0,0.1375,0,0,0
test,1729,data\processed\exp_001_faces_224\test\1729.png,data\raw\kul-computer-vision-ga-1-2026\test\test_1729.npy,82c3a36afc38a715d632cb8787832709881085f1,0,20,0.6875,1,141.4367,72.4387984500556,6.587517245128802,0.0,255.0,0.0,0.6875,0.0,0.0,0.1375,0,0,0
test,752,data\processed\exp_001_faces_224\test\752.png,data\raw\kul-computer-vision-ga-1-2026\test\test_752.npy,171dc0686dcfdeb2f23d13c724d1bfa7258c13b9,0,24,0.625,1,144.52847133640213,62.62314174344898,4.47431866466696,0.0,254.0,0.0,0.625,0.08277729199974161,0.0,0.13741659379996124,1,1,1
test,8,data\processed\exp_001_faces_224\test\8.png,data\raw\kul-computer-vision-ga-1-2026\test\test_8.npy,e6f9581f95e585cb2cb1071f7c2408510c9315c5,0,21,0.671875,1,72.92050819929479,63.8747435760041,4.555603303863177,0.0,255.0,0.0,0.671875,0.018808028287599372,0.0,0.1371962042431399,1,1,1
test,860,data\processed\exp_001_faces_224\test\860.png,data\raw\kul-computer-vision-ga-1-2026\test\test_860.npy,f74344a4e5f2f2ce88f0483a4983a0881e83ad12,0,28,0.5625,1,128.22673492605233,73.69901760111102,4.371530133211788,0.0,255.0,0.0,0.5625,0.1636696566612523,0.0,0.13705044849918785,0,0,0
test,1581,data\processed\exp_001_faces_224\test\1581.png,data\raw\kul-computer-vision-ga-1-2026\test\test_1581.npy,31f97f8f5dd08c5fbc9f8ccdd7e6013bd1898407,0,31,0.515625,1,79.40884518989782,60.76931823373662,4.292148866714124,0.0,255.0,0.0,0.515625,0.22614100697548575,0.0,0.13704615104632287,0,0,0
test,256,data\processed\exp_001_faces_224\test\256.png,data\raw\kul-computer-vision-ga-1-2026\test\test_256.npy,fb2643ba7985c1e9887a8d1879e0a1f044f737fc,0,27,0.578125,1,128.48511,74.43474192173012,4.402362816339412,0.0,255.0,0.0,0.578125,0.13940499783459798,0.0,0.1365357496751897,0,0,0
test,1449,data\processed\exp_001_faces_224\test\1449.png,data\raw\kul-computer-vision-ga-1-2026\test\test_1449.npy,713393b321747827a5a1129eb4644aafb4ba35ed,0,28,0.5625,1,115.2903601802861,50.76071771230806,4.376806942618645,0.0,255.0,0.0,0.5625,0.15951692109099186,0.0,0.13642753816364878,2,2,2
test,557,data\processed\exp_001_faces_224\test\557.png,data\raw\kul-computer-vision-ga-1-2026\test\test_557.npy,b9c9e5572328e77922e202378ad9a418aed3cd1f,0,33,0.484375,1,143.87330264672036,50.2232744610888,4.250353159469726,0.0,255.0,0.0,0.484375,0.2590333301153885,0.0,0.13572999951730827,0,0,0
test,394,data\processed\exp_001_faces_224\test\394.png,data\raw\kul-computer-vision-ga-1-2026\test\test_394.npy,484e7c1f62d675a82aaf68f4d57f9563945c41d0,0,43,0.328125,1,147.50524366471734,68.70290279921691,3.986107315010778,0.0,255.0,0.0,0.328125,0.4669891293436744,0.0,0.13567336940155117,0,0,0
test,43,data\processed\exp_001_faces_224\test\43.png,data\raw\kul-computer-vision-ga-1-2026\test\test_43.npy,ec33a19cff3e699033ea6e2f7c4437e51d6b6f90,0,27,0.578125,1,106.46912222222223,66.80018810607709,4.410860710476788,0.0,255.0,0.0,0.578125,0.13271733782346803,0.0,0.13553260067352021,1,1,1
test,993,data\processed\exp_001_faces_224\test\993.png,data\raw\kul-computer-vision-ga-1-2026\test\test_993.npy,fba55cc5b83befcb023e7acf75465b216fe3c24b,0,27,0.578125,1,122.33243773311114,86.1041300293258,4.415220322133251,0.0,255.0,0.0,0.578125,0.12928641716622524,0.0,0.1350179625749338,0,0,0
test,131,data\processed\exp_001_faces_224\test\131.png,data\raw\kul-computer-vision-ga-1-2026\test\test_131.npy,c58a4d1adedc545553340d8b5519d72aa152969c,0,27,0.578125,1,92.60496740362812,53.12699605768484,4.415460742514273,0.0,255.0,0.0,0.578125,0.12909721149455827,0.0,0.13498958172418374,2,2,2
test,1202,data\processed\exp_001_faces_224\test\1202.png,data\raw\kul-computer-vision-ga-1-2026\test\test_1202.npy,d296848ca64b7543a3fd98b7cf30f56c1360e420,0,34,0.46875,1,128.01479544271305,72.39050365588943,4.23344676481484,0.0,247.0,0.0,0.46875,0.27233829928046416,0.0,0.13460074489206963,2,2,2
test,88,data\processed\exp_001_faces_224\test\88.png,data\raw\kul-computer-vision-ga-1-2026\test\test_88.npy,050261e672e28996a6cce1bee839466415838e82,0,21,0.671875,1,116.23137629696396,81.73654366886085,7.684904408252994,0.0,255.0,0.0,0.671875,0.0,0.0,0.134375,2,2,2
test,170,data\processed\exp_001_faces_224\test\170.png,data\raw\kul-computer-vision-ga-1-2026\test\test_170.npy,04e4ae19c650083a9968717d4f89e1579fb751b6,0,21,0.671875,1,135.12245528455284,78.24625233647478,9.944824685330417,0.0,255.0,0.0,0.671875,0.0,0.0,0.134375,0,0,0
test,218,data\processed\exp_001_faces_224\test\218.png,data\raw\kul-computer-vision-ga-1-2026\test\test_218.npy,e8f0c8d758833c45dd3adc35de2545bdd047e447,0,21,0.671875,1,91.380231678487,71.769572865911,6.580957078537399,0.0,255.0,0.0,0.671875,0.0,0.0,0.134375,1,1,1
test,243,data\processed\exp_001_faces_224\test\243.png,data\raw\kul-computer-vision-ga-1-2026\test\test_243.npy,a1d1a8c09f96d4e4473f64c20e41f1b1b102c8f8,0,21,0.671875,1,120.49253427895981,76.77171909019901,6.4264483554853165,0.0,255.0,0.0,0.671875,0.0,0.0,0.134375,0,0,0
test,371,data\processed\exp_001_faces_224\test\371.png,data\raw\kul-computer-vision-ga-1-2026\test\test_371.npy,2bbbea7b1b8518283e0eecca607db3a551b1381b,0,21,0.671875,1,122.35290874000552,63.3705619105414,5.798383903629189,0.0,255.0,0.0,0.671875,0.0,0.0,0.134375,0,0,0
test,408,data\processed\exp_001_faces_224\test\408.png,data\raw\kul-computer-vision-ga-1-2026\test\test_408.npy,02443f1c5c5bd2d7b5bdfe1e9590a7fea5102f63,0,21,0.671875,1,85.58923694779116,69.32031061535032,5.834452181325326,0.0,255.0,0.0,0.671875,0.0,0.0,0.134375,2,2,2
test,429,data\processed\exp_001_faces_224\test\429.png,data\raw\kul-computer-vision-ga-1-2026\test\test_429.npy,aa8c73c8985e18d6906cf2eaf627f6134172083b,0,21,0.671875,1,79.65853080006642,68.10827698873044,5.533611282398098,0.0,255.0,0.0,0.671875,0.0,0.0,0.134375,1,1,1
test,495,data\processed\exp_001_faces_224\test\495.png,data\raw\kul-computer-vision-ga-1-2026\test\test_495.npy,a9a23754e378117b80a6f109b16ef4dc02083bdb,0,21,0.671875,1,94.34413580246914,71.89738362246165,4.799265243591016,0.0,246.0,0.0,0.671875,0.0,0.0,0.134375,0,0,0
test,534,data\processed\exp_001_faces_224\test\534.png,data\raw\kul-computer-vision-ga-1-2026\test\test_534.npy,9f54d7b78cd6ffe6961cc1469696750de7108125,0,21,0.671875,1,92.77975714285714,65.90241994789447,8.69198852244616,0.0,255.0,0.0,0.671875,0.0,0.0,0.134375,0,0,0
test,536,data\processed\exp_001_faces_224\test\536.png,data\raw\kul-computer-vision-ga-1-2026\test\test_536.npy,605c32a17fc2cbf8ee64840f1336e26a97edcff5,0,21,0.671875,1,90.58570794753086,80.40332646871117,4.857246125144224,0.0,255.0,0.0,0.671875,0.0,0.0,0.134375,0,0,0
test,550,data\processed\exp_001_faces_224\test\550.png,data\raw\kul-computer-vision-ga-1-2026\test\test_550.npy,d79e2904ba33a3bc6e223f6048cb11cfe9717e71,0,21,0.671875,2,130.3226866843293,76.9161028977725,10.092576044524822,0.0,255.0,0.0,0.671875,0.0,0.0,0.134375,2,2,2
test,732,data\processed\exp_001_faces_224\test\732.png,data\raw\kul-computer-vision-ga-1-2026\test\test_732.npy,02443f1c5c5bd2d7b5bdfe1e9590a7fea5102f63,0,21,0.671875,1,85.58923694779116,69.32031061535032,5.834452181325326,0.0,255.0,0.0,0.671875,0.0,0.0,0.134375,2,2,2
test,788,data\processed\exp_001_faces_224\test\788.png,data\raw\kul-computer-vision-ga-1-2026\test\test_788.npy,f1f681080c9cc079c34460afe26f70444b800d0f,0,21,0.671875,1,94.80582682291667,70.43908256003076,5.839289108737289,0.0,255.0,0.0,0.671875,0.0,0.0,0.134375,2,2,2
test,877,data\processed\exp_001_faces_224\test\877.png,data\raw\kul-computer-vision-ga-1-2026\test\test_877.npy,3a9badc1159d5d8a19a9b1cd1eb657770ff5bc15,0,21,0.671875,1,76.30998348310517,55.234266976367344,5.2509275170936025,0.0,255.0,0.0,0.671875,0.0,0.0,0.134375,2,2,2
test,891,data\processed\exp_001_faces_224\test\891.png,data\raw\kul-computer-vision-ga-1-2026\test\test_891.npy,c9629af17feff0f10462f90424174642322f62c1,0,21,0.671875,2,82.9205558460781,83.36214491430573,4.663904714890533,0.0,255.0,0.0,0.671875,0.0,0.0,0.134375,1,1,1
test,923,data\processed\exp_001_faces_224\test\923.png,data\raw\kul-computer-vision-ga-1-2026\test\test_923.npy,e78760f7edf08a2756f08883ce729715e64e0a97,0,21,0.671875,1,124.11255639097745,61.97371734724158,7.632791304485135,0.0,255.0,0.0,0.671875,0.0,0.0,0.134375,0,0,0
test,936,data\processed\exp_001_faces_224\test\936.png,data\raw\kul-computer-vision-ga-1-2026\test\test_936.npy,e73d877ba45dd1b397c65e38b17d5f6c1a89bb71,0,21,0.671875,1,94.94818564162755,70.12211996137809,6.908645682363314,0.0,255.0,0.0,0.671875,0.0,0.0,0.134375,2,2,2
test,964,data\processed\exp_001_faces_224\test\964.png,data\raw\kul-computer-vision-ga-1-2026\test\test_964.npy,3db1b4bd9b41769c703f7feef991a8ec6f6d2c68,0,21,0.671875,3,53.72721064814815,61.508953443514464,8.418717247640643,0.0,255.0,0.0,0.671875,0.0,0.0,0.134375,1,1,1
test,966,data\processed\exp_001_faces_224\test\966.png,data\raw\kul-computer-vision-ga-1-2026\test\test_966.npy,b1e731a0274b281f6d786119869ffc531d024175,0,21,0.671875,2,130.6704340277778,72.44046140638498,14.53204490484487,0.0,255.0,0.0,0.671875,0.0,0.0,0.134375,0,0,0
test,974,data\processed\exp_001_faces_224\test\974.png,data\raw\kul-computer-vision-ga-1-2026\test\test_974.npy,d1f746568a226fb685ae2f67ef9f68ebe47e3fd2,0,21,0.671875,2,87.7956012602599,65.70628159682671,4.7035367890641435,0.0,244.0,0.0,0.671875,0.0,0.0,0.134375,0,0,0
test,1018,data\processed\exp_001_faces_224\test\1018.png,data\raw\kul-computer-vision-ga-1-2026\test\test_1018.npy,02443f1c5c5bd2d7b5bdfe1e9590a7fea5102f63,0,21,0.671875,1,85.58923694779116,69.32031061535032,5.834452181325326,0.0,255.0,0.0,0.671875,0.0,0.0,0.134375,2,2,2
test,1147,data\processed\exp_001_faces_224\test\1147.png,data\raw\kul-computer-vision-ga-1-2026\test\test_1147.npy,e74fcee1f696643d4ba85619802e0dfc382e1f95,0,21,0.671875,1,101.24284338055247,81.88120588399089,7.846291148972309,0.0,255.0,0.0,0.671875,0.0,0.0,0.134375,2,2,2
test,1230,data\processed\exp_001_faces_224\test\1230.png,data\raw\kul-computer-vision-ga-1-2026\test\test_1230.npy,c8a12a902bc1c3fca7d5763913baf48ab75f129d,0,21,0.671875,1,175.79989149305555,65.24763043128806,6.331908620543919,0.0,255.0,0.0,0.671875,0.0,0.0,0.134375,0,0,0
test,1253,data\processed\exp_001_faces_224\test\1253.png,data\raw\kul-computer-vision-ga-1-2026\test\test_1253.npy,e6c651413d6138cab68f2d9dc6325b8336f0a3a6,0,21,0.671875,2,132.52016296296296,72.2388043758509,15.053393200358542,0.0,255.0,0.0,0.671875,0.0,0.0,0.134375,0,0,0
test,1259,data\processed\exp_001_faces_224\test\1259.png,data\raw\kul-computer-vision-ga-1-2026\test\test_1259.npy,f75a572e995547e5d5a38c92e95998510ac99d3d,0,21,0.671875,1,131.86746666666667,80.73265925452041,5.738212488657923,0.0,255.0,0.0,0.671875,0.0,0.0,0.134375,2,2,2
test,1279,data\processed\exp_001_faces_224\test\1279.png,data\raw\kul-computer-vision-ga-1-2026\test\test_1279.npy,e74fcee1f696643d4ba85619802e0dfc382e1f95,0,21,0.671875,1,101.24284338055247,81.88120588399089,7.846291148972309,0.0,255.0,0.0,0.671875,0.0,0.0,0.134375,2,2,2
test,1357,data\processed\exp_001_faces_224\test\1357.png,data\raw\kul-computer-vision-ga-1-2026\test\test_1357.npy,b0d743d581ef95889aeca3a229d092fcf8e375f3,0,21,0.671875,1,133.6894598765432,75.17472122619851,7.625364910924375,0.0,255.0,0.0,0.671875,0.0,0.0,0.134375,1,1,1
test,1404,data\processed\exp_001_faces_224\test\1404.png,data\raw\kul-computer-vision-ga-1-2026\test\test_1404.npy,d59b2160f236e3bbe95b9213bfa1cd27ebf2b938,0,21,0.671875,4,61.425330190682466,66.94600764117571,5.0687156518660865,0.0,255.0,0.0,0.671875,0.0,0.0,0.134375,0,0,0
test,1507,data\processed\exp_001_faces_224\test\1507.png,data\raw\kul-computer-vision-ga-1-2026\test\test_1507.npy,e30b8a94855c37a5392461fadb0a25a9299d529e,0,21,0.671875,1,133.3391822721598,59.8946856563097,5.588836974223948,0.0,255.0,0.0,0.671875,0.0,0.0,0.134375,0,0,0
test,1543,data\processed\exp_001_faces_224\test\1543.png,data\raw\kul-computer-vision-ga-1-2026\test\test_1543.npy,5ff7764c101039d8779defa3ec6b6c51441cc274,0,21,0.671875,1,90.28230888888889,70.35521578644985,4.9334271588995104,0.0,255.0,0.0,0.671875,0.0,0.0,0.134375,1,1,1
test,1592,data\processed\exp_001_faces_224\test\1592.png,data\raw\kul-computer-vision-ga-1-2026\test\test_1592.npy,16fa34c0217525d08d0fd0cf539e501db14f0160,0,21,0.671875,1,113.13307366482505,58.453456720998254,4.86588573810257,0.0,255.0,0.0,0.671875,0.0,0.0,0.134375,0,0,0
test,1631,data\processed\exp_001_faces_224\test\1631.png,data\raw\kul-computer-vision-ga-1-2026\test\test_1631.npy,6e90c6872610a04d30ccc39b5c05f0496451f5ef,0,21,0.671875,1,121.76834490740741,64.06066495185128,5.106141311321819,0.0,255.0,0.0,0.671875,0.0,0.0,0.134375,0,0,0
test,1654,data\processed\exp_001_faces_224\test\1654.png,data\raw\kul-computer-vision-ga-1-2026\test\test_1654.npy,72f1ed46d3e1625eccac402ecc4b3c733724c2de,0,21,0.671875,5,68.1566707828801,64.18333482989702,6.620968638714298,0.0,255.0,0.0,0.671875,0.0,0.0,0.134375,2,2,2
test,1761,data\processed\exp_001_faces_224\test\1761.png,data\raw\kul-computer-vision-ga-1-2026\test\test_1761.npy,62a57f9f4fb5a9a48f224014ebe652373c583797,0,21,0.671875,1,89.13492063492063,74.00893253728083,16.253205466280306,0.0,255.0,0.0,0.671875,0.0,0.0,0.134375,0,0,0
test,625,data\processed\exp_001_faces_224\test\625.png,data\raw\kul-computer-vision-ga-1-2026\test\test_625.npy,acf1fadcd88542785072f8c81655b989103477cd,0,26,0.59375,1,75.06478055555556,59.859735963256085,4.450650287927177,0.0,255.0,0.0,0.59375,0.10140379570668047,0.0,0.1339605693560021,0,0,0
test,700,data\processed\exp_001_faces_224\test\700.png,data\raw\kul-computer-vision-ga-1-2026\test\test_700.npy,acf1fadcd88542785072f8c81655b989103477cd,0,26,0.59375,1,75.06478055555556,59.859735963256085,4.450650287927177,0.0,255.0,0.0,0.59375,0.10140379570668047,0.0,0.1339605693560021,0,0,0
test,834,data\processed\exp_001_faces_224\test\834.png,data\raw\kul-computer-vision-ga-1-2026\test\test_834.npy,b9e2af482771d805d27e9b38bb05f07585743977,0,36,0.4375,1,148.31481623190376,72.18284527672803,4.200032788759032,0.0,255.0,0.0,0.4375,0.29863438015283483,0.0,0.13229515702292524,0,0,0
test,907,data\processed\exp_001_faces_224\test\907.png,data\raw\kul-computer-vision-ga-1-2026\test\test_907.npy,48beff8828c32e68f352afb67a7e6827217c7b71,0,29,0.546875,1,97.05199289405685,64.97806517368542,4.388183663594987,0.0,254.0,0.0,0.546875,0.15056368624229793,0.0,0.1319595529363447,1,1,1
test,1464,data\processed\exp_001_faces_224\test\1464.png,data\raw\kul-computer-vision-ga-1-2026\test\test_1464.npy,f1e3cdb218d4b8df06396ec970279db682036362,0,24,0.625,1,58.98388642968925,51.253251659123315,4.520762208588491,0.0,255.0,0.0,0.625,0.04622722130715812,0.0,0.13193408319607372,1,1,1
test,357,data\processed\exp_001_faces_224\test\357.png,data\raw\kul-computer-vision-ga-1-2026\test\test_357.npy,8e41260f62c411eacfe269190756c1fd0a349d1b,0,39,0.390625,1,75.17114280055456,53.56760842873875,4.125100878889822,0.0,255.0,0.0,0.390625,0.3576041824460709,0.0,0.13176562736691064,1,1,1
test,236,data\processed\exp_001_faces_224\test\236.png,data\raw\kul-computer-vision-ga-1-2026\test\test_236.npy,d56b9c0aca5f81906c53889d722c139975b21f65,0,29,0.546875,1,136.70458263305323,91.17748669129806,4.392750003892769,0.0,255.0,0.0,0.546875,0.14697007458827926,0.0,0.13142051118824188,2,2,2
test,742,data\processed\exp_001_faces_224\test\742.png,data\raw\kul-computer-vision-ga-1-2026\test\test_742.npy,a79c699b9894cf143b3c7c568577eb83bfd48869,0,34,0.46875,1,145.0853104690314,69.84954967475961,4.261351192323866,0.0,255.0,0.0,0.46875,0.25037811467839843,0.0,0.13130671720175977,2,2,2
test,9,data\processed\exp_001_faces_224\test\9.png,data\raw\kul-computer-vision-ga-1-2026\test\test_9.npy,aa8a3b54e1734e582b872e126c24ee5227c3ddd3,0,22,0.65625,1,79.55631546950991,62.952343241812244,7.122914462275599,0.0,255.0,0.0,0.65625,0.0,0.0,0.13125,0,0,0
test,57,data\processed\exp_001_faces_224\test\57.png,data\raw\kul-computer-vision-ga-1-2026\test\test_57.npy,bff15d088c1bdbf015432254fbbc6c18b70ec47a,0,22,0.65625,1,109.90020811864784,51.84020268373384,5.0757246358979184,8.0,255.0,0.0,0.65625,0.0,0.0,0.13125,0,0,0
test,173,data\processed\exp_001_faces_224\test\173.png,data\raw\kul-computer-vision-ga-1-2026\test\test_173.npy,6ecf9af9fa137e9c92f37517838603a1c7dbc8b6,0,22,0.65625,1,106.31263888888888,76.30297156656559,5.445808446520173,0.0,246.0,0.0,0.65625,0.0,0.0,0.13125,1,1,1
test,265,data\processed\exp_001_faces_224\test\265.png,data\raw\kul-computer-vision-ga-1-2026\test\test_265.npy,2cf7facd8e8484ae195eba397cea7f19d2633a6e,0,22,0.65625,3,108.66398340684731,71.7288409017512,4.733077507097114,0.0,255.0,0.0,0.65625,0.0,0.0,0.13125,1,1,1
test,271,data\processed\exp_001_faces_224\test\271.png,data\raw\kul-computer-vision-ga-1-2026\test\test_271.npy,e590e1b46f7663dcbe870342568f1f37bf687cfc,0,22,0.65625,1,103.69280882547233,85.61126589421256,6.089617610078887,0.0,255.0,0.0,0.65625,0.0,0.0,0.13125,0,0,0
test,321,data\processed\exp_001_faces_224\test\321.png,data\raw\kul-computer-vision-ga-1-2026\test\test_321.npy,dc9d0ae00f1a0a90b5f1540a4e4d74f7b392d898,0,22,0.65625,2,132.66567413838197,83.82883351664088,5.275729885430335,0.0,255.0,0.0,0.65625,0.0,0.0,0.13125,2,2,2
test,379,data\processed\exp_001_faces_224\test\379.png,data\raw\kul-computer-vision-ga-1-2026\test\test_379.npy,cfe40ea23486beb8880d49955670751d8ff03751,0,22,0.65625,2,76.42245862884161,64.59157537237475,6.432507150857283,0.0,255.0,0.0,0.65625,0.0,0.0,0.13125,1,1,1
test,454,data\processed\exp_001_faces_224\test\454.png,data\raw\kul-computer-vision-ga-1-2026\test\test_454.npy,94c79b898f1f5c480655468d70b29aeb8c726a6e,0,22,0.65625,1,51.24123025123025,57.47297127325602,7.931548898729572,0.0,255.0,0.0,0.65625,0.0,0.0,0.13125,2,2,2
test,462,data\processed\exp_001_faces_224\test\462.png,data\raw\kul-computer-vision-ga-1-2026\test\test_462.npy,4fef333958b10d4d4f921a6b151ccf5d05a861bf,0,22,0.65625,1,143.4493688888889,76.23737324408059,4.629784380540582,0.0,255.0,0.0,0.65625,0.0,0.0,0.13125,0,0,0
test,493,data\processed\exp_001_faces_224\test\493.png,data\raw\kul-computer-vision-ga-1-2026\test\test_493.npy,2cf7facd8e8484ae195eba397cea7f19d2633a6e,0,22,0.65625,3,108.66398340684731,71.7288409017512,4.733077507097114,0.0,255.0,0.0,0.65625,0.0,0.0,0.13125,1,1,1
test,520,data\processed\exp_001_faces_224\test\520.png,data\raw\kul-computer-vision-ga-1-2026\test\test_520.npy,f1223d91473f94b0e1df5a9e0b75e82898956d0a,0,22,0.65625,1,100.45321481481481,90.47698720456809,6.1715925448655184,0.0,255.0,0.0,0.65625,0.0,0.0,0.13125,1,1,1
test,608,data\processed\exp_001_faces_224\test\608.png,data\raw\kul-computer-vision-ga-1-2026\test\test_608.npy,d3f48969006ca384802eb1846c5afded1445a746,0,22,0.65625,1,70.09868441358024,77.6942660475295,4.9450336092085605,0.0,255.0,0.0,0.65625,0.0,0.0,0.13125,1,1,1
test,670,data\processed\exp_001_faces_224\test\670.png,data\raw\kul-computer-vision-ga-1-2026\test\test_670.npy,591490f77a01c5e1c303a9b86ddff9a2e7a7fb1b,0,22,0.65625,1,150.02023888888888,78.25273432459893,6.202942335865678,0.0,255.0,0.0,0.65625,0.0,0.0,0.13125,2,2,2
test,691,data\processed\exp_001_faces_224\test\691.png,data\raw\kul-computer-vision-ga-1-2026\test\test_691.npy,f9890c7e689eb5383771e8a38db1899c480ed769,0,22,0.65625,1,131.19729904129792,97.45316609309893,8.476684145775732,0.0,255.0,0.0,0.65625,0.0,0.0,0.13125,0,0,0
test,707,data\processed\exp_001_faces_224\test\707.png,data\raw\kul-computer-vision-ga-1-2026\test\test_707.npy,005326ada420d28475ca3d612b98bd3b3a16d5cf,0,22,0.65625,1,102.20434249270228,76.6193507528898,4.930730464558019,0.0,255.0,0.0,0.65625,0.0,0.0,0.13125,0,0,0
test,717,data\processed\exp_001_faces_224\test\717.png,data\raw\kul-computer-vision-ga-1-2026\test\test_717.npy,58a8f689ca32207f97c2aaa67759e5195db7cdbe,0,22,0.65625,1,111.17353009259259,77.98786586009328,11.80002923431351,0.0,255.0,0.0,0.65625,0.0,0.0,0.13125,1,1,1
test,724,data\processed\exp_001_faces_224\test\724.png,data\raw\kul-computer-vision-ga-1-2026\test\test_724.npy,52e66a514aed9e78d80bb7b4f49c4eb515c215bf,0,22,0.65625,1,137.17125508914782,80.85543348895665,10.408072289572182,6.0,255.0,0.0,0.65625,0.0,0.0,0.13125,0,0,0
test,770,data\processed\exp_001_faces_224\test\770.png,data\raw\kul-computer-vision-ga-1-2026\test\test_770.npy,0399ad2d915f0b339516ecfac5b4f01b99a7b233,0,22,0.65625,2,52.32619574652778,68.50513397907632,5.576395483341078,0.0,255.0,0.0,0.65625,0.0,0.0,0.13125,1,1,1
test,781,data\processed\exp_001_faces_224\test\781.png,data\raw\kul-computer-vision-ga-1-2026\test\test_781.npy,7cbf6e7ab3a46a3378e512ed2836f75e852940e4,0,22,0.65625,1,103.73617695473251,82.90043938409303,5.368589527560702,0.0,255.0,0.0,0.65625,0.0,0.0,0.13125,1,1,1
test,785,data\processed\exp_001_faces_224\test\785.png,data\raw\kul-computer-vision-ga-1-2026\test\test_785.npy,1d6012dbe39bcf1867fee34b0b05bea115b3da8d,0,22,0.65625,1,145.48397164067805,74.56537118814789,7.159399210878657,0.0,255.0,0.0,0.65625,0.0,0.0,0.13125,0,0,0
test,956,data\processed\exp_001_faces_224\test\956.png,data\raw\kul-computer-vision-ga-1-2026\test\test_956.npy,49be46640c4f070975eadd4b58d6de410d28aea7,0,22,0.65625,1,84.96090070921986,79.33367203480994,5.558449963757031,0.0,255.0,0.0,0.65625,0.0,0.0,0.13125,0,0,0
test,971,data\processed\exp_001_faces_224\test\971.png,data\raw\kul-computer-vision-ga-1-2026\test\test_971.npy,dfb440d84cec33547f297bb020d94e581ba9cee9,0,22,0.65625,1,111.96284959584622,66.82225276586064,7.066675560868359,0.0,255.0,0.0,0.65625,0.0,0.0,0.13125,0,0,0
test,997,data\processed\exp_001_faces_224\test\997.png,data\raw\kul-computer-vision-ga-1-2026\test\test_997.npy,94665848ab4734d3f82253169cd3623d29b88203,0,22,0.65625,1,80.79620043139207,84.77814190841774,5.064647686374304,0.0,252.0,0.0,0.65625,0.0,0.0,0.13125,0,0,0
test,1000,data\processed\exp_001_faces_224\test\1000.png,data\raw\kul-computer-vision-ga-1-2026\test\test_1000.npy,1ce0d976b91ac4225f5ffdd85b00fc5ca2a0229b,0,22,0.65625,2,146.47043703703704,95.03368182695426,10.4132905982906,0.0,255.0,0.0,0.65625,0.0,0.0,0.13125,2,2,2
test,1006,data\processed\exp_001_faces_224\test\1006.png,data\raw\kul-computer-vision-ga-1-2026\test\test_1006.npy,5a091cc14dd1808b63fb0616dc5529104a51565c,0,22,0.65625,1,82.84090735653236,85.34489394204496,5.317971667357107,0.0,255.0,0.0,0.65625,0.0,0.0,0.13125,1,1,1
test,1082,data\processed\exp_001_faces_224\test\1082.png,data\raw\kul-computer-vision-ga-1-2026\test\test_1082.npy,e36f6ac098f8516a246a549b09bc61cd515c775b,0,22,0.65625,1,97.9427327856025,71.41819861431927,5.854234047550461,0.0,255.0,0.0,0.65625,0.0,0.0,0.13125,2,2,2
test,1109,data\processed\exp_001_faces_224\test\1109.png,data\raw\kul-computer-vision-ga-1-2026\test\test_1109.npy,c4bba910e9b6412600e503ed2de0b7a1d0cfa7ec,0,22,0.65625,1,102.47333984375,58.280320637510805,8.958495084913537,0.0,255.0,0.0,0.65625,0.0,0.0,0.13125,2,2,2
test,1168,data\processed\exp_001_faces_224\test\1168.png,data\raw\kul-computer-vision-ga-1-2026\test\test_1168.npy,6e6cb9bf1c94edd8c48d285956fb345a492f5289,0,22,0.65625,1,84.10754629629629,76.04290389758187,11.65024893146577,0.0,255.0,0.0,0.65625,0.0,0.0,0.13125,1,1,1
test,1209,data\processed\exp_001_faces_224\test\1209.png,data\raw\kul-computer-vision-ga-1-2026\test\test_1209.npy,d9b12d4c12538d8024847a43f3d23f18db3c360d,0,22,0.65625,1,131.47946304880648,79.79194787955433,9.357548090457698,2.0,255.0,0.0,0.65625,0.0,0.0,0.13125,0,0,0
test,1250,data\processed\exp_001_faces_224\test\1250.png,data\raw\kul-computer-vision-ga-1-2026\test\test_1250.npy,62d5f280014897eb906d3da7155fd6f67360d90a,0,22,0.65625,1,123.96899088541667,94.90359609566792,6.41892671972951,0.0,255.0,0.0,0.65625,0.0,0.0,0.13125,0,0,0
test,1252,data\processed\exp_001_faces_224\test\1252.png,data\raw\kul-computer-vision-ga-1-2026\test\test_1252.npy,468632d62080b8a418f60799f4c6770f7c5f9775,0,22,0.65625,1,113.35483124486561,69.13540323252931,6.649770784678811,0.0,255.0,0.0,0.65625,0.0,0.0,0.13125,0,0,0
test,1311,data\processed\exp_001_faces_224\test\1311.png,data\raw\kul-computer-vision-ga-1-2026\test\test_1311.npy,4b51e833d00b124f265f48393f32274a37ef9c50,0,22,0.65625,1,88.27901975308642,72.2278046206796,4.775923667855981,0.0,255.0,0.0,0.65625,0.0,0.0,0.13125,1,1,1
test,1314,data\processed\exp_001_faces_224\test\1314.png,data\raw\kul-computer-vision-ga-1-2026\test\test_1314.npy,6aea73e79faa85151e2a128791440cc5b1c42d7d,0,22,0.65625,1,107.91609166666667,64.51924946136823,5.6723324958123955,2.0,255.0,0.0,0.65625,0.0,0.0,0.13125,0,0,0
test,1324,data\processed\exp_001_faces_224\test\1324.png,data\raw\kul-computer-vision-ga-1-2026\test\test_1324.npy,ab7e806e6e0ef124faba4e21a4902cdda0d9776d,0,22,0.65625,1,70.03631748684465,55.659289608905894,7.0280169393181495,0.0,255.0,0.0,0.65625,0.0,0.0,0.13125,0,0,0
test,1401,data\processed\exp_001_faces_224\test\1401.png,data\raw\kul-computer-vision-ga-1-2026\test\test_1401.npy,afbbbbe8f5a577418c3fc2dc341774226b2b4940,0,22,0.65625,1,96.74701497395833,61.797000581837835,6.184619947812925,0.0,255.0,0.0,0.65625,0.0,0.0,0.13125,2,2,2
test,1403,data\processed\exp_001_faces_224\test\1403.png,data\raw\kul-computer-vision-ga-1-2026\test\test_1403.npy,9b2fc33d6a276ac769c3e895bee7485475cbddb9,0,22,0.65625,2,73.77088518518518,77.25169444931628,8.965091044221479,0.0,255.0,0.0,0.65625,0.0,0.0,0.13125,2,2,2
test,1458,data\processed\exp_001_faces_224\test\1458.png,data\raw\kul-computer-vision-ga-1-2026\test\test_1458.npy,591490f77a01c5e1c303a9b86ddff9a2e7a7fb1b,0,22,0.65625,1,150.02023888888888,78.25273432459893,6.202942335865678,0.0,255.0,0.0,0.65625,0.0,0.0,0.13125,2,2,2
test,1478,data\processed\exp_001_faces_224\test\1478.png,data\raw\kul-computer-vision-ga-1-2026\test\test_1478.npy,a4556788e6a1fa527bea6e1f940869eb54a5d533,0,22,0.65625,1,87.15597927637167,75.21091667199802,9.482786992288862,0.0,255.0,0.0,0.65625,0.0,0.0,0.13125,1,1,1
test,1539,data\processed\exp_001_faces_224\test\1539.png,data\raw\kul-computer-vision-ga-1-2026\test\test_1539.npy,3c4a36ee77cca2900c6a5a45fb38904a6f210e6c,0,22,0.65625,1,143.45290666666668,76.246862621037,4.628435741778761,0.0,255.0,0.0,0.65625,0.0,0.0,0.13125,0,0,0
test,1563,data\processed\exp_001_faces_224\test\1563.png,data\raw\kul-computer-vision-ga-1-2026\test\test_1563.npy,37f2966aab4567cba260b4ab08194c0704bffe3d,0,22,0.65625,3,56.877745711079044,47.26499144718742,5.553304051537902,0.0,255.0,0.0,0.65625,0.0,0.0,0.13125,0,0,0
test,1724,data\processed\exp_001_faces_224\test\1724.png,data\raw\kul-computer-vision-ga-1-2026\test\test_1724.npy,b548900b38eef64475eb0852c15a7f53444a1a4d,0,22,0.65625,1,77.88867436402316,53.09003541749489,5.4843835824680145,0.0,255.0,0.0,0.65625,0.0,0.0,0.13125,2,2,2
test,1751,data\processed\exp_001_faces_224\test\1751.png,data\raw\kul-computer-vision-ga-1-2026\test\test_1751.npy,dc9d0ae00f1a0a90b5f1540a4e4d74f7b392d898,0,22,0.65625,2,132.66567413838197,83.82883351664088,5.275729885430335,0.0,255.0,0.0,0.65625,0.0,0.0,0.13125,2,2,2
test,146,data\processed\exp_001_faces_224\test\146.png,data\raw\kul-computer-vision-ga-1-2026\test\test_146.npy,36f8968fafb6565a8a0816be807c48279a8aff81,0,28,0.5625,1,86.68277640603567,59.27009121534785,4.422433637477641,0.0,255.0,0.0,0.5625,0.12360969305122677,0.0,0.13104145395768402,0,0,0
test,794,data\processed\exp_001_faces_224\test\794.png,data\raw\kul-computer-vision-ga-1-2026\test\test_794.npy,667d1c83ea9c314c6ca5fa319e9831cfdc04c456,0,36,0.4375,1,179.31964742182134,82.38708095097223,4.214688592844146,0.0,255.0,0.0,0.4375,0.2871005773863485,0.0,0.13056508660795227,2,2,2
test,1004,data\processed\exp_001_faces_224\test\1004.png,data\raw\kul-computer-vision-ga-1-2026\test\test_1004.npy,0fc4e89f50ded67103bf199fb21722ad4e8cbfe4,0,25,0.609375,1,174.45382414438208,83.0343626700557,4.507448459241343,0.0,255.0,0.0,0.609375,0.056704855844345196,0.0,0.1303807283766518,2,2,2
test,1586,data\processed\exp_001_faces_224\test\1586.png,data\raw\kul-computer-vision-ga-1-2026\test\test_1586.npy,f8b187259dfb1727a9a50766298b8ba0c6d92b83,0,29,0.546875,1,132.4082705345326,89.88406236688012,4.403041508015506,0.0,255.0,0.0,0.546875,0.13887088207500797,0.0,0.1302056323112512,0,0,0
test,939,data\processed\exp_001_faces_224\test\939.png,data\raw\kul-computer-vision-ga-1-2026\test\test_939.npy,102954d3e64a4b9d4c259b4aecbbac67974743d4,0,45,0.296875,1,141.4320889698231,93.09258918355472,3.98039701611955,0.0,255.0,0.0,0.296875,0.47148301181962826,0.0,0.13009745177294424,1,1,1
test,914,data\processed\exp_001_faces_224\test\914.png,data\raw\kul-computer-vision-ga-1-2026\test\test_914.npy,80076c8f1a2e6c5db598486918118c3b253f3f6b,0,24,0.625,1,138.99901997503122,95.64921929294124,4.543472490136077,0.0,255.0,0.0,0.625,0.028354717920784627,0.0,0.12925320768811768,1,1,1
test,1616,data\processed\exp_001_faces_224\test\1616.png,data\raw\kul-computer-vision-ga-1-2026\test\test_1616.npy,0b4d5ef248afe9fa4fcbf02800b58f85233d74f9,0,33,0.484375,1,85.84458211143695,60.1707424342131,4.306446708833349,0.0,255.0,0.0,0.484375,0.21488891258122478,0.0,0.1291083368871837,2,2,2
test,1731,data\processed\exp_001_faces_224\test\1731.png,data\raw\kul-computer-vision-ga-1-2026\test\test_1731.npy,23305369050447e82eea7bd25e2fdd1002044cce,0,23,0.640625,2,67.54866226399119,76.00818154060426,4.572200212408341,0.0,255.0,0.0,0.640625,0.005746618038006585,0.0,0.128986992705701,1,1,1
test,73,data\processed\exp_001_faces_224\test\73.png,data\raw\kul-computer-vision-ga-1-2026\test\test_73.npy,2786ce037bb99e5c49a9cc174df321bb9b3f5d4d,0,41,0.359375,1,119.25962262250923,89.0006296720119,4.099709969954158,0.0,255.0,0.0,0.359375,0.3775862819627542,0.0,0.12851294229441312,0,0,0
test,0,data\processed\exp_001_faces_224\test\0.png,data\raw\kul-computer-vision-ga-1-2026\test\test_0.npy,964389ae661cb2a1915c4b593a80a9304e8994bb,0,23,0.640625,1,127.83531585113094,85.31890146233007,5.746418092871734,0.0,255.0,0.0,0.640625,0.0,0.0,0.12812500000000002,1,1,1
test,10,data\processed\exp_001_faces_224\test\10.png,data\raw\kul-computer-vision-ga-1-2026\test\test_10.npy,04c23a4ef8332ff90b583fc5b0113ccfc3b40895,0,23,0.640625,1,76.63820352119787,60.744534017225476,6.714716188565314,0.0,255.0,0.0,0.640625,0.0,0.0,0.12812500000000002,2,2,2
test,81,data\processed\exp_001_faces_224\test\81.png,data\raw\kul-computer-vision-ga-1-2026\test\test_81.npy,b4ddffdb0bda544846c60e93b8bc5a20fdb2e4b9,0,23,0.640625,1,92.05634160756502,69.88595631909946,5.35820313720407,0.0,255.0,0.0,0.640625,0.0,0.0,0.12812500000000002,0,0,0
test,83,data\processed\exp_001_faces_224\test\83.png,data\raw\kul-computer-vision-ga-1-2026\test\test_83.npy,b4ddffdb0bda544846c60e93b8bc5a20fdb2e4b9,0,23,0.640625,1,92.05634160756502,69.88595631909946,5.35820313720407,0.0,255.0,0.0,0.640625,0.0,0.0,0.12812500000000002,0,0,0
test,102,data\processed\exp_001_faces_224\test\102.png,data\raw\kul-computer-vision-ga-1-2026\test\test_102.npy,d80cb88e00650da4e32796db8b6c9f19de730510,0,23,0.640625,1,51.02114208633093,58.91134938181102,6.068812167279829,0.0,255.0,0.0,0.640625,0.0,0.0,0.12812500000000002,0,0,0
test,156,data\processed\exp_001_faces_224\test\156.png,data\raw\kul-computer-vision-ga-1-2026\test\test_156.npy,4e3d5a185ed0a855a41191128b47cfdcc2b95285,0,23,0.640625,1,79.05710546365835,62.114339294749826,6.054773668677324,0.0,255.0,0.0,0.640625,0.0,0.0,0.12812500000000002,0,0,0
test,169,data\processed\exp_001_faces_224\test\169.png,data\raw\kul-computer-vision-ga-1-2026\test\test_169.npy,bc17c6a9f8e94b0a63a379ec2c86dbe0a0759b95,0,23,0.640625,1,120.05294074074074,62.947199898452574,7.431112959805642,0.0,255.0,0.0,0.640625,0.0,0.0,0.12812500000000002,0,0,0
test,171,data\processed\exp_001_faces_224\test\171.png,data\raw\kul-computer-vision-ga-1-2026\test\test_171.npy,b25cdf9409406f0e5545aa7d6b9179d6710510f7,0,23,0.640625,1,102.4694980749833,55.089502968758524,5.4657702934174015,0.0,255.0,0.0,0.640625,0.0,0.0,0.12812500000000002,0,0,0
test,181,data\processed\exp_001_faces_224\test\181.png,data\raw\kul-computer-vision-ga-1-2026\test\test_181.npy,b6e051a30938aba292edeefd2c3f467507dc53ab,0,23,0.640625,1,119.57076584022039,65.50689026840332,6.7134050891427925,0.0,255.0,0.0,0.640625,0.0,0.0,0.12812500000000002,0,0,0
test,182,data\processed\exp_001_faces_224\test\182.png,data\raw\kul-computer-vision-ga-1-2026\test\test_182.npy,f7a927286dc881401f1523a24955db4a18522647,0,23,0.640625,1,102.0550332899117,76.9121447298327,5.938482482438216,0.0,237.0,0.0,0.640625,0.0,0.0,0.12812500000000002,2,2,2
test,239,data\processed\exp_001_faces_224\test\239.png,data\raw\kul-computer-vision-ga-1-2026\test\test_239.npy,53259ab402e99a6fd08d24d474e3aa059a86694d,0,23,0.640625,1,150.03756915629322,73.25113584934795,5.858635259132092,0.0,255.0,0.0,0.640625,0.0,0.0,0.12812500000000002,0,0,0
test,416,data\processed\exp_001_faces_224\test\416.png,data\raw\kul-computer-vision-ga-1-2026\test\test_416.npy,9861c18ef362167fe1804bfa9cf945757d06c7ec,0,23,0.640625,1,57.9953875,59.276406559087036,5.934486484600891,0.0,255.0,0.0,0.640625,0.0,0.0,0.12812500000000002,0,0,0
test,450,data\processed\exp_001_faces_224\test\450.png,data\raw\kul-computer-vision-ga-1-2026\test\test_450.npy,6c8c625de20f5ac50c3f8608b01e643a85e0acbd,0,23,0.640625,1,103.9753277153558,89.02576527879793,4.760269474055967,0.0,255.0,0.0,0.640625,0.0,0.0,0.12812500000000002,1,1,1
test,455,data\processed\exp_001_faces_224\test\455.png,data\raw\kul-computer-vision-ga-1-2026\test\test_455.npy,40daec38c0dbbca3b6c6aca1e3818208ea86a473,0,23,0.640625,1,107.74768395061729,79.78357150623326,5.496698076480685,0.0,242.0,0.0,0.640625,0.0,0.0,0.12812500000000002,2,2,2
test,466,data\processed\exp_001_faces_224\test\466.png,data\raw\kul-computer-vision-ga-1-2026\test\test_466.npy,a95d6b551dd756816c78b50d271af52dbbae2a56,0,23,0.640625,2,91.90910673515982,83.56699394838645,9.599129633532828,0.0,255.0,0.0,0.640625,0.0,0.0,0.12812500000000002,2,2,2
test,541,data\processed\exp_001_faces_224\test\541.png,data\raw\kul-computer-vision-ga-1-2026\test\test_541.npy,1ae735ef484d4f21134ceb37decb55747964ea06,0,23,0.640625,1,101.60098039215686,90.34891778027472,5.1830307204144965,0.0,255.0,0.0,0.640625,0.0,0.0,0.12812500000000002,1,1,1
test,594,data\processed\exp_001_faces_224\test\594.png,data\raw\kul-computer-vision-ga-1-2026\test\test_594.npy,5aa4b1ac6bd324127dee4d0470b9ecf2e8714539,0,23,0.640625,3,68.23945245726496,62.81056154996199,4.867311697412484,0.0,255.0,0.0,0.640625,0.0,0.0,0.12812500000000002,0,0,0
test,617,data\processed\exp_001_faces_224\test\617.png,data\raw\kul-computer-vision-ga-1-2026\test\test_617.npy,f3765c44ddae4789bff2a6c520a7ad31441ae5a2,0,23,0.640625,1,89.3341526135736,68.73255869778446,15.495596078132143,0.0,255.0,0.0,0.640625,0.0,0.0,0.12812500000000002,2,2,2
test,667,data\processed\exp_001_faces_224\test\667.png,data\raw\kul-computer-vision-ga-1-2026\test\test_667.npy,4aade6eccef05c5f7796f49fc643deb6106a1d62,0,23,0.640625,1,129.52832222222222,63.565734856538306,7.605891620774344,0.0,255.0,0.0,0.640625,0.0,0.0,0.12812500000000002,0,0,0
test,680,data\processed\exp_001_faces_224\test\680.png,data\raw\kul-computer-vision-ga-1-2026\test\test_680.npy,b49c9695b54e8ccdc3912472b56007cc0344d06a,0,23,0.640625,2,67.90703823620105,75.87490610950229,5.25022090153403,0.0,255.0,0.0,0.640625,0.0,0.0,0.12812500000000002,1,1,1
test,683,data\processed\exp_001_faces_224\test\683.png,data\raw\kul-computer-vision-ga-1-2026\test\test_683.npy,76bf10920d85e9124b0250eac5882e98b770d6be,0,23,0.640625,1,88.9593965734442,69.17966115958068,11.60228646799263,0.0,255.0,0.0,0.640625,0.0,0.0,0.12812500000000002,0,0,0
test,689,data\processed\exp_001_faces_224\test\689.png,data\raw\kul-computer-vision-ga-1-2026\test\test_689.npy,df2545b2eae650c69e57eb1501284e77b0cf36af,0,23,0.640625,2,156.90132244008714,88.84942673383374,6.814421159129679,0.0,255.0,0.0,0.640625,0.0,0.0,0.12812500000000002,0,0,0
test,695,data\processed\exp_001_faces_224\test\695.png,data\raw\kul-computer-vision-ga-1-2026\test\test_695.npy,871e05e455d78a6175ec90043e1b69991bdd5f05,0,23,0.640625,3,98.18291111111111,67.53278103185002,12.019609810479377,0.0,255.0,0.0,0.640625,0.0,0.0,0.12812500000000002,0,0,0
test,696,data\processed\exp_001_faces_224\test\696.png,data\raw\kul-computer-vision-ga-1-2026\test\test_696.npy,8400c162a995241e0c07563b09614bc3ee31b32c,0,23,0.640625,1,140.451430339025,60.963100829639735,6.969175391412134,0.0,254.0,0.0,0.640625,0.0,0.0,0.12812500000000002,0,0,0
test,745,data\processed\exp_001_faces_224\test\745.png,data\raw\kul-computer-vision-ga-1-2026\test\test_745.npy,2e82d6622c62e3beddfd2ab0efadb8769c4b8c58,0,23,0.640625,1,131.37291907986574,84.42838927431362,9.704858905465649,0.0,255.0,0.0,0.640625,0.0,0.0,0.12812500000000002,0,0,0
test,753,data\processed\exp_001_faces_224\test\753.png,data\raw\kul-computer-vision-ga-1-2026\test\test_753.npy,8b57fc34d78b41e292176d38522397823e589ba0,0,23,0.640625,2,85.58851961950059,69.19360249063847,12.608472415160069,0.0,255.0,0.0,0.640625,0.0,0.0,0.12812500000000002,2,2,2
test,764,data\processed\exp_001_faces_224\test\764.png,data\raw\kul-computer-vision-ga-1-2026\test\test_764.npy,9dd39e7024ee147146f4208f6f44f78f00a2fb17,0,23,0.640625,1,96.83547692307693,75.43618657499643,7.715836564509791,0.0,255.0,0.0,0.640625,0.0,0.0,0.12812500000000002,2,2,2
test,809,data\processed\exp_001_faces_224\test\809.png,data\raw\kul-computer-vision-ga-1-2026\test\test_809.npy,8ad70165ff7f755e5c399d7445e363e864c6e4fd,0,23,0.640625,1,150.02759444444445,78.22418835694103,6.345824322511966,0.0,255.0,0.0,0.640625,0.0,0.0,0.12812500000000002,2,2,2
test,819,data\processed\exp_001_faces_224\test\819.png,data\raw\kul-computer-vision-ga-1-2026\test\test_819.npy,5263960ffea1c82e8565e7f64937ce38bffffc81,0,23,0.640625,1,169.66263454861112,67.23940165612007,9.532756343553846,0.0,255.0,0.0,0.640625,0.0,0.0,0.12812500000000002,0,0,0
test,828,data\processed\exp_001_faces_224\test\828.png,data\raw\kul-computer-vision-ga-1-2026\test\test_828.npy,40b3d3f4f8e27bea960505261da30e9d7d6da6a9,0,23,0.640625,1,147.88259105725623,80.1987373561795,6.153538785390852,0.0,255.0,0.0,0.640625,0.0,0.0,0.12812500000000002,2,2,2
test,847,data\processed\exp_001_faces_224\test\847.png,data\raw\kul-computer-vision-ga-1-2026\test\test_847.npy,172b8b0ae5dc754969e0b4a8b7b2aed0d985a4f3,0,23,0.640625,1,69.82359595959596,67.64805515654544,5.2656734641316785,0.0,255.0,0.0,0.640625,0.0,0.0,0.12812500000000002,0,0,0
test,919,data\processed\exp_001_faces_224\test\919.png,data\raw\kul-computer-vision-ga-1-2026\test\test_919.npy,60b177a2dba6720a4a9fad45062b8e16eb92df06,0,23,0.640625,1,115.61501879699249,69.18231709581946,5.253676870777928,0.0,255.0,0.0,0.640625,0.0,0.0,0.12812500000000002,2,2,2
test,927,data\processed\exp_001_faces_224\test\927.png,data\raw\kul-computer-vision-ga-1-2026\test\test_927.npy,c13a8c35eb615cb7dbc82b6fbd7ae26b27fdf0a6,0,23,0.640625,1,169.67526475694444,67.24969190843079,8.794254970805298,0.0,255.0,0.0,0.640625,0.0,0.0,0.12812500000000002,0,0,0
test,951,data\processed\exp_001_faces_224\test\951.png,data\raw\kul-computer-vision-ga-1-2026\test\test_951.npy,670f6d671dcde658425fe8ce96fc5891140a1b13,0,23,0.640625,2,54.96125923846945,69.21497797387433,8.666988685922622,0.0,255.0,0.0,0.640625,0.0,0.0,0.12812500000000002,2,2,2
test,1015,data\processed\exp_001_faces_224\test\1015.png,data\raw\kul-computer-vision-ga-1-2026\test\test_1015.npy,76b29b39c45ac23e4d76d7c2e1faa26d73d68ec8,0,23,0.640625,4,84.94087407407407,72.6843179066639,8.831754146869635,0.0,255.0,0.0,0.640625,0.0,0.0,0.12812500000000002,0,0,0
test,1036,data\processed\exp_001_faces_224\test\1036.png,data\raw\kul-computer-vision-ga-1-2026\test\test_1036.npy,c13a8c35eb615cb7dbc82b6fbd7ae26b27fdf0a6,0,23,0.640625,1,169.67526475694444,67.24969190843079,8.794254970805298,0.0,255.0,0.0,0.640625,0.0,0.0,0.12812500000000002,0,0,0
test,1048,data\processed\exp_001_faces_224\test\1048.png,data\raw\kul-computer-vision-ga-1-2026\test\test_1048.npy,6a20776c9658450587369f8e6791deb624a547f0,0,23,0.640625,2,55.87992808342323,68.74465538748001,8.55316959547877,0.0,255.0,0.0,0.640625,0.0,0.0,0.12812500000000002,2,2,2
test,1050,data\processed\exp_001_faces_224\test\1050.png,data\raw\kul-computer-vision-ga-1-2026\test\test_1050.npy,978c98b36eba73c1ff21ba0259fc6e27aeed0519,0,23,0.640625,1,129.19337037037036,82.5311583145926,6.511960293791931,0.0,255.0,0.0,0.640625,0.0,0.0,0.12812500000000002,0,0,0
test,1061,data\processed\exp_001_faces_224\test\1061.png,data\raw\kul-computer-vision-ga-1-2026\test\test_1061.npy,78c1376ea534b2f6dceb004164e4173992e3cbea,0,23,0.640625,1,138.58832183908046,85.25097736554977,7.34739142010339,0.0,255.0,0.0,0.640625,0.0,0.0,0.12812500000000002,2,2,2
test,1136,data\processed\exp_001_faces_224\test\1136.png,data\raw\kul-computer-vision-ga-1-2026\test\test_1136.npy,01877527a6aa33403b1d5114d3270937ecd068c6,0,23,0.640625,1,121.665825,85.2835815048336,7.526725043750215,0.0,255.0,0.0,0.640625,0.0,0.0,0.12812500000000002,2,2,2
test,1139,data\processed\exp_001_faces_224\test\1139.png,data\raw\kul-computer-vision-ga-1-2026\test\test_1139.npy,ea2f6fb0ad56c5187346a074a7669a08c6126f24,0,23,0.640625,1,167.08699011876948,64.61162354706316,7.0668373265668585,0.0,255.0,0.0,0.640625,0.0,0.0,0.12812500000000002,0,0,0
test,1140,data\processed\exp_001_faces_224\test\1140.png,data\raw\kul-computer-vision-ga-1-2026\test\test_1140.npy,1c1cf0c7af7bc8e64a096846ef50bdccd216aa42,0,23,0.640625,1,133.74930276981854,77.13381360055064,5.151232046044488,0.0,255.0,0.0,0.640625,0.0,0.0,0.12812500000000002,0,0,0
test,1179,data\processed\exp_001_faces_224\test\1179.png,data\raw\kul-computer-vision-ga-1-2026\test\test_1179.npy,71ca150f4fc26bcb0abcbb808509a442cb3a59f0,0,23,0.640625,1,135.78780760387525,81.87659329947097,5.0692982810389156,0.0,255.0,0.0,0.640625,0.0,0.0,0.12812500000000002,2,2,2
test,1243,data\processed\exp_001_faces_224\test\1243.png,data\raw\kul-computer-vision-ga-1-2026\test\test_1243.npy,a0aec43c633f8d308b936acaf3de1f7fd0a3c5c2,0,23,0.640625,1,87.46879846410852,78.70440288190161,6.1170960095708935,0.0,255.0,0.0,0.640625,0.0,0.0,0.12812500000000002,1,1,1
test,1248,data\processed\exp_001_faces_224\test\1248.png,data\raw\kul-computer-vision-ga-1-2026\test\test_1248.npy,92c8503be36b3b6b0a6e5aafa250fa4f27ec9c2f,0,23,0.640625,1,89.67055127533847,78.4161439887919,6.101302906780928,0.0,255.0,0.0,0.640625,0.0,0.0,0.12812500000000002,1,1,1
test,1263,data\processed\exp_001_faces_224\test\1263.png,data\raw\kul-computer-vision-ga-1-2026\test\test_1263.npy,b8fc0f8f7734ae252720f574c68b0c6ad869f1d4,0,23,0.640625,3,86.43216162842756,80.92841801087897,7.865398188218377,0.0,255.0,0.0,0.640625,0.0,0.0,0.12812500000000002,0,0,0
test,1268,data\processed\exp_001_faces_224\test\1268.png,data\raw\kul-computer-vision-ga-1-2026\test\test_1268.npy,bbb7a62db3f6506c8d2d6bcb2dbc1f287f133bf8,0,23,0.640625,1,131.39546296296297,75.66302352699729,11.05738628780039,0.0,255.0,0.0,0.640625,0.0,0.0,0.12812500000000002,0,0,0
test,1292,data\processed\exp_001_faces_224\test\1292.png,data\raw\kul-computer-vision-ga-1-2026\test\test_1292.npy,e21b0dd6515206dd6f76056bb1a7b71f34c3e688,0,23,0.640625,1,138.9064,85.8364724677492,5.276045094480205,0.0,255.0,0.0,0.640625,0.0,0.0,0.12812500000000002,2,2,2
test,1335,data\processed\exp_001_faces_224\test\1335.png,data\raw\kul-computer-vision-ga-1-2026\test\test_1335.npy,42a7681d1afeefd51981f24ad1d7b530dad1644c,0,23,0.640625,2,133.63423230593608,71.42369319045002,6.345182914302262,0.0,255.0,0.0,0.640625,0.0,0.0,0.12812500000000002,0,0,0
test,1369,data\processed\exp_001_faces_224\test\1369.png,data\raw\kul-computer-vision-ga-1-2026\test\test_1369.npy,a0aec43c633f8d308b936acaf3de1f7fd0a3c5c2,0,23,0.640625,1,87.46879846410852,78.70440288190161,6.1170960095708935,0.0,255.0,0.0,0.640625,0.0,0.0,0.12812500000000002,1,1,1
test,1374,data\processed\exp_001_faces_224\test\1374.png,data\raw\kul-computer-vision-ga-1-2026\test\test_1374.npy,09dde4d1c7128fac03d5189bf5614c6a0d7075dc,0,23,0.640625,8,60.163094299973736,69.12121385712578,6.097588596617876,0.0,255.0,0.0,0.640625,0.0,0.0,0.12812500000000002,0,0,0
test,1390,data\processed\exp_001_faces_224\test\1390.png,data\raw\kul-computer-vision-ga-1-2026\test\test_1390.npy,df2545b2eae650c69e57eb1501284e77b0cf36af,0,23,0.640625,2,156.90132244008714,88.84942673383374,6.814421159129679,0.0,255.0,0.0,0.640625,0.0,0.0,0.12812500000000002,0,0,0
test,1430,data\processed\exp_001_faces_224\test\1430.png,data\raw\kul-computer-vision-ga-1-2026\test\test_1430.npy,e7f579a91954167f70cf415c090c2580dcce067b,0,23,0.640625,1,151.7318804347826,81.87880023007261,4.625907785893645,11.0,255.0,0.0,0.640625,0.0,0.0,0.12812500000000002,0,0,0
test,1475,data\processed\exp_001_faces_224\test\1475.png,data\raw\kul-computer-vision-ga-1-2026\test\test_1475.npy,b25cdf9409406f0e5545aa7d6b9179d6710510f7,0,23,0.640625,1,102.4694980749833,55.089502968758524,5.4657702934174015,0.0,255.0,0.0,0.640625,0.0,0.0,0.12812500000000002,0,0,0
test,1511,data\processed\exp_001_faces_224\test\1511.png,data\raw\kul-computer-vision-ga-1-2026\test\test_1511.npy,b16e918010e3405bc1a1d685fd32e9781bad7bbd,0,23,0.640625,3,68.21606303418804,62.02271244013699,8.536969115157522,0.0,255.0,0.0,0.640625,0.0,0.0,0.12812500000000002,0,0,0
test,1541,data\processed\exp_001_faces_224\test\1541.png,data\raw\kul-computer-vision-ga-1-2026\test\test_1541.npy,82cdb863299292a35a931503ce08685be3f80065,0,23,0.640625,1,102.38213783403657,65.1202494731452,6.985815894737483,0.0,244.0,0.0,0.640625,0.0,0.0,0.12812500000000002,0,0,0
test,1552,data\processed\exp_001_faces_224\test\1552.png,data\raw\kul-computer-vision-ga-1-2026\test\test_1552.npy,a60e896d74751d6b8287ff3e184b8e3ccd582a60,0,23,0.640625,2,126.53222934472934,72.478821221982,6.361121571008772,0.0,255.0,0.0,0.640625,0.0,0.0,0.12812500000000002,0,0,0
test,1559,data\processed\exp_001_faces_224\test\1559.png,data\raw\kul-computer-vision-ga-1-2026\test\test_1559.npy,8400c162a995241e0c07563b09614bc3ee31b32c,0,23,0.640625,1,140.451430339025,60.963100829639735,6.969175391412134,0.0,254.0,0.0,0.640625,0.0,0.0,0.12812500000000002,0,0,0
test,1570,data\processed\exp_001_faces_224\test\1570.png,data\raw\kul-computer-vision-ga-1-2026\test\test_1570.npy,0ca8e95336f611eb5444b062b243387603751139,0,23,0.640625,2,78.9752415818402,69.97730163818733,4.94377643713835,0.0,255.0,0.0,0.640625,0.0,0.0,0.12812500000000002,0,0,0
test,1640,data\processed\exp_001_faces_224\test\1640.png,data\raw\kul-computer-vision-ga-1-2026\test\test_1640.npy,2cb19835561cc52dc92d59d2572df534408eac5c,0,23,0.640625,1,162.76399977498238,70.65226358359531,5.9588437584910885,0.0,255.0,0.0,0.640625,0.0,0.0,0.12812500000000002,0,0,0
test,1643,data\processed\exp_001_faces_224\test\1643.png,data\raw\kul-computer-vision-ga-1-2026\test\test_1643.npy,b227f104fff1661c32e8e90fd8c46d2472bc92b5,0,23,0.640625,1,72.12480357142857,65.96233576477374,5.874896945136943,0.0,255.0,0.0,0.640625,0.0,0.0,0.12812500000000002,1,1,1
test,1660,data\processed\exp_001_faces_224\test\1660.png,data\raw\kul-computer-vision-ga-1-2026\test\test_1660.npy,0a10fa93173abaa6d6c30ebf516dafcf8d7e37a4,0,23,0.640625,1,93.30938194444444,57.014709708023844,5.939153315391462,0.0,255.0,0.0,0.640625,0.0,0.0,0.12812500000000002,2,2,2
test,1671,data\processed\exp_001_faces_224\test\1671.png,data\raw\kul-computer-vision-ga-1-2026\test\test_1671.npy,f2e0cf10cfd35b4ddfe1615b84e5c0120a4cab03,0,23,0.640625,2,88.11708607562267,74.80578270982619,4.79874488915257,0.0,255.0,0.0,0.640625,0.0,0.0,0.12812500000000002,0,0,0
test,1698,data\processed\exp_001_faces_224\test\1698.png,data\raw\kul-computer-vision-ga-1-2026\test\test_1698.npy,e3ddfb26ebd7e34886c9e18e36c369b18a54d19d,0,23,0.640625,1,129.69332700822264,90.21790915301558,4.937380782888004,0.0,255.0,0.0,0.640625,0.0,0.0,0.12812500000000002,0,0,0
test,1735,data\processed\exp_001_faces_224\test\1735.png,data\raw\kul-computer-vision-ga-1-2026\test\test_1735.npy,ed36d180b0fd0730894ed9f6b5609de9bbf35d3a,0,23,0.640625,1,165.70490121899957,84.656249261113,6.7090721049428,0.0,255.0,0.0,0.640625,0.0,0.0,0.12812500000000002,2,2,2
test,1800,data\processed\exp_001_faces_224\test\1800.png,data\raw\kul-computer-vision-ga-1-2026\test\test_1800.npy,2a88561623a7d1d980283d4e8371bfc57ef792c0,0,23,0.640625,1,101.67611930383951,90.057438734854,5.772842761700842,0.0,255.0,0.0,0.640625,0.0,0.0,0.12812500000000002,1,1,1
test,280,data\processed\exp_001_faces_224\test\280.png,data\raw\kul-computer-vision-ga-1-2026\test\test_280.npy,8100a88c999e89e39e01c5fb1ef261c4c72b86b8,0,25,0.609375,1,95.45827564990002,89.80746672243123,4.530071474033267,0.0,255.0,0.0,0.609375,0.03890102951874763,0.0,0.12771015442781217,2,2,2
test,709,data\processed\exp_001_faces_224\test\709.png,data\raw\kul-computer-vision-ga-1-2026\test\test_709.npy,5f54ccc506c45ef49e6a7a4a25252ab1fdc46afa,0,27,0.578125,1,117.50245280553922,99.70485935446969,4.481232068615176,0.0,255.0,0.0,0.578125,0.07733659170648637,0.0,0.12722548875597295,0,0,1
test,1246,data\processed\exp_001_faces_224\test\1246.png,data\raw\kul-computer-vision-ga-1-2026\test\test_1246.npy,854d08b2977f93bc69cb5e49117c481bd9dbae77,0,24,0.625,1,210.35341661241318,63.38679850004434,4.565062813178911,0.0,255.0,0.0,0.625,0.011363597802462573,0.0,0.12670453967036938,0,0,0
test,320,data\processed\exp_001_faces_224\test\320.png,data\raw\kul-computer-vision-ga-1-2026\test\test_320.npy,afd32f4e75467f410682b3ed74364e81bdd29737,0,28,0.5625,1,92.47680601393472,75.44976313114732,4.459258641497927,0.0,255.0,0.0,0.5625,0.09462920649597621,0.0,0.12669438097439645,2,2,2
test,1210,data\processed\exp_001_faces_224\test\1210.png,data\raw\kul-computer-vision-ga-1-2026\test\test_1210.npy,855fe93bb4c4ed1211c4e80636397c51e0d0f812,0,39,0.390625,1,105.71382564204829,81.00368018629192,4.177042958379838,0.0,255.0,0.0,0.390625,0.31672688246036196,0.0,0.1256340323690543,2,2,2
test,12,data\processed\exp_001_faces_224\test\12.png,data\raw\kul-computer-vision-ga-1-2026\test\test_12.npy,75b680da145277aff52c606bb11e7de30e6c1219,0,24,0.625,1,86.51518915489666,78.42729031266445,6.976392658245486,0.0,255.0,0.0,0.625,0.0,0.0,0.125,2,2,2
test,29,data\processed\exp_001_faces_224\test\29.png,data\raw\kul-computer-vision-ga-1-2026\test\test_29.npy,e29069309a1c96c5bc58c99c209887bb45e61a79,0,24,0.625,1,80.25090005073567,53.73535844097408,4.6901642301650694,0.0,255.0,0.0,0.625,0.0,0.0,0.125,2,2,2
test,55,data\processed\exp_001_faces_224\test\55.png,data\raw\kul-computer-vision-ga-1-2026\test\test_55.npy,e50262434e94e690dd0fcd6db7c8f20a422434e7,0,24,0.625,1,139.66369497996828,75.24598666195807,7.4252068112446565,0.0,255.0,0.0,0.625,0.0,0.0,0.125,0,0,0
test,107,data\processed\exp_001_faces_224\test\107.png,data\raw\kul-computer-vision-ga-1-2026\test\test_107.npy,287818a8a26ac162607b3f648fbe0093ff55848d,0,24,0.625,1,79.18644983385782,70.51198972626091,8.62835311747337,0.0,255.0,0.0,0.625,0.0,0.0,0.125,0,0,0
test,114,data\processed\exp_001_faces_224\test\114.png,data\raw\kul-computer-vision-ga-1-2026\test\test_114.npy,636573369f2d15a5c8aa973d8894d05d53e377ad,0,24,0.625,1,112.75284790459393,78.57295150623234,5.8385516225288585,0.0,255.0,0.0,0.625,0.0,0.0,0.125,0,0,0
test,154,data\processed\exp_001_faces_224\test\154.png,data\raw\kul-computer-vision-ga-1-2026\test\test_154.npy,9216c1a9f46450277858d0e0adf38bf9c806491b,0,24,0.625,1,124.65674319991726,80.43805219392914,5.323770495386802,0.0,255.0,0.0,0.625,0.0,0.0,0.125,2,2,2
test,165,data\processed\exp_001_faces_224\test\165.png,data\raw\kul-computer-vision-ga-1-2026\test\test_165.npy,80608a553844b87e0d96ac85212703e13aa71f5d,0,24,0.625,2,99.91866484820072,77.00195427702906,5.6227062327269435,0.0,255.0,0.0,0.625,0.0,0.0,0.125,0,0,0
test,208,data\processed\exp_001_faces_224\test\208.png,data\raw\kul-computer-vision-ga-1-2026\test\test_208.npy,6274ea5b8a73915197ae1410048c5ac4a68e9179,0,24,0.625,1,147.64216333333334,72.28946347557614,4.68874531403746,0.0,255.0,0.0,0.625,0.0,0.0,0.125,0,0,0
test,267,data\processed\exp_001_faces_224\test\267.png,data\raw\kul-computer-vision-ga-1-2026\test\test_267.npy,0bd5bb1ef1a39ca911d0351d1fe78dcec16cb614,0,24,0.625,1,112.0897116507386,68.40274788855481,4.900492026039732,0.0,255.0,0.0,0.625,0.0,0.0,0.125,0,0,0
test,306,data\processed\exp_001_faces_224\test\306.png,data\raw\kul-computer-vision-ga-1-2026\test\test_306.npy,2f641aba0fe37ce9af27ad0876543827623b18f9,0,24,0.625,1,57.88646675084175,59.489251635208525,5.770160875402823,0.0,255.0,0.0,0.625,0.0,0.0,0.125,0,0,0
test,309,data\processed\exp_001_faces_224\test\309.png,data\raw\kul-computer-vision-ga-1-2026\test\test_309.npy,0897dc062dbb259da0aa8acfc1e5ae186bad620a,0,24,0.625,1,175.3773572975451,57.38621348725589,5.150493322138134,0.0,255.0,0.0,0.625,0.0,0.0,0.125,0,0,0
test,405,data\processed\exp_001_faces_224\test\405.png,data\raw\kul-computer-vision-ga-1-2026\test\test_405.npy,5c03d83e13eafa7694b9dae0e67c9f1870a662c9,0,24,0.625,1,147.641925,81.05539886443192,11.063598823098252,0.0,255.0,0.0,0.625,0.0,0.0,0.125,0,0,0
test,413,data\processed\exp_001_faces_224\test\413.png,data\raw\kul-computer-vision-ga-1-2026\test\test_413.npy,98f93391c68fc7c8b7a757af8df1ba5d08b93355,0,24,0.625,1,126.33123541666667,70.38561055131994,5.842474937343358,0.0,255.0,0.0,0.625,0.0,0.0,0.125,2,2,2
test,428,data\processed\exp_001_faces_224\test\428.png,data\raw\kul-computer-vision-ga-1-2026\test\test_428.npy,2ee693026ef6c2bc603fea18ae91ea49343e79bc,0,24,0.625,1,128.67847766747224,88.02430850159607,4.944456539578923,0.0,255.0,0.0,0.625,0.0,0.0,0.125,1,1,1
test,443,data\processed\exp_001_faces_224\test\443.png,data\raw\kul-computer-vision-ga-1-2026\test\test_443.npy,7f4d33940f4e289d62dc475c24767e89073a7486,0,24,0.625,1,93.48343473451328,81.1709386292401,7.620089108581782,0.0,255.0,0.0,0.625,0.0,0.0,0.125,2,2,2
test,531,data\processed\exp_001_faces_224\test\531.png,data\raw\kul-computer-vision-ga-1-2026\test\test_531.npy,29849fadc1517579e3615b9a5a4bf2490e9846cb,0,24,0.625,1,98.11352226720648,71.270037412666,7.974511527143106,0.0,255.0,0.0,0.625,0.0,0.0,0.125,0,0,0
test,549,data\processed\exp_001_faces_224\test\549.png,data\raw\kul-computer-vision-ga-1-2026\test\test_549.npy,c8263aee949c3e25a7de1feec6c2dee60c8d2d45,0,24,0.625,1,69.92753333333333,59.637816740883956,9.829804905239687,0.0,255.0,0.0,0.625,0.0,0.0,0.125,0,0,0
test,564,data\processed\exp_001_faces_224\test\564.png,data\raw\kul-computer-vision-ga-1-2026\test\test_564.npy,f428f37e43a1d0da9190923b54195bfcdb47db0e,0,24,0.625,1,106.78493814860938,63.666559415720954,4.911930158404445,0.0,255.0,0.0,0.625,0.0,0.0,0.125,0,0,0
test,570,data\processed\exp_001_faces_224\test\570.png,data\raw\kul-computer-vision-ga-1-2026\test\test_570.npy,696d35a3cf203f0093279e49747cd5fd8a08dd7f,0,24,0.625,1,153.66006666666667,73.32852222194863,7.4625566703827575,0.0,255.0,0.0,0.625,0.0,0.0,0.125,1,1,1
test,592,data\processed\exp_001_faces_224\test\592.png,data\raw\kul-computer-vision-ga-1-2026\test\test_592.npy,8bb768ce5e5ff622dce636b0b6e26a32565b459f,0,24,0.625,1,84.05211931861254,79.04499769918193,6.866778099512688,0.0,255.0,0.0,0.625,0.0,0.0,0.125,0,0,0
test,713,data\processed\exp_001_faces_224\test\713.png,data\raw\kul-computer-vision-ga-1-2026\test\test_713.npy,14360cbf5aebe9d1d341a419e1371b9ae45d7e16,0,24,0.625,1,109.05096738529575,75.45799889281639,7.838059653633399,0.0,255.0,0.0,0.625,0.0,0.0,0.125,0,0,0
test,782,data\processed\exp_001_faces_224\test\782.png,data\raw\kul-computer-vision-ga-1-2026\test\test_782.npy,b19c122dffa7b280abbefb359869a026eaca5cce,0,24,0.625,1,99.88768806950625,76.33170512643129,5.4287975792452805,0.0,255.0,0.0,0.625,0.0,0.0,0.125,0,0,0
test,820,data\processed\exp_001_faces_224\test\820.png,data\raw\kul-computer-vision-ga-1-2026\test\test_820.npy,ff427fcd6d23f15fccb6abfe423d9d9f09b36d07,0,24,0.625,1,147.89508395061728,66.21313164697109,7.530216701606746,0.0,255.0,0.0,0.625,0.0,0.0,0.125,0,0,0
test,843,data\processed\exp_001_faces_224\test\843.png,data\raw\kul-computer-vision-ga-1-2026\test\test_843.npy,3c0e247f9277394d5600a4c232ab1a7f729910e6,0,24,0.625,1,124.68290649763361,82.41039671688796,5.551947652985991,0.0,255.0,0.0,0.625,0.0,0.0,0.125,0,0,0
test,844,data\processed\exp_001_faces_224\test\844.png,data\raw\kul-computer-vision-ga-1-2026\test\test_844.npy,11065dbe85f9d98edd552c2015b477ea10a36c88,0,24,0.625,1,95.60197627314815,73.55819632558325,7.68547403683101,0.0,255.0,0.0,0.625,0.0,0.0,0.125,2,2,2
test,849,data\processed\exp_001_faces_224\test\849.png,data\raw\kul-computer-vision-ga-1-2026\test\test_849.npy,c484eba6b2f157743122b29dd65728e1e8347522,0,24,0.625,1,135.46427407407407,52.693477050373296,5.624886659234486,0.0,255.0,0.0,0.625,0.0,0.0,0.125,0,0,0
test,882,data\processed\exp_001_faces_224\test\882.png,data\raw\kul-computer-vision-ga-1-2026\test\test_882.npy,d86205607a4287dd5815148759e400ebf174c9ae,0,24,0.625,1,111.53666087962964,52.212121479207624,11.981201244096944,0.0,255.0,0.0,0.625,0.0,0.0,0.125,1,1,1
test,917,data\processed\exp_001_faces_224\test\917.png,data\raw\kul-computer-vision-ga-1-2026\test\test_917.npy,7e1acc62178cb9ef09d349e27f5762a1a64309ae,0,24,0.625,1,120.3291266025641,82.35976237053363,5.8972971038165,0.0,255.0,0.0,0.625,0.0,0.0,0.125,0,0,0
test,922,data\processed\exp_001_faces_224\test\922.png,data\raw\kul-computer-vision-ga-1-2026\test\test_922.npy,8d421866cec0025a6f790eb9c5ad3f8aae096a6b,0,24,0.625,1,120.27976742009453,82.50844727710269,5.272807138150325,0.0,255.0,0.0,0.625,0.0,0.0,0.125,0,0,0
test,934,data\processed\exp_001_faces_224\test\934.png,data\raw\kul-computer-vision-ga-1-2026\test\test_934.npy,f428f37e43a1d0da9190923b54195bfcdb47db0e,0,24,0.625,1,106.78493814860938,63.666559415720954,4.911930158404445,0.0,255.0,0.0,0.625,0.0,0.0,0.125,0,0,0
test,943,data\processed\exp_001_faces_224\test\943.png,data\raw\kul-computer-vision-ga-1-2026\test\test_943.npy,1b788e33c0fedadade409666984ecc0c1475ec21,0,24,0.625,1,122.26104400330516,86.94148353388078,6.431774711317702,0.0,255.0,0.0,0.625,0.0,0.0,0.125,0,0,0
test,972,data\processed\exp_001_faces_224\test\972.png,data\raw\kul-computer-vision-ga-1-2026\test\test_972.npy,7ae66ad111095fb597aacb58050d6ac546d16f5f,0,24,0.625,1,97.21601212121212,62.580512839448176,5.085170141754232,0.0,249.0,0.0,0.625,0.0,0.0,0.125,0,0,0
test,981,data\processed\exp_001_faces_224\test\981.png,data\raw\kul-computer-vision-ga-1-2026\test\test_981.npy,3b92ed40e9f8215609dc48add6ba96c9a42f9ac6,0,24,0.625,3,141.22134586606808,65.78424676011026,9.251832540488545,0.0,255.0,0.0,0.625,0.0,0.0,0.125,0,0,0
test,985,data\processed\exp_001_faces_224\test\985.png,data\raw\kul-computer-vision-ga-1-2026\test\test_985.npy,2b7a3ef76f79f0a12d277c25c61a5da0b46631b2,0,24,0.625,1,78.3382095410628,58.912965101921436,5.47521767380357,0.0,255.0,0.0,0.625,0.0,0.0,0.125,2,2,2
test,1002,data\processed\exp_001_faces_224\test\1002.png,data\raw\kul-computer-vision-ga-1-2026\test\test_1002.npy,a96c75bb5aaac76cfa085b818e59769d8ee575fe,0,24,0.625,1,64.47414893617021,72.90430878572211,4.878019560700192,0.0,255.0,0.0,0.625,0.0,0.0,0.125,1,1,1
test,1003,data\processed\exp_001_faces_224\test\1003.png,data\raw\kul-computer-vision-ga-1-2026\test\test_1003.npy,329ad00e13b1c6588af698cc515fc54436c5ca10,0,24,0.625,1,132.51569878472222,86.01009156859698,10.365008116493566,0.0,255.0,0.0,0.625,0.0,0.0,0.125,2,2,2
test,1154,data\processed\exp_001_faces_224\test\1154.png,data\raw\kul-computer-vision-ga-1-2026\test\test_1154.npy,e29069309a1c96c5bc58c99c209887bb45e61a79,0,24,0.625,1,80.25090005073567,53.73535844097408,4.6901642301650694,0.0,255.0,0.0,0.625,0.0,0.0,0.125,2,2,2
test,1226,data\processed\exp_001_faces_224\test\1226.png,data\raw\kul-computer-vision-ga-1-2026\test\test_1226.npy,c4899b477944243b6e226835281b2f346ebeff54,0,24,0.625,1,147.69491666666667,73.08939043119847,9.224704665820969,0.0,255.0,0.0,0.625,0.0,0.0,0.125,0,0,0
test,1238,data\processed\exp_001_faces_224\test\1238.png,data\raw\kul-computer-vision-ga-1-2026\test\test_1238.npy,a0c01b3758667168814645e05bd334a037632476,0,24,0.625,1,131.16986749295026,73.53605877617318,5.228260471375667,0.0,255.0,0.0,0.625,0.0,0.0,0.125,0,0,0
test,1245,data\processed\exp_001_faces_224\test\1245.png,data\raw\kul-computer-vision-ga-1-2026\test\test_1245.npy,013c0f0c2655bf1111e04e7c814ea1ff929eec7d,0,24,0.625,1,61.03703291264539,60.90152961814995,5.997695570522337,0.0,255.0,0.0,0.625,0.0,0.0,0.125,0,0,0
test,1272,data\processed\exp_001_faces_224\test\1272.png,data\raw\kul-computer-vision-ga-1-2026\test\test_1272.npy,cd714f4b24dc778a9844d2cbfccfc3e6ef443534,0,24,0.625,1,83.68988860992715,49.44178746759738,6.1483567186937815,0.0,255.0,0.0,0.625,0.0,0.0,0.125,0,0,0
test,1275,data\processed\exp_001_faces_224\test\1275.png,data\raw\kul-computer-vision-ga-1-2026\test\test_1275.npy,4158104f190a46cf348df6d2f6ac63bcad233a82,0,24,0.625,1,129.84189650809716,90.4548739202084,9.398130712563685,0.0,255.0,0.0,0.625,0.0,0.0,0.125,2,2,2
test,1300,data\processed\exp_001_faces_224\test\1300.png,data\raw\kul-computer-vision-ga-1-2026\test\test_1300.npy,b13da5e6b43c807a515a8ffa1cd514802d7aa4f4,0,24,0.625,1,163.56228552555527,51.27972612782189,6.8046237031201535,0.0,255.0,0.0,0.625,0.0,0.0,0.125,0,0,0
test,1344,data\processed\exp_001_faces_224\test\1344.png,data\raw\kul-computer-vision-ga-1-2026\test\test_1344.npy,70a0db7de022d4bc382a3ec49aa40228b89ddc84,0,24,0.625,1,80.63264425875114,50.74856623191593,5.419611599898526,0.0,255.0,0.0,0.625,0.0,0.0,0.125,2,2,2
test,1367,data\processed\exp_001_faces_224\test\1367.png,data\raw\kul-computer-vision-ga-1-2026\test\test_1367.npy,886b9bae3966e381a00cd8fe8e3bcd380ec9d40a,0,24,0.625,1,112.72171099582785,46.02697860883285,5.618015032664516,0.0,255.0,0.0,0.625,0.0,0.0,0.125,0,0,0
test,1413,data\processed\exp_001_faces_224\test\1413.png,data\raw\kul-computer-vision-ga-1-2026\test\test_1413.npy,ae913370d138e576818e01532fa5cb401c4f8a3b,0,24,0.625,1,100.05511155913979,82.14524504773607,5.104880427004245,0.0,255.0,0.0,0.625,0.0,0.0,0.125,0,0,0
test,1487,data\processed\exp_001_faces_224\test\1487.png,data\raw\kul-computer-vision-ga-1-2026\test\test_1487.npy,329ad00e13b1c6588af698cc515fc54436c5ca10,0,24,0.625,1,132.51569878472222,86.01009156859698,10.365008116493566,0.0,255.0,0.0,0.625,0.0,0.0,0.125,2,2,2
test,1540,data\processed\exp_001_faces_224\test\1540.png,data\raw\kul-computer-vision-ga-1-2026\test\test_1540.npy,bad2d6426a951ee377d5eeda0579e6d58546743e,0,24,0.625,2,111.9715909090909,76.78073433418669,7.2484152612817265,0.0,255.0,0.0,0.625,0.0,0.0,0.125,0,0,0
test,1590,data\processed\exp_001_faces_224\test\1590.png,data\raw\kul-computer-vision-ga-1-2026\test\test_1590.npy,d79c7b7a29a9f68d13050bb79c4326da16f7396b,0,24,0.625,1,109.34631539819719,63.72250695778092,6.362532004217755,0.0,255.0,0.0,0.625,0.0,0.0,0.125,0,0,0
test,1605,data\processed\exp_001_faces_224\test\1605.png,data\raw\kul-computer-vision-ga-1-2026\test\test_1605.npy,3deddd7f620ed8d13139f29d6b9bf32c8c8df54e,0,24,0.625,1,105.7552242609582,69.29056762363297,9.968212240921265,0.0,255.0,0.0,0.625,0.0,0.0,0.125,2,2,2
test,1625,data\processed\exp_001_faces_224\test\1625.png,data\raw\kul-computer-vision-ga-1-2026\test\test_1625.npy,7e74a50b0af376623cb222123daeb24f413d2e23,0,24,0.625,1,139.55592806064308,93.42781999491393,7.4931659242344235,0.0,255.0,0.0,0.625,0.0,0.0,0.125,2,2,2
test,1630,data\processed\exp_001_faces_224\test\1630.png,data\raw\kul-computer-vision-ga-1-2026\test\test_1630.npy,fc255f7f660ac55ca06f942e46261e8b6bfedd92,0,24,0.625,1,55.242164688960806,68.76346116703513,8.129168814538136,0.0,255.0,0.0,0.625,0.0,0.0,0.125,2,2,2
test,1636,data\processed\exp_001_faces_224\test\1636.png,data\raw\kul-computer-vision-ga-1-2026\test\test_1636.npy,ca822c24a8bed580d65cd52892929f7aa5e65ccc,0,24,0.625,2,166.26139259259259,72.70325582287131,9.677718320327015,0.0,255.0,0.0,0.625,0.0,0.0,0.125,0,0,0
test,1646,data\processed\exp_001_faces_224\test\1646.png,data\raw\kul-computer-vision-ga-1-2026\test\test_1646.npy,4dff39928b0d2347dec5cc176c4249e54bcc6f42,0,24,0.625,1,81.16073498622589,68.08849565710955,6.778347408511342,0.0,255.0,0.0,0.625,0.0,0.0,0.125,2,2,2
test,1655,data\processed\exp_001_faces_224\test\1655.png,data\raw\kul-computer-vision-ga-1-2026\test\test_1655.npy,dbb9925072ac8e6ea2d985887f9ded3128e03e57,0,24,0.625,1,137.009125,71.05560410740104,9.092461698310242,0.0,255.0,0.0,0.625,0.0,0.0,0.125,0,0,0
test,1661,data\processed\exp_001_faces_224\test\1661.png,data\raw\kul-computer-vision-ga-1-2026\test\test_1661.npy,40a7fafbcfc6f2a63ba0d2f5ef9779e2e21e9d2a,0,24,0.625,1,112.76459163346614,45.889060472857544,5.800258111701574,0.0,255.0,0.0,0.625,0.0,0.0,0.125,0,0,0
test,1673,data\processed\exp_001_faces_224\test\1673.png,data\raw\kul-computer-vision-ga-1-2026\test\test_1673.npy,d57b38bafe60ce654b54d20d0365dbdb3c8f0fa9,0,24,0.625,2,160.7831738700099,78.01196488060911,4.8963193472377995,0.0,255.0,0.0,0.625,0.0,0.0,0.125,0,0,0
test,1750,data\processed\exp_001_faces_224\test\1750.png,data\raw\kul-computer-vision-ga-1-2026\test\test_1750.npy,ca822c24a8bed580d65cd52892929f7aa5e65ccc,0,24,0.625,2,166.26139259259259,72.70325582287131,9.677718320327015,0.0,255.0,0.0,0.625,0.0,0.0,0.125,0,0,0
test,1757,data\processed\exp_001_faces_224\test\1757.png,data\raw\kul-computer-vision-ga-1-2026\test\test_1757.npy,7289c131b6ad2eb0321d798ad2a592483c11deba,0,24,0.625,1,154.3623649691358,65.91070494035154,4.648545741286794,0.0,255.0,0.0,0.625,0.0,0.0,0.125,0,0,0
test,1765,data\processed\exp_001_faces_224\test\1765.png,data\raw\kul-computer-vision-ga-1-2026\test\test_1765.npy,cea39de0fa47c64509902805187e6b951ca31ab5,0,24,0.625,1,108.14270212765958,78.84334680787184,5.2307368175168865,0.0,255.0,0.0,0.625,0.0,0.0,0.125,1,1,1
test,1801,data\processed\exp_001_faces_224\test\1801.png,data\raw\kul-computer-vision-ga-1-2026\test\test_1801.npy,017d42d4be7e718e93998f63a021d2338b4c3843,0,24,0.625,1,126.34339791666666,70.37920953037785,5.981900584795322,0.0,255.0,0.0,0.625,0.0,0.0,0.125,2,2,2
test,1815,data\processed\exp_001_faces_224\test\1815.png,data\raw\kul-computer-vision-ga-1-2026\test\test_1815.npy,7509df8c18f2be41489d13c2e82b933aa99691c8,0,24,0.625,1,115.26354814814815,66.13017337995187,5.15842066146414,0.0,255.0,0.0,0.625,0.0,0.0,0.125,0,0,0
test,1334,data\processed\exp_001_faces_224\test\1334.png,data\raw\kul-computer-vision-ga-1-2026\test\test_1334.npy,4dd065ee5b1dc795bb3859f7af369f676f2fd852,0,28,0.5625,1,92.61414074074074,52.64693548855192,4.475836120401338,0.0,255.0,0.0,0.5625,0.08158308695677395,0.0,0.1247374630435161,0,0,0
test,942,data\processed\exp_001_faces_224\test\942.png,data\raw\kul-computer-vision-ga-1-2026\test\test_942.npy,2d0a115dffe915a23fa596946660390d627a83a9,0,35,0.453125,1,105.78364682249817,51.34463729028412,4.301405894352056,0.0,255.0,0.0,0.453125,0.21885592521813124,0.0,0.12345338878271969,1,1,1
test,1348,data\processed\exp_001_faces_224\test\1348.png,data\raw\kul-computer-vision-ga-1-2026\test\test_1348.npy,89f876b77688cd11357dc5868b6cffe0ea4bbaec,0,28,0.5625,2,82.6632962962963,51.758034824435875,4.488763951547915,0.0,251.0,0.0,0.5625,0.07140916174754566,0.0,0.12321137426213186,1,1,1
test,1415,data\processed\exp_001_faces_224\test\1415.png,data\raw\kul-computer-vision-ga-1-2026\test\test_1415.npy,108da6311773dbd604da64862b5fb437b43f74a9,0,28,0.5625,1,70.02641366718832,47.11670920882244,4.497137767396123,0.0,255.0,0.0,0.5625,0.06481914868274162,0.0,0.12222287230241125,2,2,2
test,13,data\processed\exp_001_faces_224\test\13.png,data\raw\kul-computer-vision-ga-1-2026\test\test_13.npy,3c28878e5de5ba4d23db0e2466e4356f8e2591ed,0,25,0.609375,2,64.7959004806333,51.50125785833358,4.739778392754166,0.0,255.0,0.0,0.609375,0.0,0.0,0.12187500000000001,0,0,0
test,36,data\processed\exp_001_faces_224\test\36.png,data\raw\kul-computer-vision-ga-1-2026\test\test_36.npy,d20805e7609cf9eeee8e6a4e55ab99751e7de45a,0,25,0.609375,1,94.61818354325293,67.06043116428171,6.08168667560333,0.0,255.0,0.0,0.609375,0.0,0.0,0.12187500000000001,1,1,1
test,39,data\processed\exp_001_faces_224\test\39.png,data\raw\kul-computer-vision-ga-1-2026\test\test_39.npy,53a2aea835170eec52d5b2a91e9afc66985c63d7,0,25,0.609375,1,142.00003515141472,97.79507653841988,5.298961112063618,0.0,255.0,0.0,0.609375,0.0,0.0,0.12187500000000001,1,1,1
test,71,data\processed\exp_001_faces_224\test\71.png,data\raw\kul-computer-vision-ga-1-2026\test\test_71.npy,9b30003f51c9df65509dccdbfb0365369cbf03f5,0,25,0.609375,1,154.23730555555557,85.3159186166722,15.390758094139102,0.0,255.0,0.0,0.609375,0.0,0.0,0.12187500000000001,0,0,0
test,90,data\processed\exp_001_faces_224\test\90.png,data\raw\kul-computer-vision-ga-1-2026\test\test_90.npy,b1354781d4f7b413f995358c7e6cb6496a94f492,0,25,0.609375,6,49.85785451282527,66.46813730075463,5.381838698875868,0.0,255.0,0.0,0.609375,0.0,0.0,0.12187500000000001,0,0,0
test,95,data\processed\exp_001_faces_224\test\95.png,data\raw\kul-computer-vision-ga-1-2026\test\test_95.npy,997d39a8e76718b408a0fe4cb1441078bea1036b,0,25,0.609375,2,105.7185853909465,78.74002264350777,4.660275270602068,0.0,255.0,0.0,0.609375,0.0,0.0,0.12187500000000001,0,0,0
test,176,data\processed\exp_001_faces_224\test\176.png,data\raw\kul-computer-vision-ga-1-2026\test\test_176.npy,099fceed8a0f34c8937c08188a10b209d6f6a0de,0,25,0.609375,1,126.08673136277302,71.64651331740946,5.698115946351809,0.0,255.0,0.0,0.609375,0.0,0.0,0.12187500000000001,2,2,2
test,180,data\processed\exp_001_faces_224\test\180.png,data\raw\kul-computer-vision-ga-1-2026\test\test_180.npy,ce6bfd0e8f4b80419349672b6eb0221c115021f9,0,25,0.609375,1,100.98345418589321,74.30830062100601,6.117524296564154,0.0,255.0,0.0,0.609375,0.0,0.0,0.12187500000000001,0,0,0
test,303,data\processed\exp_001_faces_224\test\303.png,data\raw\kul-computer-vision-ga-1-2026\test\test_303.npy,aeb13fe4a9968f5bb7751b50274c2cae4a2e3069,0,25,0.609375,1,98.10207638888889,70.29837957370432,5.499238442432146,0.0,255.0,0.0,0.609375,0.0,0.0,0.12187500000000001,1,1,1
test,315,data\processed\exp_001_faces_224\test\315.png,data\raw\kul-computer-vision-ga-1-2026\test\test_315.npy,9e7570bee9c14c5ccf316f0a85d6c59b841ade4a,0,25,0.609375,1,70.61307306539373,62.800219879866205,6.343470426418158,0.0,255.0,0.0,0.609375,0.0,0.0,0.12187500000000001,2,2,2
test,319,data\processed\exp_001_faces_224\test\319.png,data\raw\kul-computer-vision-ga-1-2026\test\test_319.npy,f4f936cba6f9d762b51d97045c9c81eb3eeee69f,0,25,0.609375,1,123.10645982360172,81.30753334069612,6.170498298201428,0.0,255.0,0.0,0.609375,0.0,0.0,0.12187500000000001,1,1,1
test,331,data\processed\exp_001_faces_224\test\331.png,data\raw\kul-computer-vision-ga-1-2026\test\test_331.npy,67da17745ffe57f88311a679603c161808be4e3b,0,25,0.609375,1,114.75579722222223,85.86783465822471,5.335679399632488,0.0,255.0,0.0,0.609375,0.0,0.0,0.12187500000000001,2,2,2
test,351,data\processed\exp_001_faces_224\test\351.png,data\raw\kul-computer-vision-ga-1-2026\test\test_351.npy,310ccdc7fd5630377b1ed77702d753da09edc17e,0,25,0.609375,1,132.32777564102565,82.06487219892921,4.684344083094083,0.0,255.0,0.0,0.609375,0.0,0.0,0.12187500000000001,0,0,0
test,356,data\processed\exp_001_faces_224\test\356.png,data\raw\kul-computer-vision-ga-1-2026\test\test_356.npy,585d391ea96c43a9e415fdb168a2b105ed6ecb7d,0,25,0.609375,2,102.27858397932816,69.01525153136832,4.6624961528648345,0.0,255.0,0.0,0.609375,0.0,0.0,0.12187500000000001,0,0,0
test,370,data\processed\exp_001_faces_224\test\370.png,data\raw\kul-computer-vision-ga-1-2026\test\test_370.npy,a3f598284a88a49496dba7aee196af79eb04acd7,0,25,0.609375,1,130.3162592405914,78.63124970514934,6.3742411589323,0.0,255.0,0.0,0.609375,0.0,0.0,0.12187500000000001,2,2,2
test,395,data\processed\exp_001_faces_224\test\395.png,data\raw\kul-computer-vision-ga-1-2026\test\test_395.npy,51a6cde954027ab6d7863136eec597f8fc00f72e,0,25,0.609375,2,141.79422138222515,80.42848319238611,6.7583391065896805,0.0,255.0,0.0,0.609375,0.0,0.0,0.12187500000000001,1,1,1
test,397,data\processed\exp_001_faces_224\test\397.png,data\raw\kul-computer-vision-ga-1-2026\test\test_397.npy,9230e0e1d288b822ff18a914909ec8f90312148c,0,25,0.609375,3,138.83561851851852,80.2393978056293,8.712012263099219,0.0,255.0,0.0,0.609375,0.0,0.0,0.12187500000000001,1,1,1
test,407,data\processed\exp_001_faces_224\test\407.png,data\raw\kul-computer-vision-ga-1-2026\test\test_407.npy,117744141a0375f17c16c1c3f8f9cb3b1818aac9,0,25,0.609375,1,116.25904444444444,84.14596277618647,6.63817354143441,0.0,255.0,0.0,0.609375,0.0,0.0,0.12187500000000001,1,1,1
test,437,data\processed\exp_001_faces_224\test\437.png,data\raw\kul-computer-vision-ga-1-2026\test\test_437.npy,3a080978be8d85edf9fe0900cb1f2776310b066f,0,25,0.609375,8,79.64543111111111,56.55821540494291,11.691784402567535,0.0,255.0,0.0,0.609375,0.0,0.0,0.12187500000000001,1,1,1
test,539,data\processed\exp_001_faces_224\test\539.png,data\raw\kul-computer-vision-ga-1-2026\test\test_539.npy,6b40a1090f8721a0adee495735122f3a98d0324e,0,25,0.609375,3,52.674614197530865,63.53177570138355,5.670320006198668,0.0,255.0,0.0,0.609375,0.0,0.0,0.12187500000000001,0,0,0
test,542,data\processed\exp_001_faces_224\test\542.png,data\raw\kul-computer-vision-ga-1-2026\test\test_542.npy,cdb56d852daf1d72a6806aeeea7d5b8d45c58e9f,0,25,0.609375,1,52.1729621749409,58.56159511273156,7.104513052534577,0.0,255.0,0.0,0.609375,0.0,0.0,0.12187500000000001,1,1,1
test,544,data\processed\exp_001_faces_224\test\544.png,data\raw\kul-computer-vision-ga-1-2026\test\test_544.npy,3fbc6c17c5c2b465b2e0113eef47250b60626a72,0,25,0.609375,1,71.35746849496273,80.46092860963667,5.7918559909994745,0.0,255.0,0.0,0.609375,0.0,0.0,0.12187500000000001,1,1,1
test,647,data\processed\exp_001_faces_224\test\647.png,data\raw\kul-computer-vision-ga-1-2026\test\test_647.npy,ab47759148203eb76ef1ebcaf856210611bb1063,0,25,0.609375,1,109.13637732336919,63.700946697894494,4.933035177611151,0.0,255.0,0.0,0.609375,0.0,0.0,0.12187500000000001,0,0,0
test,715,data\processed\exp_001_faces_224\test\715.png,data\raw\kul-computer-vision-ga-1-2026\test\test_715.npy,c07dd7d9e7dd2e611a1bc06704de2034b30d3c78,0,25,0.609375,1,67.90533769063181,59.03958781212314,8.35310050141818,0.0,255.0,0.0,0.609375,0.0,0.0,0.12187500000000001,1,1,1
test,723,data\processed\exp_001_faces_224\test\723.png,data\raw\kul-computer-vision-ga-1-2026\test\test_723.npy,e11dcace4a289a8397088f34a62bf7fccce43a23,0,25,0.609375,1,98.83039325842697,77.91223877803729,5.89918865320292,0.0,255.0,0.0,0.609375,0.0,0.0,0.12187500000000001,0,0,0
test,727,data\processed\exp_001_faces_224\test\727.png,data\raw\kul-computer-vision-ga-1-2026\test\test_727.npy,27fa69af0778ab1e88b623efc3229b127b5885a8,0,25,0.609375,2,67.49949681459886,79.61968517335737,14.968705182440548,0.0,255.0,0.0,0.609375,0.0,0.0,0.12187500000000001,2,2,2
test,761,data\processed\exp_001_faces_224\test\761.png,data\raw\kul-computer-vision-ga-1-2026\test\test_761.npy,3e54ebf1757c30e114e7a693ef059577b55b5baf,0,25,0.609375,3,74.84189717143303,68.48290403478522,6.998934464595233,0.0,255.0,0.0,0.609375,0.0,0.0,0.12187500000000001,0,0,0
test,771,data\processed\exp_001_faces_224\test\771.png,data\raw\kul-computer-vision-ga-1-2026\test\test_771.npy,eab6092f8294ad6917ad04910bb710afa6de16bb,0,25,0.609375,1,101.57791305916307,72.26871221388303,5.932480185096846,0.0,255.0,0.0,0.609375,0.0,0.0,0.12187500000000001,0,0,0
test,774,data\processed\exp_001_faces_224\test\774.png,data\raw\kul-computer-vision-ga-1-2026\test\test_774.npy,51a6cde954027ab6d7863136eec597f8fc00f72e,0,25,0.609375,2,141.79422138222515,80.42848319238611,6.7583391065896805,0.0,255.0,0.0,0.609375,0.0,0.0,0.12187500000000001,1,1,1
test,777,data\processed\exp_001_faces_224\test\777.png,data\raw\kul-computer-vision-ga-1-2026\test\test_777.npy,f4f936cba6f9d762b51d97045c9c81eb3eeee69f,0,25,0.609375,1,123.10645982360172,81.30753334069612,6.170498298201428,0.0,255.0,0.0,0.609375,0.0,0.0,0.12187500000000001,1,1,1
test,823,data\processed\exp_001_faces_224\test\823.png,data\raw\kul-computer-vision-ga-1-2026\test\test_823.npy,f8428c5379ad77e7861b62adedd5ab5cb6bb3f82,0,25,0.609375,1,79.46586080838736,60.53403241967591,9.673090662467601,0.0,255.0,0.0,0.609375,0.0,0.0,0.12187500000000001,2,2,2
test,824,data\processed\exp_001_faces_224\test\824.png,data\raw\kul-computer-vision-ga-1-2026\test\test_824.npy,af473ba6e24be6aa768acc28a27ee19608e69889,0,25,0.609375,1,75.51552761904762,71.42591573716817,5.043924716741163,0.0,255.0,0.0,0.609375,0.0,0.0,0.12187500000000001,0,0,0
test,845,data\processed\exp_001_faces_224\test\845.png,data\raw\kul-computer-vision-ga-1-2026\test\test_845.npy,45c85b26a26dbd1733defef2f21423b862bc9984,0,25,0.609375,1,110.22180528702101,63.56593270450979,5.361600633227769,0.0,255.0,0.0,0.609375,0.0,0.0,0.12187500000000001,0,0,0
test,892,data\processed\exp_001_faces_224\test\892.png,data\raw\kul-computer-vision-ga-1-2026\test\test_892.npy,48d8f28b5c64af65ec88205e0e24eeffa014e06e,0,25,0.609375,3,146.86315925925925,89.61057115932563,10.999466740988481,0.0,255.0,0.0,0.609375,0.0,0.0,0.12187500000000001,0,0,0
test,970,data\processed\exp_001_faces_224\test\970.png,data\raw\kul-computer-vision-ga-1-2026\test\test_970.npy,48d8f28b5c64af65ec88205e0e24eeffa014e06e,0,25,0.609375,3,146.86315925925925,89.61057115932563,10.999466740988481,0.0,255.0,0.0,0.609375,0.0,0.0,0.12187500000000001,0,0,0
test,1016,data\processed\exp_001_faces_224\test\1016.png,data\raw\kul-computer-vision-ga-1-2026\test\test_1016.npy,ceb9fb94a472813628db9eeb103a596d248937c9,0,25,0.609375,1,70.15756259950788,58.85091546219797,6.356303561579528,0.0,255.0,0.0,0.609375,0.0,0.0,0.12187500000000001,2,2,2
test,1027,data\processed\exp_001_faces_224\test\1027.png,data\raw\kul-computer-vision-ga-1-2026\test\test_1027.npy,c06d18ef6beec2c05b10689ee1fd304e08273853,0,25,0.609375,2,89.2834123343527,75.81309210709686,8.341969770309701,0.0,255.0,0.0,0.609375,0.0,0.0,0.12187500000000001,0,0,0
test,1068,data\processed\exp_001_faces_224\test\1068.png,data\raw\kul-computer-vision-ga-1-2026\test\test_1068.npy,549758442f68293acd51ba56b7fbf34af44e908c,0,25,0.609375,1,63.696757852077,69.6965241985088,5.443403733703683,0.0,255.0,0.0,0.609375,0.0,0.0,0.12187500000000001,1,1,1
test,1077,data\processed\exp_001_faces_224\test\1077.png,data\raw\kul-computer-vision-ga-1-2026\test\test_1077.npy,5011646101dd5d464938bf015905a91baf8d1b93,0,25,0.609375,1,134.96315452091767,80.70487455345355,13.145990788848788,0.0,255.0,0.0,0.609375,0.0,0.0,0.12187500000000001,0,0,0
test,1127,data\processed\exp_001_faces_224\test\1127.png,data\raw\kul-computer-vision-ga-1-2026\test\test_1127.npy,0fa533b49ca56b7d6f42096bbce5beab2b1336b6,0,25,0.609375,1,149.20982572115383,89.2596672526842,8.218009887497102,0.0,255.0,0.0,0.609375,0.0,0.0,0.12187500000000001,1,1,1
test,1315,data\processed\exp_001_faces_224\test\1315.png,data\raw\kul-computer-vision-ga-1-2026\test\test_1315.npy,0482773bd32423c47400fe5133ac0fdea060371c,0,25,0.609375,1,146.49474222222221,71.24698617501262,5.619927252390145,0.0,255.0,0.0,0.609375,0.0,0.0,0.12187500000000001,0,0,0
test,1321,data\processed\exp_001_faces_224\test\1321.png,data\raw\kul-computer-vision-ga-1-2026\test\test_1321.npy,4a46bb986ffd5814a9fa5a673dd9c3965d2366fc,0,25,0.609375,3,110.78632592592592,79.1414768513002,14.382201783723524,0.0,255.0,0.0,0.609375,0.0,0.0,0.12187500000000001,0,0,0
test,1377,data\processed\exp_001_faces_224\test\1377.png,data\raw\kul-computer-vision-ga-1-2026\test\test_1377.npy,f59d48c1c654cd59aaf27d534bf4e5763b4e6bff,0,25,0.609375,1,83.10067306862179,72.4255828354586,6.904681165647384,0.0,255.0,0.0,0.609375,0.0,0.0,0.12187500000000001,0,0,0
test,1381,data\processed\exp_001_faces_224\test\1381.png,data\raw\kul-computer-vision-ga-1-2026\test\test_1381.npy,758d362fb620836bacc673b5999255c355133f58,0,25,0.609375,1,93.4497375328084,46.65077150014143,6.009391165404994,0.0,209.0,0.0,0.609375,0.0,0.0,0.12187500000000001,0,0,0
test,1406,data\processed\exp_001_faces_224\test\1406.png,data\raw\kul-computer-vision-ga-1-2026\test\test_1406.npy,3b8fc7a554f628ca187f02fa475e774f3438fdd6,0,25,0.609375,1,121.21601929682738,63.7588902989903,6.538560640300894,0.0,226.0,0.0,0.609375,0.0,0.0,0.12187500000000001,0,0,0
test,1409,data\processed\exp_001_faces_224\test\1409.png,data\raw\kul-computer-vision-ga-1-2026\test\test_1409.npy,db9123fbead5c080b475a53968ac34fe88d0ca5c,0,25,0.609375,1,129.0656074074074,74.01122233466059,6.0991005225976656,0.0,255.0,0.0,0.609375,0.0,0.0,0.12187500000000001,1,1,1
test,1412,data\processed\exp_001_faces_224\test\1412.png,data\raw\kul-computer-vision-ga-1-2026\test\test_1412.npy,d8acbbf03e9d6ee42b9eb9d1058e3daa0958169a,0,25,0.609375,1,97.21243611111112,66.6245497696593,5.520248429922887,0.0,247.0,0.0,0.609375,0.0,0.0,0.12187500000000001,1,1,1
test,1446,data\processed\exp_001_faces_224\test\1446.png,data\raw\kul-computer-vision-ga-1-2026\test\test_1446.npy,125a12320ffc467e45a2f17b76058bb95b25d900,0,25,0.609375,1,108.54815925925926,74.28515548297784,5.148186547751765,0.0,255.0,0.0,0.609375,0.0,0.0,0.12187500000000001,2,2,2
test,1461,data\processed\exp_001_faces_224\test\1461.png,data\raw\kul-computer-vision-ga-1-2026\test\test_1461.npy,be3ef7513d9f9be057f0db19a247b197563c8c08,0,25,0.609375,1,143.38510625,96.24732870453882,6.37296574770259,0.0,255.0,0.0,0.609375,0.0,0.0,0.12187500000000001,2,2,2
test,1568,data\processed\exp_001_faces_224\test\1568.png,data\raw\kul-computer-vision-ga-1-2026\test\test_1568.npy,1299135aa9ee81f48f720cf080f28db7ebd187ce,0,25,0.609375,1,94.38668965517242,76.3064999255024,7.200076306260021,0.0,255.0,0.0,0.609375,0.0,0.0,0.12187500000000001,2,2,2
test,1580,data\processed\exp_001_faces_224\test\1580.png,data\raw\kul-computer-vision-ga-1-2026\test\test_1580.npy,50784ac217592a4f1b65c2003929a2129b4d50cb,0,25,0.609375,1,117.72554373522459,87.77385292718483,5.689190054326605,0.0,255.0,0.0,0.609375,0.0,0.0,0.12187500000000001,1,1,1
test,1645,data\processed\exp_001_faces_224\test\1645.png,data\raw\kul-computer-vision-ga-1-2026\test\test_1645.npy,3e87407738fe21c053ec2e8181f952b16a2e90f7,0,25,0.609375,4,77.53027656015077,72.0669522840028,5.461520365054662,0.0,255.0,0.0,0.609375,0.0,0.0,0.12187500000000001,1,1,1
test,1650,data\processed\exp_001_faces_224\test\1650.png,data\raw\kul-computer-vision-ga-1-2026\test\test_1650.npy,6b774734db6dc7e37b9270c0a3291fe86cda2e33,0,25,0.609375,1,143.3209109311741,76.04056515595923,7.489678863363075,0.0,255.0,0.0,0.609375,0.0,0.0,0.12187500000000001,2,2,2
test,1652,data\processed\exp_001_faces_224\test\1652.png,data\raw\kul-computer-vision-ga-1-2026\test\test_1652.npy,90d033185eb1dbd14854c62cb5b04ddf68a53f70,0,25,0.609375,4,83.33697916666667,82.09444163778087,5.982108381271637,0.0,255.0,0.0,0.609375,0.0,0.0,0.12187500000000001,1,1,1
test,1676,data\processed\exp_001_faces_224\test\1676.png,data\raw\kul-computer-vision-ga-1-2026\test\test_1676.npy,30e73a82d3f42e8a24857e8bae83f03a286f3dd2,0,25,0.609375,1,93.45540184453228,69.79885829797063,5.8779300049849805,0.0,255.0,0.0,0.609375,0.0,0.0,0.12187500000000001,1,1,1
test,1703,data\processed\exp_001_faces_224\test\1703.png,data\raw\kul-computer-vision-ga-1-2026\test\test_1703.npy,b9c8a77f6f9caf7054b5e15c744ac4a80a5ef9f6,0,25,0.609375,1,123.60643250688705,68.09666692180207,5.607147336293357,0.0,255.0,0.0,0.609375,0.0,0.0,0.12187500000000001,1,1,1
test,1759,data\processed\exp_001_faces_224\test\1759.png,data\raw\kul-computer-vision-ga-1-2026\test\test_1759.npy,fb533140fd4dba2d354502d9c2a2e153654d0ed8,0,25,0.609375,1,90.17882677708765,61.424161538500016,5.576958203628235,0.0,255.0,0.0,0.609375,0.0,0.0,0.12187500000000001,0,0,0
test,1781,data\processed\exp_001_faces_224\test\1781.png,data\raw\kul-computer-vision-ga-1-2026\test\test_1781.npy,7f76a0f5a8279603a2f356b59c4c818672f8a55f,0,25,0.609375,2,122.71478395061729,82.27051918962893,7.7186707252613385,0.0,255.0,0.0,0.609375,0.0,0.0,0.12187500000000001,0,0,0
test,743,data\processed\exp_001_faces_224\test\743.png,data\raw\kul-computer-vision-ga-1-2026\test\test_743.npy,b25b764d3cdf83d11bf9453c430dea257eeb95a3,0,35,0.453125,1,130.26569053993754,88.94239808845302,4.316399776508654,0.0,255.0,0.0,0.453125,0.20705606227688267,0.0,0.1216834093415324,0,0,0
test,998,data\processed\exp_001_faces_224\test\998.png,data\raw\kul-computer-vision-ga-1-2026\test\test_998.npy,4a0885639f498713084a5f851d2a3279acb73f48,0,30,0.53125,1,99.61612118531623,60.5987098430953,4.4520522667969225,0.0,255.0,0.0,0.53125,0.10030046847382997,0.0,0.1212950702710745,1,1,1
test,117,data\processed\exp_001_faces_224\test\117.png,data\raw\kul-computer-vision-ga-1-2026\test\test_117.npy,f308ecd0c54c25446b1d5d22aa9966891f4119bd,0,29,0.546875,1,53.00659336680842,65.2324536640448,4.478772351364109,0.0,244.0,0.0,0.546875,0.0792723363077635,0.0,0.12126585044616453,0,0,0
test,66,data\processed\exp_001_faces_224\test\66.png,data\raw\kul-computer-vision-ga-1-2026\test\test_66.npy,07a0dbb2f45b72343308b51934b401db62876d9b,0,29,0.546875,1,88.6501425976385,62.74214779749783,4.481011389126345,0.0,255.0,0.0,0.546875,0.0775102617203597,0.0,0.12100153925805396,0,0,0
test,1718,data\processed\exp_001_faces_224\test\1718.png,data\raw\kul-computer-vision-ga-1-2026\test\test_1718.npy,941126202cf86cb488e1840c3a5327db03892c8f,0,35,0.453125,1,162.02523204649233,82.24902248405711,4.322516144371635,0.0,255.0,0.0,0.453125,0.2022426122492213,0.0,0.1209613918373832,1,1,1
test,1482,data\processed\exp_001_faces_224\test\1482.png,data\raw\kul-computer-vision-ga-1-2026\test\test_1482.npy,13277b9a349e74d8fd1b7d1747de2398cf836be7,0,30,0.53125,3,53.53345582391278,60.35446136752055,4.4567103221753275,0.0,255.0,0.0,0.53125,0.0966346790229146,0.0,0.1207452018534372,0,0,0
test,220,data\processed\exp_001_faces_224\test\220.png,data\raw\kul-computer-vision-ga-1-2026\test\test_220.npy,a2ede651fbaddd3111608e5a16df781684a03501,0,31,0.515625,14,66.38463155864197,62.36287562709696,4.4354877139454745,0.0,255.0,0.0,0.515625,0.11333641548800222,0.0,0.12012546232320034,0,0,0
test,921,data\processed\exp_001_faces_224\test\921.png,data\raw\kul-computer-vision-ga-1-2026\test\test_921.npy,2cad78e578e9c831a5ed79948ff5c06b40cb6bc5,0,32,0.5,1,123.11101317663818,63.948464281324966,4.417056935549764,0.0,255.0,0.0,0.5,0.12784104188819054,0.0,0.11917615628322858,2,2,2
test,1098,data\processed\exp_001_faces_224\test\1098.png,data\raw\kul-computer-vision-ga-1-2026\test\test_1098.npy,2d9d7757dcbbd5ea91a85651a302614576461c30,0,28,0.5625,1,160.55834778121775,77.03516296737826,4.525667990231229,7.0,255.0,0.0,0.5625,0.04236647661146043,0.0,0.11885497149171907,2,2,2
test,27,data\processed\exp_001_faces_224\test\27.png,data\raw\kul-computer-vision-ga-1-2026\test\test_27.npy,f5d9dcb2b10109433629dc3f88acbd5264886e2b,0,26,0.59375,2,162.24304022988505,96.60676745266635,5.955117695329083,0.0,255.0,0.0,0.59375,0.0,0.0,0.11875000000000001,0,0,0
test,42,data\processed\exp_001_faces_224\test\42.png,data\raw\kul-computer-vision-ga-1-2026\test\test_42.npy,15dc2e3a5ee2d5f1087283a15544d4cc2b5f0e6e,0,26,0.59375,3,60.759277777777775,60.7808826322263,11.149793756967671,0.0,255.0,0.0,0.59375,0.0,0.0,0.11875000000000001,1,1,1
test,46,data\processed\exp_001_faces_224\test\46.png,data\raw\kul-computer-vision-ga-1-2026\test\test_46.npy,b400bca934dc859f4c20c2f8a29c210a08ddc3c6,0,26,0.59375,1,151.21912889096708,96.99235832711922,15.851244028872205,0.0,255.0,0.0,0.59375,0.0,0.0,0.11875000000000001,1,1,1
test,110,data\processed\exp_001_faces_224\test\110.png,data\raw\kul-computer-vision-ga-1-2026\test\test_110.npy,945b6be0367951a847ae8991baca506bf2391a93,0,26,0.59375,2,108.07952172096908,70.0083161887429,8.82941301843017,0.0,255.0,0.0,0.59375,0.0,0.0,0.11875000000000001,1,1,1
test,141,data\processed\exp_001_faces_224\test\141.png,data\raw\kul-computer-vision-ga-1-2026\test\test_141.npy,b2e0991678bbadaa8c10e73aa7d5d1f29fc2dc8c,0,26,0.59375,7,92.96418618618618,87.2297662542675,9.274380601936171,0.0,255.0,0.0,0.59375,0.0,0.0,0.11875000000000001,1,1,1
test,147,data\processed\exp_001_faces_224\test\147.png,data\raw\kul-computer-vision-ga-1-2026\test\test_147.npy,05cef066fa29f8a9ff25e2aaa0bf9e3905790555,0,26,0.59375,4,60.58154320987654,70.53056196921004,8.73720997435064,0.0,255.0,0.0,0.59375,0.0,0.0,0.11875000000000001,1,1,1
test,162,data\processed\exp_001_faces_224\test\162.png,data\raw\kul-computer-vision-ga-1-2026\test\test_162.npy,946b5b4538d94003ea7acf980e8ebe7aaf355929,0,26,0.59375,1,129.74393852341282,76.35241006493624,7.984727058214151,0.0,255.0,0.0,0.59375,0.0,0.0,0.11875000000000001,2,2,2
test,195,data\processed\exp_001_faces_224\test\195.png,data\raw\kul-computer-vision-ga-1-2026\test\test_195.npy,37eaa596194b27355521490fd0faa500844013d9,0,26,0.59375,3,123.44787034818188,64.97997364547673,7.827837288031509,0.0,255.0,0.0,0.59375,0.0,0.0,0.11875000000000001,1,1,1
test,238,data\processed\exp_001_faces_224\test\238.png,data\raw\kul-computer-vision-ga-1-2026\test\test_238.npy,0756a347846a94d0d151cde70d70785be8a87e59,0,26,0.59375,1,142.92247374723655,77.21556411137131,5.629657323867056,0.0,255.0,0.0,0.59375,0.0,0.0,0.11875000000000001,2,2,2
test,244,data\processed\exp_001_faces_224\test\244.png,data\raw\kul-computer-vision-ga-1-2026\test\test_244.npy,cd992f838379b645ee09a4b6e793e8e4f78399d5,0,26,0.59375,2,54.95292553191489,52.062976151472945,5.777848837078043,0.0,255.0,0.0,0.59375,0.0,0.0,0.11875000000000001,0,0,0
test,261,data\processed\exp_001_faces_224\test\261.png,data\raw\kul-computer-vision-ga-1-2026\test\test_261.npy,91f1478686ccd53100cdf58bab104a835e0efe29,0,26,0.59375,1,92.3874984311938,60.12846731917258,5.6539103889029025,0.0,253.0,0.0,0.59375,0.0,0.0,0.11875000000000001,0,0,0
test,323,data\processed\exp_001_faces_224\test\323.png,data\raw\kul-computer-vision-ga-1-2026\test\test_323.npy,0ea56738ad8d2380445b8a0d8692b22886d2991a,0,26,0.59375,1,142.07398631840795,77.14282119449342,7.459288470071147,0.0,255.0,0.0,0.59375,0.0,0.0,0.11875000000000001,0,0,0
test,336,data\processed\exp_001_faces_224\test\336.png,data\raw\kul-computer-vision-ga-1-2026\test\test_336.npy,9866db7c7a980985c4b8f72eedc5c326558c2b2e,0,26,0.59375,1,106.64009932567888,78.87023564064064,7.704165335626888,0.0,255.0,0.0,0.59375,0.0,0.0,0.11875000000000001,0,0,0
test,344,data\processed\exp_001_faces_224\test\344.png,data\raw\kul-computer-vision-ga-1-2026\test\test_344.npy,79f8ec1e28b6d14c751cc5372365534258944850,0,26,0.59375,1,163.9600088888889,74.30040994832268,6.771704579256825,15.0,255.0,0.0,0.59375,0.0,0.0,0.11875000000000001,0,0,0
test,389,data\processed\exp_001_faces_224\test\389.png,data\raw\kul-computer-vision-ga-1-2026\test\test_389.npy,4d904ff0c82bd1099510fec4d910b52ce24b5f10,0,26,0.59375,1,155.5049982222222,85.98009985724731,5.509859330885476,0.0,255.0,0.0,0.59375,0.0,0.0,0.11875000000000001,0,0,0
test,391,data\processed\exp_001_faces_224\test\391.png,data\raw\kul-computer-vision-ga-1-2026\test\test_391.npy,2a0045f8ffdb7247b0f80cadce62566a91bfa104,0,26,0.59375,1,77.66012369791666,59.470887718718366,5.133142809305018,0.0,255.0,0.0,0.59375,0.0,0.0,0.11875000000000001,0,0,0
test,393,data\processed\exp_001_faces_224\test\393.png,data\raw\kul-computer-vision-ga-1-2026\test\test_393.npy,68ecb905ee2ed1c0ca6cb436fd7972cdd32e3e2f,0,26,0.59375,1,108.69786542923434,82.26050043313376,5.005399589678062,0.0,253.0,0.0,0.59375,0.0,0.0,0.11875000000000001,2,2,2
test,403,data\processed\exp_001_faces_224\test\403.png,data\raw\kul-computer-vision-ga-1-2026\test\test_403.npy,9cbaa6429033219b87da0ddcc802e0a9122dbacc,0,26,0.59375,1,153.16827796459492,74.38669932690438,4.70073727132577,0.0,255.0,0.0,0.59375,0.0,0.0,0.11875000000000001,2,2,2
test,421,data\processed\exp_001_faces_224\test\421.png,data\raw\kul-computer-vision-ga-1-2026\test\test_421.npy,6ade0056cb8f55c6510fa0f82fe96ee4a9d25410,0,26,0.59375,1,146.35360243055555,82.55328855613334,6.6436526888783956,0.0,255.0,0.0,0.59375,0.0,0.0,0.11875000000000001,0,0,0
test,427,data\processed\exp_001_faces_224\test\427.png,data\raw\kul-computer-vision-ga-1-2026\test\test_427.npy,b2e0991678bbadaa8c10e73aa7d5d1f29fc2dc8c,0,26,0.59375,7,92.96418618618618,87.2297662542675,9.274380601936171,0.0,255.0,0.0,0.59375,0.0,0.0,0.11875000000000001,1,1,1
test,433,data\processed\exp_001_faces_224\test\433.png,data\raw\kul-computer-vision-ga-1-2026\test\test_433.npy,aae54215c9b5a948616de8c34727e52239ad01e9,0,26,0.59375,1,112.21660479766022,88.94520703967416,5.611098096038505,0.0,255.0,0.0,0.59375,0.0,0.0,0.11875000000000001,0,0,0
test,473,data\processed\exp_001_faces_224\test\473.png,data\raw\kul-computer-vision-ga-1-2026\test\test_473.npy,04800c51d30d5ac87c5531cac1132ecb3313b19a,0,26,0.59375,1,127.08309722222222,82.6673303257399,13.329438567619347,0.0,255.0,0.0,0.59375,0.0,0.0,0.11875000000000001,0,0,0
test,485,data\processed\exp_001_faces_224\test\485.png,data\raw\kul-computer-vision-ga-1-2026\test\test_485.npy,b9c2fe6cef7b0619f3fe4f2ef23f5f84ad0a1c41,0,26,0.59375,1,177.36271024464833,76.94375737947311,5.932938118607188,0.0,255.0,0.0,0.59375,0.0,0.0,0.11875000000000001,0,0,0
test,521,data\processed\exp_001_faces_224\test\521.png,data\raw\kul-computer-vision-ga-1-2026\test\test_521.npy,df9c51281703a29e52f72d629641d0ad6bb39331,0,26,0.59375,9,81.92566666666667,78.16577303753579,7.448708658491268,0.0,255.0,0.0,0.59375,0.0,0.0,0.11875000000000001,1,1,1
test,553,data\processed\exp_001_faces_224\test\553.png,data\raw\kul-computer-vision-ga-1-2026\test\test_553.npy,7eea569031979ef52d2565f799c9874061973168,0,26,0.59375,1,108.20595792664892,60.090593519520596,5.301046674453643,0.0,255.0,0.0,0.59375,0.0,0.0,0.11875000000000001,2,2,2
test,586,data\processed\exp_001_faces_224\test\586.png,data\raw\kul-computer-vision-ga-1-2026\test\test_586.npy,7c3c76c517dc7bf8c2b564acb17affa9b880870b,0,26,0.59375,1,120.91899935022742,90.60426287565289,9.714736685465029,0.0,255.0,0.0,0.59375,0.0,0.0,0.11875000000000001,1,1,1
test,675,data\processed\exp_001_faces_224\test\675.png,data\raw\kul-computer-vision-ga-1-2026\test\test_675.npy,605a57c6e931c46d57b9c7c0d9d7dde112fe97ef,0,26,0.59375,1,119.75500547311248,84.38385837855884,4.73507651339739,0.0,255.0,0.0,0.59375,0.0,0.0,0.11875000000000001,2,2,2
test,697,data\processed\exp_001_faces_224\test\697.png,data\raw\kul-computer-vision-ga-1-2026\test\test_697.npy,315d6bfc679bf90c1bb6dca4fb90dc71df7a333e,0,26,0.59375,1,81.23529954964555,68.55467670331548,6.078808310518394,0.0,255.0,0.0,0.59375,0.0,0.0,0.11875000000000001,2,2,2
test,748,data\processed\exp_001_faces_224\test\748.png,data\raw\kul-computer-vision-ga-1-2026\test\test_748.npy,dc9d1d9c348dcefd7cca32c60378880ace60663f,0,26,0.59375,1,91.53689709860994,59.321999648901645,5.946136855827757,0.0,255.0,0.0,0.59375,0.0,0.0,0.11875000000000001,2,2,2
test,784,data\processed\exp_001_faces_224\test\784.png,data\raw\kul-computer-vision-ga-1-2026\test\test_784.npy,a4eb1de5c661defae61b851c5e49690b2f6b7986,0,26,0.59375,1,93.99292125774035,74.4126204469896,5.068949700264335,0.0,255.0,0.0,0.59375,0.0,0.0,0.11875000000000001,2,2,2
test,792,data\processed\exp_001_faces_224\test\792.png,data\raw\kul-computer-vision-ga-1-2026\test\test_792.npy,8aa47c3c1684a6b3acfb68f306d44a9b3911e094,0,26,0.59375,1,76.27609357375732,61.44578062924606,4.917718927251911,0.0,255.0,0.0,0.59375,0.0,0.0,0.11875000000000001,2,2,2
test,797,data\processed\exp_001_faces_224\test\797.png,data\raw\kul-computer-vision-ga-1-2026\test\test_797.npy,0eac768362141a0803e01ea0744dee3d34a87173,0,26,0.59375,2,61.62247232472325,67.85435868033527,5.889630021950804,0.0,255.0,0.0,0.59375,0.0,0.0,0.11875000000000001,0,0,0
test,802,data\processed\exp_001_faces_224\test\802.png,data\raw\kul-computer-vision-ga-1-2026\test\test_802.npy,091c62a87c8266a3dcc47de9ce2cc5a0eb160d1a,0,26,0.59375,1,70.22205,73.7212893977321,6.085460291050198,0.0,255.0,0.0,0.59375,0.0,0.0,0.11875000000000001,1,1,1
test,804,data\processed\exp_001_faces_224\test\804.png,data\raw\kul-computer-vision-ga-1-2026\test\test_804.npy,1cb9524f592874a578cb6bfe22bee644a8fbe0c5,0,26,0.59375,1,163.07682345406675,70.78658093803855,5.044988467845908,0.0,255.0,0.0,0.59375,0.0,0.0,0.11875000000000001,0,0,0
test,831,data\processed\exp_001_faces_224\test\831.png,data\raw\kul-computer-vision-ga-1-2026\test\test_831.npy,745974d89dbe1634b3a19dd9ef54c83119458137,0,26,0.59375,1,69.77632085065575,59.457071236699,5.415404356107695,0.0,255.0,0.0,0.59375,0.0,0.0,0.11875000000000001,1,1,1
test,859,data\processed\exp_001_faces_224\test\859.png,data\raw\kul-computer-vision-ga-1-2026\test\test_859.npy,8e4440aab25b71bab9ae61a735d18f3640b5c01f,0,26,0.59375,1,114.51882222222223,62.249805721709826,8.458262727610553,0.0,255.0,0.0,0.59375,0.0,0.0,0.11875000000000001,2,2,2
test,870,data\processed\exp_001_faces_224\test\870.png,data\raw\kul-computer-vision-ga-1-2026\test\test_870.npy,7d09636c3b1627bca5623c6c7f84c8b9d4ed9f7c,0,26,0.59375,1,142.03099626068376,78.97169229312904,6.702127745869422,0.0,255.0,0.0,0.59375,0.0,0.0,0.11875000000000001,2,2,2
test,871,data\processed\exp_001_faces_224\test\871.png,data\raw\kul-computer-vision-ga-1-2026\test\test_871.npy,019dc9e96460e233cff5d6d915a231705bb62b3a,0,26,0.59375,1,68.20167822222223,77.67772227826408,8.073302369310873,0.0,255.0,0.0,0.59375,0.0,0.0,0.11875000000000001,1,1,1
test,937,data\processed\exp_001_faces_224\test\937.png,data\raw\kul-computer-vision-ga-1-2026\test\test_937.npy,de104018efbec9b7cce2c195021c09144891a162,0,26,0.59375,1,94.12577598905725,56.47201610362,9.976956785676315,0.0,255.0,0.0,0.59375,0.0,0.0,0.11875000000000001,0,0,0
test,945,data\processed\exp_001_faces_224\test\945.png,data\raw\kul-computer-vision-ga-1-2026\test\test_945.npy,43b30ab39ef7377c744b318a245b8f68e3dc6dca,0,26,0.59375,6,83.4546816201228,71.4830104461867,5.248633353996955,0.0,255.0,0.0,0.59375,0.0,0.0,0.11875000000000001,0,0,0
test,948,data\processed\exp_001_faces_224\test\948.png,data\raw\kul-computer-vision-ga-1-2026\test\test_948.npy,d14c5dbcd6d8b60c93fcd2a0923811156f9588fd,0,26,0.59375,1,139.63028163580248,77.22693816833518,7.020949366794914,0.0,255.0,0.0,0.59375,0.0,0.0,0.11875000000000001,0,0,0
test,960,data\processed\exp_001_faces_224\test\960.png,data\raw\kul-computer-vision-ga-1-2026\test\test_960.npy,65ee440bceed2d893f343f2843884eb8b242d0da,0,26,0.59375,1,82.12124770431589,64.58171642411875,4.98708616683494,0.0,255.0,0.0,0.59375,0.0,0.0,0.11875000000000001,2,2,2
test,967,data\processed\exp_001_faces_224\test\967.png,data\raw\kul-computer-vision-ga-1-2026\test\test_967.npy,ac987d0a8d6dd5e676e126adc4dc97f742bd64b9,0,26,0.59375,3,111.16223703703703,89.75761334403832,15.583875882571537,0.0,255.0,0.0,0.59375,0.0,0.0,0.11875000000000001,0,0,0
test,986,data\processed\exp_001_faces_224\test\986.png,data\raw\kul-computer-vision-ga-1-2026\test\test_986.npy,24a4ba42457aa6616a62cdc711b427391b51901c,0,26,0.59375,1,140.5934814814815,82.48349064578835,6.07238062335209,0.0,255.0,0.0,0.59375,0.0,0.0,0.11875000000000001,1,1,1
test,996,data\processed\exp_001_faces_224\test\996.png,data\raw\kul-computer-vision-ga-1-2026\test\test_996.npy,1124fa29ec25922832e59c011ff93a7d9bf8db4a,0,26,0.59375,2,85.96617037037036,65.5913439128739,9.334676700111483,0.0,255.0,0.0,0.59375,0.0,0.0,0.11875000000000001,1,1,1
test,1020,data\processed\exp_001_faces_224\test\1020.png,data\raw\kul-computer-vision-ga-1-2026\test\test_1020.npy,cf1ac16a3379fad3b081a67226f2a178944e7749,0,26,0.59375,1,66.53529212792128,64.34551158765292,8.063497844395737,0.0,255.0,0.0,0.59375,0.0,0.0,0.11875000000000001,2,2,2
test,1044,data\processed\exp_001_faces_224\test\1044.png,data\raw\kul-computer-vision-ga-1-2026\test\test_1044.npy,6d5bf6cb178ffc6f485671771c3cb318384b90ea,0,26,0.59375,1,181.47526041666666,64.68054188725324,5.764412513033388,0.0,255.0,0.0,0.59375,0.0,0.0,0.11875000000000001,0,0,0
test,1062,data\processed\exp_001_faces_224\test\1062.png,data\raw\kul-computer-vision-ga-1-2026\test\test_1062.npy,9df670e0127a53cb9df7f80f09e7bcc2042cb28c,0,26,0.59375,2,105.03625167336011,90.07208851204648,7.614173124725301,0.0,255.0,0.0,0.59375,0.0,0.0,0.11875000000000001,0,0,0
test,1066,data\processed\exp_001_faces_224\test\1066.png,data\raw\kul-computer-vision-ga-1-2026\test\test_1066.npy,c69b7b6d9c8cec49458136e79ddc94c1fc862881,0,26,0.59375,1,155.33324559094498,83.43087500108354,6.6637967994601155,0.0,255.0,0.0,0.59375,0.0,0.0,0.11875000000000001,1,1,1
test,1067,data\processed\exp_001_faces_224\test\1067.png,data\raw\kul-computer-vision-ga-1-2026\test\test_1067.npy,ec5ad4f39d2034b6f42a26a907c42ab42d6a7d2e,0,26,0.59375,1,98.19484338839177,71.68759712981428,5.1308494122332835,0.0,255.0,0.0,0.59375,0.0,0.0,0.11875000000000001,2,2,2
test,1074,data\processed\exp_001_faces_224\test\1074.png,data\raw\kul-computer-vision-ga-1-2026\test\test_1074.npy,15dc2e3a5ee2d5f1087283a15544d4cc2b5f0e6e,0,26,0.59375,3,60.759277777777775,60.7808826322263,11.149793756967671,0.0,255.0,0.0,0.59375,0.0,0.0,0.11875000000000001,1,1,1
test,1091,data\processed\exp_001_faces_224\test\1091.png,data\raw\kul-computer-vision-ga-1-2026\test\test_1091.npy,479909d0cada70ab66125625672eb3d96e194d7e,0,26,0.59375,5,110.68057306991733,72.3106609365841,8.059475808225645,0.0,255.0,0.0,0.59375,0.0,0.0,0.11875000000000001,1,1,1
test,1106,data\processed\exp_001_faces_224\test\1106.png,data\raw\kul-computer-vision-ga-1-2026\test\test_1106.npy,8d9abf62dd37021d93da384669ef15b4b4ff9cab,0,26,0.59375,1,139.94128317506696,90.25995659163834,5.739484606557778,0.0,255.0,0.0,0.59375,0.0,0.0,0.11875000000000001,2,2,2
test,1129,data\processed\exp_001_faces_224\test\1129.png,data\raw\kul-computer-vision-ga-1-2026\test\test_1129.npy,80480259c1bd90968ddf1a21ebb85f5fb9a1ac28,0,26,0.59375,1,130.64849941406638,63.99209920930183,7.729936888307794,0.0,255.0,0.0,0.59375,0.0,0.0,0.11875000000000001,0,0,0
test,1161,data\processed\exp_001_faces_224\test\1161.png,data\raw\kul-computer-vision-ga-1-2026\test\test_1161.npy,a055737cf4018ec0e98e4130e52baf23e98b2aa3,0,26,0.59375,4,81.49928877819289,68.25294098223976,7.161056697418347,0.0,255.0,0.0,0.59375,0.0,0.0,0.11875000000000001,0,0,0
test,1195,data\processed\exp_001_faces_224\test\1195.png,data\raw\kul-computer-vision-ga-1-2026\test\test_1195.npy,14fe83ddd5c2e6a90d50c6993ba2fd5c9989abf1,0,26,0.59375,1,114.3252132774934,79.31402603874425,8.183556591614964,0.0,255.0,0.0,0.59375,0.0,0.0,0.11875000000000001,2,2,2
test,1196,data\processed\exp_001_faces_224\test\1196.png,data\raw\kul-computer-vision-ga-1-2026\test\test_1196.npy,ce273461d82ed414cb6712dc7485dafc89b0c7f4,0,26,0.59375,1,122.71505418979646,82.63224270469478,6.133094787832783,0.0,255.0,0.0,0.59375,0.0,0.0,0.11875000000000001,0,0,0
test,1204,data\processed\exp_001_faces_224\test\1204.png,data\raw\kul-computer-vision-ga-1-2026\test\test_1204.npy,835ef672777608d9ef847e577102b5893332c689,0,26,0.59375,1,109.92456376370039,69.29753830765337,8.49840575348464,0.0,255.0,0.0,0.59375,0.0,0.0,0.11875000000000001,0,0,0
test,1212,data\processed\exp_001_faces_224\test\1212.png,data\raw\kul-computer-vision-ga-1-2026\test\test_1212.npy,595433c3769c1e5dac713a7e0fdbadf3a887d9ac,0,26,0.59375,1,96.33762947269304,72.80072742055461,6.406177805491183,0.0,255.0,0.0,0.59375,0.0,0.0,0.11875000000000001,0,0,0
test,1256,data\processed\exp_001_faces_224\test\1256.png,data\raw\kul-computer-vision-ga-1-2026\test\test_1256.npy,5897892f9f9c722dd12cc6fedf2ed11ab0d3344b,0,26,0.59375,1,111.86910555555555,90.42298985557927,8.842017188782062,0.0,255.0,0.0,0.59375,0.0,0.0,0.11875000000000001,0,0,0
test,1258,data\processed\exp_001_faces_224\test\1258.png,data\raw\kul-computer-vision-ga-1-2026\test\test_1258.npy,58f95d588095bffaf352e969116854a93666785f,0,26,0.59375,1,70.72731516290727,62.570306877576165,7.251638155628112,0.0,255.0,0.0,0.59375,0.0,0.0,0.11875000000000001,2,2,2
test,1282,data\processed\exp_001_faces_224\test\1282.png,data\raw\kul-computer-vision-ga-1-2026\test\test_1282.npy,d550024b73d2c37809d135c113745000f4dd82e9,0,26,0.59375,1,143.13047732224203,74.55064463657655,8.088856510591299,0.0,243.0,0.0,0.59375,0.0,0.0,0.11875000000000001,0,0,0
test,1376,data\processed\exp_001_faces_224\test\1376.png,data\raw\kul-computer-vision-ga-1-2026\test\test_1376.npy,1161273677f98085eaa92e04be4c9188043dfe1c,0,26,0.59375,2,120.20971439690032,75.1119107905814,5.952392828531599,0.0,255.0,0.0,0.59375,0.0,0.0,0.11875000000000001,0,0,0
test,1418,data\processed\exp_001_faces_224\test\1418.png,data\raw\kul-computer-vision-ga-1-2026\test\test_1418.npy,8177e5368ebc0ce8207d5be06ed8d83b5c20c58a,0,26,0.59375,1,110.5410409111337,89.91724158021242,6.020897200157227,0.0,255.0,0.0,0.59375,0.0,0.0,0.11875000000000001,0,0,0
test,1426,data\processed\exp_001_faces_224\test\1426.png,data\raw\kul-computer-vision-ga-1-2026\test\test_1426.npy,36d62206c350614e5ae862e6fd5376e513e10e28,0,26,0.59375,1,96.60001777777778,67.44310929961402,6.238675118071091,0.0,255.0,0.0,0.59375,0.0,0.0,0.11875000000000001,0,0,0
test,1431,data\processed\exp_001_faces_224\test\1431.png,data\raw\kul-computer-vision-ga-1-2026\test\test_1431.npy,b5d95a95165b4cff595f27053563f7172bafb811,0,26,0.59375,3,107.56484162895927,68.95790646794599,8.089913770798681,0.0,255.0,0.0,0.59375,0.0,0.0,0.11875000000000001,1,1,1
test,1435,data\processed\exp_001_faces_224\test\1435.png,data\raw\kul-computer-vision-ga-1-2026\test\test_1435.npy,bf069a2263f05d3bc787a3468d94f6aef8d146b1,0,26,0.59375,1,93.42624938271605,65.83798147946894,9.346771838653797,0.0,255.0,0.0,0.59375,0.0,0.0,0.11875000000000001,0,0,0
test,1498,data\processed\exp_001_faces_224\test\1498.png,data\raw\kul-computer-vision-ga-1-2026\test\test_1498.npy,914571e245f97ac8cb01f237c5d42fc637ce9de6,0,26,0.59375,4,61.03717582032994,65.04016822777464,5.423450395080638,0.0,255.0,0.0,0.59375,0.0,0.0,0.11875000000000001,1,1,1
test,1530,data\processed\exp_001_faces_224\test\1530.png,data\raw\kul-computer-vision-ga-1-2026\test\test_1530.npy,29daf562da70f9b8778d07c4719bce6b82b70202,0,26,0.59375,1,88.33716145833333,77.52299694148765,4.86919137040219,0.0,255.0,0.0,0.59375,0.0,0.0,0.11875000000000001,1,1,1
test,1536,data\processed\exp_001_faces_224\test\1536.png,data\raw\kul-computer-vision-ga-1-2026\test\test_1536.npy,e4da7ae494b66d7274a153e72a1ef510a9f7ac58,0,26,0.59375,1,93.23283338434854,77.88275233439258,7.549964570630133,0.0,255.0,0.0,0.59375,0.0,0.0,0.11875000000000001,0,0,0
test,1567,data\processed\exp_001_faces_224\test\1567.png,data\raw\kul-computer-vision-ga-1-2026\test\test_1567.npy,4f6f1231a10badec31de546d0b9cd6428a35134f,0,26,0.59375,1,122.99166544923301,83.32986353337529,6.571699748529017,0.0,255.0,0.0,0.59375,0.0,0.0,0.11875000000000001,2,2,2
test,1573,data\processed\exp_001_faces_224\test\1573.png,data\raw\kul-computer-vision-ga-1-2026\test\test_1573.npy,ab4c5569bf4c5e10c1f6a1a2d6a17a2bda50f2b5,0,26,0.59375,2,74.87963829787235,65.05748879843166,6.240770994070523,0.0,255.0,0.0,0.59375,0.0,0.0,0.11875000000000001,1,1,1
test,1621,data\processed\exp_001_faces_224\test\1621.png,data\raw\kul-computer-vision-ga-1-2026\test\test_1621.npy,3d0786863275ee400bc8357d62b0738740e5ee76,0,26,0.59375,3,63.60893710278326,62.43058504145402,6.0655868409125215,0.0,255.0,0.0,0.59375,0.0,0.0,0.11875000000000001,1,1,1
test,1632,data\processed\exp_001_faces_224\test\1632.png,data\raw\kul-computer-vision-ga-1-2026\test\test_1632.npy,0142d5a0dce9e5428dac3ea87032561a3980c310,0,26,0.59375,1,90.5083850931677,61.91691960313326,5.817235193200738,0.0,255.0,0.0,0.59375,0.0,0.0,0.11875000000000001,0,0,0
test,1701,data\processed\exp_001_faces_224\test\1701.png,data\raw\kul-computer-vision-ga-1-2026\test\test_1701.npy,ec2d2ff45e9de75e5c48a99b51040ab19bb22d57,0,26,0.59375,1,135.2837986394558,67.5119356798431,10.740285980056917,0.0,255.0,0.0,0.59375,0.0,0.0,0.11875000000000001,0,0,0
test,1709,data\processed\exp_001_faces_224\test\1709.png,data\raw\kul-computer-vision-ga-1-2026\test\test_1709.npy,b6c3010a1607c8f459909249d7c892b1aad7788c,0,26,0.59375,1,65.85139097249638,61.98395551050856,5.802729774788893,0.0,255.0,0.0,0.59375,0.0,0.0,0.11875000000000001,2,2,2
test,1714,data\processed\exp_001_faces_224\test\1714.png,data\raw\kul-computer-vision-ga-1-2026\test\test_1714.npy,b597b8d7c27f3e0c4eb4c78e99a65d99fb4aafe6,0,26,0.59375,1,101.32544279427943,82.31334368426424,5.532768294398196,0.0,255.0,0.0,0.59375,0.0,0.0,0.11875000000000001,0,0,1
test,1721,data\processed\exp_001_faces_224\test\1721.png,data\raw\kul-computer-vision-ga-1-2026\test\test_1721.npy,2574a7fb37e302bf55ee2b4d9f50850f18efad72,0,26,0.59375,1,105.01056296296296,69.75031840825848,12.539273504273503,0.0,255.0,0.0,0.59375,0.0,0.0,0.11875000000000001,1,1,1
test,1725,data\processed\exp_001_faces_224\test\1725.png,data\raw\kul-computer-vision-ga-1-2026\test\test_1725.npy,c20ce6364ecf534706d3289efb5ba2c1edf0fb4f,0,26,0.59375,1,77.69999186197917,59.52583043462918,5.644595412159116,0.0,255.0,0.0,0.59375,0.0,0.0,0.11875000000000001,0,0,0
test,1739,data\processed\exp_001_faces_224\test\1739.png,data\raw\kul-computer-vision-ga-1-2026\test\test_1739.npy,479909d0cada70ab66125625672eb3d96e194d7e,0,26,0.59375,5,110.68057306991733,72.3106609365841,8.059475808225645,0.0,255.0,0.0,0.59375,0.0,0.0,0.11875000000000001,1,1,1
test,1787,data\processed\exp_001_faces_224\test\1787.png,data\raw\kul-computer-vision-ga-1-2026\test\test_1787.npy,476b3e52b22c153efa7b837d4d8ac0fc968adbf7,0,26,0.59375,1,134.99965372168285,89.67014534035359,6.1679944908316955,0.0,255.0,0.0,0.59375,0.0,0.0,0.11875000000000001,0,0,0
test,1798,data\processed\exp_001_faces_224\test\1798.png,data\raw\kul-computer-vision-ga-1-2026\test\test_1798.npy,abbde90684107155877ea9cefb64fa0b5efbd274,0,26,0.59375,1,75.07063611111111,59.84160464635719,4.57992533475085,0.0,255.0,0.0,0.59375,0.0,0.0,0.11875000000000001,0,0,0
test,1484,data\processed\exp_001_faces_224\test\1484.png,data\raw\kul-computer-vision-ga-1-2026\test\test_1484.npy,82ea151529ead1f4452dd1c0b3684dd61c2b8675,0,30,0.53125,2,86.03779977363487,90.39487463273234,4.481701744199186,0.0,255.0,0.0,0.53125,0.07696696711825196,0.0,0.1177950450677378,0,0,0
test,1364,data\processed\exp_001_faces_224\test\1364.png,data\raw\kul-computer-vision-ga-1-2026\test\test_1364.npy,6cfaa50efc13cdd4bfc881fad62b7998ade3c8ed,0,31,0.515625,1,88.02085455246913,97.46698461219162,4.455592022157479,0.0,255.0,0.0,0.515625,0.09751475709742476,0.0,0.11775221356461373,0,0,0
test,835,data\processed\exp_001_faces_224\test\835.png,data\raw\kul-computer-vision-ga-1-2026\test\test_835.npy,fdecfa2447b5c883885cfe82fd9ab2938ed02dfc,0,29,0.546875,1,130.48996666666667,90.09121247934723,4.510250873468046,0.0,254.0,0.0,0.546875,0.05449941609002808,0.0,0.11754991241350421,0,0,0
test,480,data\processed\exp_001_faces_224\test\480.png,data\raw\kul-computer-vision-ga-1-2026\test\test_480.npy,833715556da773841e231e9ad2395c3528e9243e,0,32,0.5,1,140.93993827160494,61.96777515790672,4.431300331785752,0.0,255.0,0.0,0.5,0.11663179523364145,0.0,0.11749476928504622,0,0,0
test,605,data\processed\exp_001_faces_224\test\605.png,data\raw\kul-computer-vision-ga-1-2026\test\test_605.npy,62a74592013766b64075512161d9aa4036153e7c,0,31,0.515625,1,129.58514938724997,70.42959507178364,4.4633683213173905,0.0,255.0,0.0,0.515625,0.09139497682179237,0.0,0.11683424652326886,0,0,0
test,327,data\processed\exp_001_faces_224\test\327.png,data\raw\kul-computer-vision-ga-1-2026\test\test_327.npy,57f2500d3b1e65fd6d82c0ce773961417beba8e1,0,27,0.578125,1,83.66705110546899,58.62531296834521,4.569620337201005,0.0,245.0,0.0,0.578125,0.007776924367891404,0.0,0.11679153865518371,1,1,1
test,1290,data\processed\exp_001_faces_224\test\1290.png,data\raw\kul-computer-vision-ga-1-2026\test\test_1290.npy,6b84888f5ae9650e2f5e292244f9ab3ed6bc877b,0,44,0.3125,1,145.50592252957952,73.73741759950767,4.124186599024096,0.0,255.0,0.0,0.3125,0.3583237010465798,0.0,0.11624855515698697,2,2,2
test,61,data\processed\exp_001_faces_224\test\61.png,data\raw\kul-computer-vision-ga-1-2026\test\test_61.npy,6d95b2b7bd349b0567a7f9c52077127abe7a46a8,0,27,0.578125,1,86.27432742440041,78.88598141554799,5.993922491311935,0.0,255.0,0.0,0.578125,0.0,0.0,0.115625,0,0,0
test,115,data\processed\exp_001_faces_224\test\115.png,data\raw\kul-computer-vision-ga-1-2026\test\test_115.npy,c28e28911c46cef4a0f324e343769ddaf5477034,0,27,0.578125,1,169.61707754428062,71.07759563023129,6.692424862934226,0.0,255.0,0.0,0.578125,0.0,0.0,0.115625,0,0,0
test,118,data\processed\exp_001_faces_224\test\118.png,data\raw\kul-computer-vision-ga-1-2026\test\test_118.npy,5945218689be590be0976cbc386899c765b165fe,0,27,0.578125,1,117.86022844444445,74.65842881283497,5.692120102540047,35.0,255.0,0.0,0.578125,0.0,0.0,0.115625,0,0,0
test,129,data\processed\exp_001_faces_224\test\129.png,data\raw\kul-computer-vision-ga-1-2026\test\test_129.npy,93aace467324a4be627e3379ea9f2e273530922d,0,27,0.578125,3,62.59664040434072,53.84884903466539,6.395045354233508,0.0,255.0,0.0,0.578125,0.0,0.0,0.115625,2,2,2
test,177,data\processed\exp_001_faces_224\test\177.png,data\raw\kul-computer-vision-ga-1-2026\test\test_177.npy,7ef75d654700e4d60f5fc97066754ba8e7a72bb5,0,27,0.578125,1,131.2218153350124,70.6455677128622,14.265866699228798,0.0,255.0,0.0,0.578125,0.0,0.0,0.115625,2,2,2
test,200,data\processed\exp_001_faces_224\test\200.png,data\raw\kul-computer-vision-ga-1-2026\test\test_200.npy,9a9a331d9dfe977634f700be9681e20f1cd1d194,0,27,0.578125,1,174.217275390625,59.519809501083365,5.21914184952978,0.0,255.0,0.0,0.578125,0.0,0.0,0.115625,0,0,0
test,207,data\processed\exp_001_faces_224\test\207.png,data\raw\kul-computer-vision-ga-1-2026\test\test_207.npy,9a395b98ad471e850eee9adb522e8e7b00307b83,0,27,0.578125,1,116.72548785871965,70.6056788346546,5.772940914317688,0.0,255.0,0.0,0.578125,0.0,0.0,0.115625,2,2,2
test,214,data\processed\exp_001_faces_224\test\214.png,data\raw\kul-computer-vision-ga-1-2026\test\test_214.npy,a1963020586642d874004b8d14821a49a1e22140,0,27,0.578125,1,115.82388976793249,84.88236598572072,6.84762395704451,0.0,255.0,0.0,0.578125,0.0,0.0,0.115625,1,1,1
test,232,data\processed\exp_001_faces_224\test\232.png,data\raw\kul-computer-vision-ga-1-2026\test\test_232.npy,00c383bdc56f9c3604b0bbf03f27dc1f8d13169a,0,27,0.578125,1,148.86738157716076,64.85156717103233,7.167921057557966,0.0,255.0,0.0,0.578125,0.0,0.0,0.115625,0,0,0
test,245,data\processed\exp_001_faces_224\test\245.png,data\raw\kul-computer-vision-ga-1-2026\test\test_245.npy,70cfe3ac9c0337a4dec5937632df823eb3bb0746,0,27,0.578125,1,86.71740463174154,79.27094692755786,4.642032242499199,0.0,255.0,0.0,0.578125,0.0,0.0,0.115625,0,0,0
test,281,data\processed\exp_001_faces_224\test\281.png,data\raw\kul-computer-vision-ga-1-2026\test\test_281.npy,80350a144aabc66406de19c704d5064f00963356,0,27,0.578125,5,75.27144913862995,72.53880683066039,6.819072392877735,0.0,255.0,0.0,0.578125,0.0,0.0,0.115625,1,1,1
test,298,data\processed\exp_001_faces_224\test\298.png,data\raw\kul-computer-vision-ga-1-2026\test\test_298.npy,574f2a525b3de7758978a1b1f7a170fbc437270c,0,27,0.578125,4,117.81854814814815,85.64453082602907,9.232194351542176,0.0,255.0,0.0,0.578125,0.0,0.0,0.115625,0,0,0
test,301,data\processed\exp_001_faces_224\test\301.png,data\raw\kul-computer-vision-ga-1-2026\test\test_301.npy,bf848a700216fa9434c5d8e013617f64d57ffb7b,0,27,0.578125,3,147.83437519852615,71.74547832922642,8.04153331880292,0.0,255.0,0.0,0.578125,0.0,0.0,0.115625,1,1,1
test,410,data\processed\exp_001_faces_224\test\410.png,data\raw\kul-computer-vision-ga-1-2026\test\test_410.npy,d38d11bdb79ef13d6058d4554b1b1bac36077c2c,0,27,0.578125,2,65.44680362654321,72.04909574139026,5.567661667794184,0.0,255.0,0.0,0.578125,0.0,0.0,0.115625,1,1,1
test,441,data\processed\exp_001_faces_224\test\441.png,data\raw\kul-computer-vision-ga-1-2026\test\test_441.npy,13c34d4dd4cffb26763116e978768058efec86e1,0,27,0.578125,1,126.967697740113,72.26605906455808,4.729945012252644,0.0,255.0,0.0,0.578125,0.0,0.0,0.115625,2,2,2
test,456,data\processed\exp_001_faces_224\test\456.png,data\raw\kul-computer-vision-ga-1-2026\test\test_456.npy,525d5021cd4b7f078323449a853b2f54ba7b64db,0,27,0.578125,1,93.45142985669301,75.42106549931333,5.934172980646062,0.0,255.0,0.0,0.578125,0.0,0.0,0.115625,2,2,2
test,461,data\processed\exp_001_faces_224\test\461.png,data\raw\kul-computer-vision-ga-1-2026\test\test_461.npy,4512557de373c825d951ebae73ffbdb58c510da2,0,27,0.578125,1,103.58718089990818,76.05665855412099,5.776729165886847,0.0,255.0,0.0,0.578125,0.0,0.0,0.115625,0,0,0
test,463,data\processed\exp_001_faces_224\test\463.png,data\raw\kul-computer-vision-ga-1-2026\test\test_463.npy,5effe568e64f2834de1ce68d7335feb9e7a5b9e0,0,27,0.578125,5,125.17067103620474,81.90396903802294,11.63933462909771,0.0,255.0,0.0,0.578125,0.0,0.0,0.115625,0,0,0
test,500,data\processed\exp_001_faces_224\test\500.png,data\raw\kul-computer-vision-ga-1-2026\test\test_500.npy,00c796901e79ce6fb1a6e218d1ae8d0c52be89d7,0,27,0.578125,1,56.87195555555556,55.534486090725544,5.087344853214418,0.0,255.0,0.0,0.578125,0.0,0.0,0.115625,0,0,0
test,510,data\processed\exp_001_faces_224\test\510.png,data\raw\kul-computer-vision-ga-1-2026\test\test_510.npy,9243ae8139a3870e75a022471fe7e9f30b1970ff,0,27,0.578125,1,116.72110375275938,70.59799514766712,5.6025839807419295,0.0,255.0,0.0,0.578125,0.0,0.0,0.115625,2,2,2
test,513,data\processed\exp_001_faces_224\test\513.png,data\raw\kul-computer-vision-ga-1-2026\test\test_513.npy,cd06f1f2311f200806ec1f884e676ad7c178b65a,0,27,0.578125,2,139.4109185185185,74.22841083844358,8.678151244890374,0.0,255.0,0.0,0.578125,0.0,0.0,0.115625,0,0,0
test,559,data\processed\exp_001_faces_224\test\559.png,data\raw\kul-computer-vision-ga-1-2026\test\test_559.npy,f3914f0bb41f629ec599d450f9e163fe1f98812a,0,27,0.578125,1,112.37229753521127,90.00475271522784,6.767505120716654,0.0,255.0,0.0,0.578125,0.0,0.0,0.115625,2,2,2
test,565,data\processed\exp_001_faces_224\test\565.png,data\raw\kul-computer-vision-ga-1-2026\test\test_565.npy,47fffa1b0f528ae4e7eb1cf2a974c0bd619bc776,0,27,0.578125,1,97.5125366568915,73.98872190142295,4.886470517976767,0.0,255.0,0.0,0.578125,0.0,0.0,0.115625,2,2,2
test,566,data\processed\exp_001_faces_224\test\566.png,data\raw\kul-computer-vision-ga-1-2026\test\test_566.npy,087c5c12246f541bfdf1352e751b018c4ddecffc,0,27,0.578125,1,116.66857680925477,73.52061739332208,5.3909695140002345,0.0,255.0,0.0,0.578125,0.0,0.0,0.115625,1,1,1
test,654,data\processed\exp_001_faces_224\test\654.png,data\raw\kul-computer-vision-ga-1-2026\test\test_654.npy,596e7157541174cc137eca70a56d30ac6bd63ac9,0,27,0.578125,1,110.36143220647037,77.41846871189284,8.240268477780981,0.0,247.0,0.0,0.578125,0.0,0.0,0.115625,2,2,2
test,674,data\processed\exp_001_faces_224\test\674.png,data\raw\kul-computer-vision-ga-1-2026\test\test_674.npy,9187d96f262a1d24eac9ca5268cf61f3b44de0f5,0,27,0.578125,3,115.66872962962962,74.95572908660603,12.961941657376439,0.0,255.0,0.0,0.578125,0.0,0.0,0.115625,2,2,2
test,772,data\processed\exp_001_faces_224\test\772.png,data\raw\kul-computer-vision-ga-1-2026\test\test_772.npy,de821efc556f7eb87c8f098355d3ba8a21d361de,0,27,0.578125,2,171.00976187906704,82.60652961630373,6.617887842579197,0.0,255.0,0.0,0.578125,0.0,0.0,0.115625,0,0,0
test,825,data\processed\exp_001_faces_224\test\825.png,data\raw\kul-computer-vision-ga-1-2026\test\test_825.npy,d9c21aeea8a5184423a5b5f1b7acd2ffde8ec671,0,27,0.578125,2,117.06624074074074,81.10555710705493,8.162395020438499,0.0,255.0,0.0,0.578125,0.0,0.0,0.115625,2,2,2
test,857,data\processed\exp_001_faces_224\test\857.png,data\raw\kul-computer-vision-ga-1-2026\test\test_857.npy,c5c30351dfb2ed722a8359e2605acb877ca934fa,0,27,0.578125,1,94.40653055555556,75.20960523110404,8.650435603361803,0.0,255.0,0.0,0.578125,0.0,0.0,0.115625,2,2,2
test,861,data\processed\exp_001_faces_224\test\861.png,data\raw\kul-computer-vision-ga-1-2026\test\test_861.npy,8a85e9886743d7ce5087f71c412c842c059cbe6f,0,27,0.578125,1,63.24388950892857,52.53755057256076,4.843610022590294,0.0,235.0,0.0,0.578125,0.0,0.0,0.115625,1,1,1
test,869,data\processed\exp_001_faces_224\test\869.png,data\raw\kul-computer-vision-ga-1-2026\test\test_869.npy,4593b3a97aeb2b90411aebbadb9bac69b91bacea,0,27,0.578125,1,90.7317137620935,66.141442186927,5.6039772577470295,0.0,255.0,0.0,0.578125,0.0,0.0,0.115625,2,2,2
test,888,data\processed\exp_001_faces_224\test\888.png,data\raw\kul-computer-vision-ga-1-2026\test\test_888.npy,9cfa2c3c15727997e3a7ad852f5093204bf79b4a,0,27,0.578125,1,114.04886058434235,76.02030358879937,10.079123367521508,0.0,255.0,0.0,0.578125,0.0,0.0,0.115625,0,0,0
test,958,data\processed\exp_001_faces_224\test\958.png,data\raw\kul-computer-vision-ga-1-2026\test\test_958.npy,7d4b10b3e237ac58916ccd805ea4b90de2ddb7c6,0,27,0.578125,1,136.26113397347964,74.92965791319925,4.67024205488752,0.0,255.0,0.0,0.578125,0.0,0.0,0.115625,0,0,0
test,979,data\processed\exp_001_faces_224\test\979.png,data\raw\kul-computer-vision-ga-1-2026\test\test_979.npy,dac4e3d6e75fda3fde941c5ff4f5fa24557fc476,0,27,0.578125,2,64.35756558641975,60.499682539975595,6.183796436586468,0.0,255.0,0.0,0.578125,0.0,0.0,0.115625,1,1,1
test,1023,data\processed\exp_001_faces_224\test\1023.png,data\raw\kul-computer-vision-ga-1-2026\test\test_1023.npy,fe9bc5ab94c9ca1b683b6449d9d726e3e7a46ab1,0,27,0.578125,1,113.33615167072263,79.10976816885112,6.336033434633848,0.0,246.0,0.0,0.578125,0.0,0.0,0.115625,2,2,2
test,1025,data\processed\exp_001_faces_224\test\1025.png,data\raw\kul-computer-vision-ga-1-2026\test\test_1025.npy,224daf7a08430186e440989a08a2e9e70685a33f,0,27,0.578125,1,123.5591642228739,76.1097315544754,8.025078399116166,0.0,255.0,0.0,0.578125,0.0,0.0,0.115625,2,2,2
test,1049,data\processed\exp_001_faces_224\test\1049.png,data\raw\kul-computer-vision-ga-1-2026\test\test_1049.npy,56d8cae63534fede2f8fc129489f64a290adb3e5,0,27,0.578125,1,72.41561868686868,74.95396750187483,6.652034039623988,0.0,255.0,0.0,0.578125,0.0,0.0,0.115625,0,0,0
test,1057,data\processed\exp_001_faces_224\test\1057.png,data\raw\kul-computer-vision-ga-1-2026\test\test_1057.npy,403645a0a1a8bb0555997c12a6b35a969a8d579b,0,27,0.578125,5,93.70755006731136,68.9198308155831,5.2012643692236695,0.0,255.0,0.0,0.578125,0.0,0.0,0.115625,0,0,0
test,1073,data\processed\exp_001_faces_224\test\1073.png,data\raw\kul-computer-vision-ga-1-2026\test\test_1073.npy,8a23d95d22c18884a6d78093018cf93b0ef42324,0,27,0.578125,1,112.36263593380615,94.21956704596157,6.443258800453078,0.0,255.0,0.0,0.578125,0.0,0.0,0.115625,1,1,1
test,1096,data\processed\exp_001_faces_224\test\1096.png,data\raw\kul-computer-vision-ga-1-2026\test\test_1096.npy,685e0610ea6f4f41b34ca7abf13b04d91c5e9943,0,27,0.578125,1,103.94370943952802,77.18193809657987,7.527723236930155,0.0,255.0,0.0,0.578125,0.0,0.0,0.115625,1,1,1
test,1132,data\processed\exp_001_faces_224\test\1132.png,data\raw\kul-computer-vision-ga-1-2026\test\test_1132.npy,cd06f1f2311f200806ec1f884e676ad7c178b65a,0,27,0.578125,2,139.4109185185185,74.22841083844358,8.678151244890374,0.0,255.0,0.0,0.578125,0.0,0.0,0.115625,0,0,0
test,1134,data\processed\exp_001_faces_224\test\1134.png,data\raw\kul-computer-vision-ga-1-2026\test\test_1134.npy,36e401b584500fadec0a0974282b4a7ba4d833e6,0,27,0.578125,1,76.00635533707865,56.80929758004872,6.131070704662394,0.0,255.0,0.0,0.578125,0.0,0.0,0.115625,2,2,2
test,1159,data\processed\exp_001_faces_224\test\1159.png,data\raw\kul-computer-vision-ga-1-2026\test\test_1159.npy,fad1212adc216ea5283a7cd6fda4926840d94408,0,27,0.578125,1,118.82781481481481,64.86294516876107,4.942683017465626,0.0,255.0,0.0,0.578125,0.0,0.0,0.115625,1,1,1
test,1163,data\processed\exp_001_faces_224\test\1163.png,data\raw\kul-computer-vision-ga-1-2026\test\test_1163.npy,fbb8d9845f996b7039eed9842e36ae24bf491ea7,0,27,0.578125,1,62.823554421768705,61.45547622248058,6.912349414390786,0.0,255.0,0.0,0.578125,0.0,0.0,0.115625,1,1,1
test,1169,data\processed\exp_001_faces_224\test\1169.png,data\raw\kul-computer-vision-ga-1-2026\test\test_1169.npy,c0af99f05cc78bc9af836dd02ae71f65efef7eee,0,27,0.578125,1,104.74872782026932,76.5244343882961,4.711142872633536,0.0,255.0,0.0,0.578125,0.0,0.0,0.115625,1,1,1
test,1194,data\processed\exp_001_faces_224\test\1194.png,data\raw\kul-computer-vision-ga-1-2026\test\test_1194.npy,c614365dedf9c96b03e1106649c0732863376b5f,0,27,0.578125,1,96.705875,74.47806042407383,5.040194302813497,0.0,255.0,0.0,0.578125,0.0,0.0,0.115625,2,2,2
test,1255,data\processed\exp_001_faces_224\test\1255.png,data\raw\kul-computer-vision-ga-1-2026\test\test_1255.npy,26b0151572769c934ea51b2a5b626e78c47aa001,0,27,0.578125,2,133.44174260124612,73.68992482819156,5.245616120282577,0.0,255.0,0.0,0.578125,0.0,0.0,0.115625,1,1,1
test,1286,data\processed\exp_001_faces_224\test\1286.png,data\raw\kul-computer-vision-ga-1-2026\test\test_1286.npy,c1894a8898657016b0f793558a8c1a05ec4423c6,0,27,0.578125,1,118.22334422657953,69.79382117820263,8.864250249578294,0.0,255.0,0.0,0.578125,0.0,0.0,0.115625,0,0,0
test,1287,data\processed\exp_001_faces_224\test\1287.png,data\raw\kul-computer-vision-ga-1-2026\test\test_1287.npy,d7ad4091dd0afdb8b07d2c182f316cf69db89282,0,27,0.578125,1,116.66124897119342,62.61916687802293,4.860396993375928,0.0,255.0,0.0,0.578125,0.0,0.0,0.115625,0,0,0
test,1289,data\processed\exp_001_faces_224\test\1289.png,data\raw\kul-computer-vision-ga-1-2026\test\test_1289.npy,98e84330ba1589d1d9ab4aec4b5fc3b6620d51d5,0,27,0.578125,1,71.53164383561644,71.34002398022247,8.675531622844186,0.0,255.0,0.0,0.578125,0.0,0.0,0.115625,0,0,0
test,1307,data\processed\exp_001_faces_224\test\1307.png,data\raw\kul-computer-vision-ga-1-2026\test\test_1307.npy,249c7d880ef30b5857fbf6458dd625841340eee7,0,27,0.578125,2,128.3160461628741,72.37978411288601,4.919162529975571,0.0,255.0,0.0,0.578125,0.0,0.0,0.115625,1,1,1
test,1309,data\processed\exp_001_faces_224\test\1309.png,data\raw\kul-computer-vision-ga-1-2026\test\test_1309.npy,005ca4b6c0db8d11348cdec0d91a19de5140e155,0,27,0.578125,1,120.48021794502115,79.3617466411328,6.87599315132169,0.0,255.0,0.0,0.578125,0.0,0.0,0.115625,0,0,0
test,1322,data\processed\exp_001_faces_224\test\1322.png,data\raw\kul-computer-vision-ga-1-2026\test\test_1322.npy,a439fca175cd0532d22fab20840dc3ee2f165b11,0,27,0.578125,1,125.19981621773289,81.71251504000935,5.620039513684573,0.0,255.0,0.0,0.578125,0.0,0.0,0.115625,0,0,0
test,1331,data\processed\exp_001_faces_224\test\1331.png,data\raw\kul-computer-vision-ga-1-2026\test\test_1331.npy,12729cc5fa0a7debf4d8ea9e4005fe10501ae8fb,0,27,0.578125,2,76.30064043209876,76.55904415969026,6.800312993557755,0.0,255.0,0.0,0.578125,0.0,0.0,0.115625,0,0,0
test,1349,data\processed\exp_001_faces_224\test\1349.png,data\raw\kul-computer-vision-ga-1-2026\test\test_1349.npy,299cc9b051d4df8ace395d95b1ef128e8f4490de,0,27,0.578125,1,109.89363231137203,67.95149447619713,4.579865239532079,0.0,255.0,0.0,0.578125,0.0,0.0,0.115625,0,0,2
test,1352,data\processed\exp_001_faces_224\test\1352.png,data\raw\kul-computer-vision-ga-1-2026\test\test_1352.npy,e413ea8fdaf1e937a0228c43d0a0cab6ad8c4016,0,27,0.578125,3,77.84814814814816,62.22744400928477,10.590238913821146,0.0,255.0,0.0,0.578125,0.0,0.0,0.115625,2,2,2
test,1359,data\processed\exp_001_faces_224\test\1359.png,data\raw\kul-computer-vision-ga-1-2026\test\test_1359.npy,ad1b3b4cfa7bfb9fc07b964b1ea94d75473147d1,0,27,0.578125,1,119.00064444444445,81.6436071273794,14.031760022754504,0.0,255.0,0.0,0.578125,0.0,0.0,0.115625,0,0,0
test,1382,data\processed\exp_001_faces_224\test\1382.png,data\raw\kul-computer-vision-ga-1-2026\test\test_1382.npy,1652c064667fbcf4ac81abe566253849d9abbf21,0,27,0.578125,1,134.5481814236111,88.95869738259859,12.02547124427996,0.0,255.0,0.0,0.578125,0.0,0.0,0.115625,2,2,2
test,1394,data\processed\exp_001_faces_224\test\1394.png,data\raw\kul-computer-vision-ga-1-2026\test\test_1394.npy,131b7282147b20b9f5b6f2d8792ca7d00ffe6b58,0,27,0.578125,2,75.41167777777778,78.70661146354828,7.346324786324788,0.0,255.0,0.0,0.578125,0.0,0.0,0.115625,0,0,0
test,1424,data\processed\exp_001_faces_224\test\1424.png,data\raw\kul-computer-vision-ga-1-2026\test\test_1424.npy,a66a9e42c0d732dd9706f588d67de75864c79af0,0,27,0.578125,1,128.0715647904362,71.54799547829577,9.561983692496959,0.0,255.0,0.0,0.578125,0.0,0.0,0.115625,0,0,0
test,1428,data\processed\exp_001_faces_224\test\1428.png,data\raw\kul-computer-vision-ga-1-2026\test\test_1428.npy,295159acdb7644a9595d8f39a791688b8f243487,0,27,0.578125,1,174.21670138888888,59.48510353712825,6.287473849372385,0.0,255.0,0.0,0.578125,0.0,0.0,0.115625,0,0,0
test,1546,data\processed\exp_001_faces_224\test\1546.png,data\raw\kul-computer-vision-ga-1-2026\test\test_1546.npy,58cc0a0562ee5d1261e730f02f5b9eced29f5485,0,27,0.578125,1,103.40643241968047,68.05432099533519,25.658051851768132,0.0,255.0,0.0,0.578125,0.0,0.0,0.115625,1,1,1
test,1553,data\processed\exp_001_faces_224\test\1553.png,data\raw\kul-computer-vision-ga-1-2026\test\test_1553.npy,366edf28111332f9779eb0d052abef4005a6bfb7,0,27,0.578125,2,98.14082661062527,72.34125918993334,7.425110733579488,0.0,255.0,0.0,0.578125,0.0,0.0,0.115625,1,1,1
test,1593,data\processed\exp_001_faces_224\test\1593.png,data\raw\kul-computer-vision-ga-1-2026\test\test_1593.npy,553157dba26ddf0cb442484560acf6ff0cf5d519,0,27,0.578125,1,109.67677966467427,76.36209578618256,7.298143740278759,0.0,255.0,0.0,0.578125,0.0,0.0,0.115625,0,0,0
test,1595,data\processed\exp_001_faces_224\test\1595.png,data\raw\kul-computer-vision-ga-1-2026\test\test_1595.npy,94c1ff539b69127028eda9959b157c483e2be959,0,27,0.578125,1,55.80849859943977,61.440644259231966,4.926679882307923,0.0,255.0,0.0,0.578125,0.0,0.0,0.115625,1,1,1
test,1597,data\processed\exp_001_faces_224\test\1597.png,data\raw\kul-computer-vision-ga-1-2026\test\test_1597.npy,4379dc0582e9c8401d073725e7f4ad72bf31f9bc,0,27,0.578125,9,107.70192708333333,58.30896892757974,4.751927832365395,0.0,255.0,0.0,0.578125,0.0,0.0,0.115625,1,1,1
test,1609,data\processed\exp_001_faces_224\test\1609.png,data\raw\kul-computer-vision-ga-1-2026\test\test_1609.npy,12729cc5fa0a7debf4d8ea9e4005fe10501ae8fb,0,27,0.578125,2,76.30064043209876,76.55904415969026,6.800312993557755,0.0,255.0,0.0,0.578125,0.0,0.0,0.115625,0,0,0
test,1611,data\processed\exp_001_faces_224\test\1611.png,data\raw\kul-computer-vision-ga-1-2026\test\test_1611.npy,56b7e5c46bd07239a3ad0beeaeab3adb77782a5e,0,27,0.578125,1,91.84998328390661,95.57772418317099,5.807862594808837,0.0,255.0,0.0,0.578125,0.0,0.0,0.115625,1,1,1
test,1614,data\processed\exp_001_faces_224\test\1614.png,data\raw\kul-computer-vision-ga-1-2026\test\test_1614.npy,85e4388506f8f1c395fec1a1750a5916503172dd,0,27,0.578125,1,130.15739528146517,92.12479180729369,6.14244374884286,0.0,255.0,0.0,0.578125,0.0,0.0,0.115625,1,1,1
test,1666,data\processed\exp_001_faces_224\test\1666.png,data\raw\kul-computer-vision-ga-1-2026\test\test_1666.npy,9506a6815d9de28f93aa406bd8e5483284e7c0a3,0,27,0.578125,1,104.62285833333334,76.91045012976626,6.390080322042564,0.0,255.0,0.0,0.578125,0.0,0.0,0.115625,2,2,2
test,1674,data\processed\exp_001_faces_224\test\1674.png,data\raw\kul-computer-vision-ga-1-2026\test\test_1674.npy,a6a353a80c90c97eff16c8117fbc5ed14b0424b7,0,27,0.578125,1,147.02144444444446,86.56301878222223,6.737390549913677,0.0,255.0,0.0,0.578125,0.0,0.0,0.115625,0,0,0
test,1692,data\processed\exp_001_faces_224\test\1692.png,data\raw\kul-computer-vision-ga-1-2026\test\test_1692.npy,fac2785a8f3fe6e313e59d778b80b69b71d9bcbb,0,27,0.578125,2,148.85475482093665,87.86733623546462,8.15272682794687,0.0,255.0,0.0,0.578125,0.0,0.0,0.115625,0,0,0
test,1717,data\processed\exp_001_faces_224\test\1717.png,data\raw\kul-computer-vision-ga-1-2026\test\test_1717.npy,865e023ce4dd4b9a1351803e8359e9b99c60841c,0,27,0.578125,1,131.73955246913582,86.0451295085631,10.085833557066959,0.0,255.0,0.0,0.578125,0.0,0.0,0.115625,0,0,0
test,1741,data\processed\exp_001_faces_224\test\1741.png,data\raw\kul-computer-vision-ga-1-2026\test\test_1741.npy,3c76d437c7dad832abfbcafda1cd29fe79a7ac0e,0,27,0.578125,1,124.52601509353741,91.08146276001514,8.093682753856708,0.0,255.0,0.0,0.578125,0.0,0.0,0.115625,1,1,1
test,384,data\processed\exp_001_faces_224\test\384.png,data\raw\kul-computer-vision-ga-1-2026\test\test_384.npy,d1a82c7316bcc70dc2364b91c5efb94c89351bba,0,33,0.484375,1,80.66708493766043,50.60606509564301,4.4236848144524465,0.0,255.0,0.0,0.484375,0.1226250436679813,0.0,0.1152687565501972,0,0,0
test,1191,data\processed\exp_001_faces_224\test\1191.png,data\raw\kul-computer-vision-ga-1-2026\test\test_1191.npy,d7053d0e15217668ad713c03e546001a7cc81e0f,0,42,0.34375,2,89.19025762090897,59.2238940728029,4.186141616142723,0.0,255.0,0.0,0.34375,0.309566434390272,0.0,0.11518496515854079,2,2,2
test,418,data\processed\exp_001_faces_224\test\418.png,data\raw\kul-computer-vision-ga-1-2026\test\test_418.npy,df510484334d9b45a2a380ce6e54b7fb5df50668,0,28,0.5625,1,127.25599012345678,60.55766430513754,4.562782494779778,0.0,255.0,0.0,0.5625,0.013158159363714566,0.0,0.11447372390455719,1,1,1
test,1102,data\processed\exp_001_faces_224\test\1102.png,data\raw\kul-computer-vision-ga-1-2026\test\test_1102.npy,b2af440b4dfc0066c39e4ea55d10207eb4e3cec2,0,31,0.515625,1,199.6112748803225,58.827734055816535,4.48586230280741,0.0,255.0,0.0,0.515625,0.07369269693102931,0.0,0.1141789045396544,0,0,0
test,1143,data\processed\exp_001_faces_224\test\1143.png,data\raw\kul-computer-vision-ga-1-2026\test\test_1143.npy,5b50548411e3d14e91d8f7148bc2abf3a3a057ca,0,31,0.515625,2,62.05125993069222,55.36089895772144,4.487877534638983,0.0,255.0,0.0,0.515625,0.0721067528000135,0.0,0.11394101292000203,2,2,2
test,355,data\processed\exp_001_faces_224\test\355.png,data\raw\kul-computer-vision-ga-1-2026\test\test_355.npy,28f8c130de35518e8c7d702f33ad29a328c05cbf,0,29,0.546875,1,81.40185013057142,74.86949094568783,4.552572076247474,0.0,255.0,0.0,0.546875,0.021193539260372065,0.0,0.11255403088905581,1,1,1
test,11,data\processed\exp_001_faces_224\test\11.png,data\raw\kul-computer-vision-ga-1-2026\test\test_11.npy,2cbf142e0c3f967da1b5c54c3435a2110b921970,0,28,0.5625,9,45.584704105808534,50.57032589130711,5.600555451708198,0.0,255.0,0.0,0.5625,0.0,0.0,0.1125,1,1,1
test,63,data\processed\exp_001_faces_224\test\63.png,data\raw\kul-computer-vision-ga-1-2026\test\test_63.npy,2675165c88a69acd29fa9f5caf2b5e2fb923fb43,0,28,0.5625,1,82.58182222222223,69.51069498623669,7.257512038585407,0.0,255.0,0.0,0.5625,0.0,0.0,0.1125,2,2,2
test,123,data\processed\exp_001_faces_224\test\123.png,data\raw\kul-computer-vision-ga-1-2026\test\test_123.npy,8836e7371108098f9ae4ce2bdc07ffc63655e546,0,28,0.5625,1,93.56624024024023,60.319866984032004,6.036981047348627,0.0,255.0,0.0,0.5625,0.0,0.0,0.1125,2,2,2
test,140,data\processed\exp_001_faces_224\test\140.png,data\raw\kul-computer-vision-ga-1-2026\test\test_140.npy,0ca8f378ea8f3df06292e7c3949bcb99e3add8fc,0,28,0.5625,1,136.2660967134873,88.46882008875863,5.296278920559913,0.0,255.0,0.0,0.5625,0.0,0.0,0.1125,0,0,0
test,247,data\processed\exp_001_faces_224\test\247.png,data\raw\kul-computer-vision-ga-1-2026\test\test_247.npy,06570d0d231c4b29d003f45d4e498a640f154ab9,0,28,0.5625,1,90.29581666666667,75.94270043372431,9.106387406769937,0.0,255.0,0.0,0.5625,0.0,0.0,0.1125,0,0,0
test,264,data\processed\exp_001_faces_224\test\264.png,data\raw\kul-computer-vision-ga-1-2026\test\test_264.npy,0a96447e48433cbd03bdd62378aedc2bbcfcd23e,0,28,0.5625,3,98.24909812409813,76.34875274582858,9.43141929068415,0.0,255.0,0.0,0.5625,0.0,0.0,0.1125,0,0,0
test,299,data\processed\exp_001_faces_224\test\299.png,data\raw\kul-computer-vision-ga-1-2026\test\test_299.npy,684076d13ed698a3bf9eaae39e4c98da16764dd3,0,28,0.5625,1,102.13312765957447,77.4980429888212,5.630511255465969,0.0,255.0,0.0,0.5625,0.0,0.0,0.1125,1,1,1
test,326,data\processed\exp_001_faces_224\test\326.png,data\raw\kul-computer-vision-ga-1-2026\test\test_326.npy,e1a6bce2796e96b20c1eb905225a8116d7f27b26,0,28,0.5625,1,95.02747257019774,75.544245993278,6.449766507773057,0.0,255.0,0.0,0.5625,0.0,0.0,0.1125,0,0,0
test,332,data\processed\exp_001_faces_224\test\332.png,data\raw\kul-computer-vision-ga-1-2026\test\test_332.npy,72680bb3a52c450e4c6681520286807175608431,0,28,0.5625,4,68.6943835096192,52.80416462450672,5.390834057986171,0.0,255.0,0.0,0.5625,0.0,0.0,0.1125,0,0,0
test,335,data\processed\exp_001_faces_224\test\335.png,data\raw\kul-computer-vision-ga-1-2026\test\test_335.npy,0d7f7f45ac007e55287a76b42724f8b06cd1e7a5,0,28,0.5625,1,117.88494318181819,93.93202641181206,6.203906011571829,0.0,255.0,0.0,0.5625,0.0,0.0,0.1125,2,2,2
test,364,data\processed\exp_001_faces_224\test\364.png,data\raw\kul-computer-vision-ga-1-2026\test\test_364.npy,8088163a96d2c1949d7993cfee09c1e65d338722,0,28,0.5625,1,122.65439654435035,70.45792463227929,6.533596206844321,0.0,255.0,0.0,0.5625,0.0,0.0,0.1125,1,1,1
test,387,data\processed\exp_001_faces_224\test\387.png,data\raw\kul-computer-vision-ga-1-2026\test\test_387.npy,89554eff3a02b718f97802ff778d1b68fc7729bc,0,28,0.5625,1,82.54807692307692,53.581129006201095,7.183091738942803,0.0,255.0,0.0,0.5625,0.0,0.0,0.1125,0,0,0
test,396,data\processed\exp_001_faces_224\test\396.png,data\raw\kul-computer-vision-ga-1-2026\test\test_396.npy,8fa50b944ca1d6eaf4c4082915234156ed7de97e,0,28,0.5625,1,111.46421234567902,56.92987211470692,9.425405887038018,0.0,255.0,0.0,0.5625,0.0,0.0,0.1125,0,0,0
test,432,data\processed\exp_001_faces_224\test\432.png,data\raw\kul-computer-vision-ga-1-2026\test\test_432.npy,43b8f9b9c6bda8d467a97c4a3eb91fbebbcb586d,0,28,0.5625,1,164.12411375661375,88.17064514087717,7.155264010917487,0.0,255.0,0.0,0.5625,0.0,0.0,0.1125,1,1,1
test,484,data\processed\exp_001_faces_224\test\484.png,data\raw\kul-computer-vision-ga-1-2026\test\test_484.npy,14de37ef9fb06551f693c8cc6c0a896b1c60b097,0,28,0.5625,1,86.55703807740325,59.23206728915397,5.838627113586087,0.0,255.0,0.0,0.5625,0.0,0.0,0.1125,0,0,0
test,487,data\processed\exp_001_faces_224\test\487.png,data\raw\kul-computer-vision-ga-1-2026\test\test_487.npy,34bfb9c7fdfaf73fb7c2b983bfd847236255c69e,0,28,0.5625,11,75.90428635642742,60.20635336173868,6.279150843754039,0.0,255.0,0.0,0.5625,0.0,0.0,0.1125,0,0,0
test,492,data\processed\exp_001_faces_224\test\492.png,data\raw\kul-computer-vision-ga-1-2026\test\test_492.npy,f5bd8e420b53d4d74ba129548f5458a2fe6f1951,0,28,0.5625,3,108.81794444444445,71.86283297492592,10.388688219992567,0.0,255.0,0.0,0.5625,0.0,0.0,0.1125,0,0,0
test,524,data\processed\exp_001_faces_224\test\524.png,data\raw\kul-computer-vision-ga-1-2026\test\test_524.npy,fac2ed2b912f70219eceb21b3be5c5fe539c44f4,0,28,0.5625,1,103.1470588235294,74.09811769519742,5.287677267521314,0.0,255.0,0.0,0.5625,0.0,0.0,0.1125,0,0,0
test,527,data\processed\exp_001_faces_224\test\527.png,data\raw\kul-computer-vision-ga-1-2026\test\test_527.npy,2684f585ca2026de00ab392a167b1ca752cf3a2c,0,28,0.5625,1,102.22843070300698,103.1225092845894,9.602234978900295,0.0,255.0,0.0,0.5625,0.0,0.0,0.1125,1,1,1
test,551,data\processed\exp_001_faces_224\test\551.png,data\raw\kul-computer-vision-ga-1-2026\test\test_551.npy,f53030e2611b1ad4f28285b2fe3e44329abb08ac,0,28,0.5625,1,120.24368760064412,74.46624678312817,9.422686748719748,0.0,255.0,0.0,0.5625,0.0,0.0,0.1125,0,0,0
test,581,data\processed\exp_001_faces_224\test\581.png,data\raw\kul-computer-vision-ga-1-2026\test\test_581.npy,077357804700e31d4d5f5b42b6e3a6581c9ba16e,0,28,0.5625,2,137.37759450171822,75.63887792440967,4.979413271767955,0.0,255.0,0.0,0.5625,0.0,0.0,0.1125,0,0,0
test,609,data\processed\exp_001_faces_224\test\609.png,data\raw\kul-computer-vision-ga-1-2026\test\test_609.npy,9ed8987368a99af23180f251930ab929c56ab3d1,0,28,0.5625,1,96.2567278264782,74.87422666600655,4.998584670472844,0.0,255.0,0.0,0.5625,0.0,0.0,0.1125,2,2,2
test,614,data\processed\exp_001_faces_224\test\614.png,data\raw\kul-computer-vision-ga-1-2026\test\test_614.npy,f5bd8e420b53d4d74ba129548f5458a2fe6f1951,0,28,0.5625,3,108.81794444444445,71.86283297492592,10.388688219992567,0.0,255.0,0.0,0.5625,0.0,0.0,0.1125,0,0,0
test,659,data\processed\exp_001_faces_224\test\659.png,data\raw\kul-computer-vision-ga-1-2026\test\test_659.npy,89ef49721d1cfd664dc5824bc339a8b13c6e5b9c,0,28,0.5625,1,102.05458095238095,64.89064825106502,6.9993154194618405,0.0,255.0,0.0,0.5625,0.0,0.0,0.1125,0,0,0
test,830,data\processed\exp_001_faces_224\test\830.png,data\raw\kul-computer-vision-ga-1-2026\test\test_830.npy,42e77c14ca4c208fe1ecc077e7fdacad2f12b817,0,28,0.5625,4,81.78812588652482,52.95960716022838,5.133399480871908,0.0,255.0,0.0,0.5625,0.0,0.0,0.1125,0,0,0
test,846,data\processed\exp_001_faces_224\test\846.png,data\raw\kul-computer-vision-ga-1-2026\test\test_846.npy,5e28fdf78c1630c4421c530422c3b7d6e003f770,0,28,0.5625,4,117.09528571428571,73.29276642016961,6.740076100237353,0.0,255.0,0.0,0.5625,0.0,0.0,0.1125,0,0,0
test,910,data\processed\exp_001_faces_224\test\910.png,data\raw\kul-computer-vision-ga-1-2026\test\test_910.npy,e3dd4ac9ce7391e5365feb58aacaa5433abe0c92,0,28,0.5625,1,88.49728148148148,82.95694679916376,7.668019323671498,0.0,255.0,0.0,0.5625,0.0,0.0,0.1125,0,0,0
test,929,data\processed\exp_001_faces_224\test\929.png,data\raw\kul-computer-vision-ga-1-2026\test\test_929.npy,8c64f7bf21129f5f7ed226fbb14fabff4af48c52,0,28,0.5625,1,64.4898882611425,44.233275410706256,5.216278950569244,0.0,255.0,0.0,0.5625,0.0,0.0,0.1125,1,1,1
test,957,data\processed\exp_001_faces_224\test\957.png,data\raw\kul-computer-vision-ga-1-2026\test\test_957.npy,84d452049df1ebb09dde070508491d55fcd37309,0,28,0.5625,4,75.65977811973906,73.39346858662708,4.881125129017519,0.0,255.0,0.0,0.5625,0.0,0.0,0.1125,0,0,0
test,991,data\processed\exp_001_faces_224\test\991.png,data\raw\kul-computer-vision-ga-1-2026\test\test_991.npy,c9743a524c4dbe42fc214fecfcaabf361b5cb0cc,0,28,0.5625,1,128.4888987612753,51.8547881154259,7.517746617306617,0.0,255.0,0.0,0.5625,0.0,0.0,0.1125,0,0,0
test,1013,data\processed\exp_001_faces_224\test\1013.png,data\raw\kul-computer-vision-ga-1-2026\test\test_1013.npy,009db178a45408eb0de0d48b9b3cf33dff3dad1f,0,28,0.5625,1,107.4624861111111,102.26390272741146,8.373193299715687,0.0,255.0,0.0,0.5625,0.0,0.0,0.1125,0,0,0
test,1035,data\processed\exp_001_faces_224\test\1035.png,data\raw\kul-computer-vision-ga-1-2026\test\test_1035.npy,af3256ab4891532245d61f89616255e5ad6906fd,0,28,0.5625,1,62.69267333333333,64.37716522432433,5.433386773547095,0.0,253.0,0.0,0.5625,0.0,0.0,0.1125,1,1,1
test,1101,data\processed\exp_001_faces_224\test\1101.png,data\raw\kul-computer-vision-ga-1-2026\test\test_1101.npy,c9bb8bc3ce5eafac64a9148d51253724e76cbf22,0,28,0.5625,1,105.36407214870826,76.18413511745105,6.421943576142212,0.0,255.0,0.0,0.5625,0.0,0.0,0.1125,0,0,0
test,1107,data\processed\exp_001_faces_224\test\1107.png,data\raw\kul-computer-vision-ga-1-2026\test\test_1107.npy,9d639a69b36487d051321cf5f2ddc2b5380f17d2,0,28,0.5625,1,110.367718114241,77.63482000574417,7.513980151194831,0.0,247.0,0.0,0.5625,0.0,0.0,0.1125,2,2,2
test,1146,data\processed\exp_001_faces_224\test\1146.png,data\raw\kul-computer-vision-ga-1-2026\test\test_1146.npy,c196fb4c76ec044098b1d465d9f543e05911c55a,0,28,0.5625,1,134.2909137190924,81.76474615165178,5.710585161287359,0.0,255.0,0.0,0.5625,0.0,0.0,0.1125,0,0,0
test,1223,data\processed\exp_001_faces_224\test\1223.png,data\raw\kul-computer-vision-ga-1-2026\test\test_1223.npy,3a0871f3252b3a9e4a2ea2c1b2c3dea37cbedfa2,0,28,0.5625,2,92.53752642706131,73.6618512961148,7.593866936106616,0.0,255.0,0.0,0.5625,0.0,0.0,0.1125,1,1,1
test,1285,data\processed\exp_001_faces_224\test\1285.png,data\raw\kul-computer-vision-ga-1-2026\test\test_1285.npy,f9253bd93f1e805a94d9897f7c14a441da002182,0,28,0.5625,1,86.70444444444445,59.30878156201128,5.534683430180671,0.0,255.0,0.0,0.5625,0.0,0.0,0.1125,0,0,0
test,1319,data\processed\exp_001_faces_224\test\1319.png,data\raw\kul-computer-vision-ga-1-2026\test\test_1319.npy,8aa9e92f4ba3259cdba44f27aa9fa64fa38e848d,0,28,0.5625,1,76.53972950605947,75.3862396809906,7.37693373420848,0.0,255.0,0.0,0.5625,0.0,0.0,0.1125,0,0,0
test,1392,data\processed\exp_001_faces_224\test\1392.png,data\raw\kul-computer-vision-ga-1-2026\test\test_1392.npy,8a72a3386fda899784c37729a1ba479ba68ff495,0,28,0.5625,1,175.57603682307078,84.39544626929093,5.7762885187956705,0.0,255.0,0.0,0.5625,0.0,0.0,0.1125,1,1,1
test,1407,data\processed\exp_001_faces_224\test\1407.png,data\raw\kul-computer-vision-ga-1-2026\test\test_1407.npy,5d91d4eed253f2c7272eabcc19f28a645120c491,0,28,0.5625,1,134.2593963456284,67.30328911979898,20.163951839451087,0.0,255.0,0.0,0.5625,0.0,0.0,0.1125,0,0,0
test,1437,data\processed\exp_001_faces_224\test\1437.png,data\raw\kul-computer-vision-ga-1-2026\test\test_1437.npy,0cc166dd166428f0b37637b73644a89ff057d128,0,28,0.5625,1,92.51664496527778,63.06279801736094,5.559715864459047,0.0,255.0,0.0,0.5625,0.0,0.0,0.1125,0,0,0
test,1460,data\processed\exp_001_faces_224\test\1460.png,data\raw\kul-computer-vision-ga-1-2026\test\test_1460.npy,f35b036ff41db2fe918dacf645d320a503515566,0,28,0.5625,1,155.58795740531386,83.45354587798647,5.774261734422948,0.0,255.0,0.0,0.5625,0.0,0.0,0.1125,1,1,1
test,1469,data\processed\exp_001_faces_224\test\1469.png,data\raw\kul-computer-vision-ga-1-2026\test\test_1469.npy,4d5ef7643b439b00f0a889641e7c739853a83bf0,0,28,0.5625,2,106.5216524822695,71.82648016024592,10.641170451480487,0.0,255.0,0.0,0.5625,0.0,0.0,0.1125,0,0,0
test,1471,data\processed\exp_001_faces_224\test\1471.png,data\raw\kul-computer-vision-ga-1-2026\test\test_1471.npy,f9a2557beaf6111e5e217bb37b56f0cb5f714ef8,0,28,0.5625,2,136.18140094027638,76.61424115179126,10.40049560851223,0.0,255.0,0.0,0.5625,0.0,0.0,0.1125,0,0,0
test,1485,data\processed\exp_001_faces_224\test\1485.png,data\raw\kul-computer-vision-ga-1-2026\test\test_1485.npy,3cc1f6919227d145e2817bbf4e0a8a8829dfb2dd,0,28,0.5625,2,123.79399259259259,78.03973122606831,9.52288740245262,0.0,255.0,0.0,0.5625,0.0,0.0,0.1125,2,2,2
test,1496,data\processed\exp_001_faces_224\test\1496.png,data\raw\kul-computer-vision-ga-1-2026\test\test_1496.npy,5bba432f7b3a418f00d6de782c70e92a0942547f,0,28,0.5625,1,121.22815498823104,72.2138549567149,8.96168507091971,0.0,255.0,0.0,0.5625,0.0,0.0,0.1125,1,1,1
test,1516,data\processed\exp_001_faces_224\test\1516.png,data\raw\kul-computer-vision-ga-1-2026\test\test_1516.npy,f4e8e4c8714c4b9564d4b3d1cbf2e1f0a49e701f,0,28,0.5625,2,162.006304964539,73.19117827490346,9.125579157021782,0.0,255.0,0.0,0.5625,0.0,0.0,0.1125,0,0,0
test,1550,data\processed\exp_001_faces_224\test\1550.png,data\raw\kul-computer-vision-ga-1-2026\test\test_1550.npy,ca1431017017014238e6e0f64fc3ce8f07fe2536,0,28,0.5625,4,96.65226128472223,76.22611791644835,7.006483339532391,0.0,255.0,0.0,0.5625,0.0,0.0,0.1125,1,1,1
test,1557,data\processed\exp_001_faces_224\test\1557.png,data\raw\kul-computer-vision-ga-1-2026\test\test_1557.npy,baa520174bf1fc374c2cd49d728be6d7e3035e83,0,28,0.5625,1,121.60376350485778,60.655903444373294,5.259930082710446,0.0,255.0,0.0,0.5625,0.0,0.0,0.1125,0,0,0
test,1612,data\processed\exp_001_faces_224\test\1612.png,data\raw\kul-computer-vision-ga-1-2026\test\test_1612.npy,0705d4924c3547873fa7e4cb2e12ccccff528acb,0,28,0.5625,3,116.52165253093523,75.63193958980168,5.670849098237046,0.0,255.0,0.0,0.5625,0.0,0.0,0.1125,0,0,0
test,1627,data\processed\exp_001_faces_224\test\1627.png,data\raw\kul-computer-vision-ga-1-2026\test\test_1627.npy,c4836ca8fafdde327af0e280f884df2161396c8b,0,28,0.5625,1,126.63379464874127,74.68880893712986,8.997203347395274,0.0,255.0,0.0,0.5625,0.0,0.0,0.1125,0,0,0
test,1634,data\processed\exp_001_faces_224\test\1634.png,data\raw\kul-computer-vision-ga-1-2026\test\test_1634.npy,f0df034f1c97bc89291f29b9ea29b3927d7591b3,0,28,0.5625,1,124.94566358024692,77.16589539266049,5.5048847095367535,0.0,255.0,0.0,0.5625,0.0,0.0,0.1125,1,1,1
test,1681,data\processed\exp_001_faces_224\test\1681.png,data\raw\kul-computer-vision-ga-1-2026\test\test_1681.npy,3e77a126c88e654c692fd1110a874a2a978fc10b,0,28,0.5625,1,131.01858488888888,61.52716095750556,5.144020093889009,4.0,255.0,0.0,0.5625,0.0,0.0,0.1125,0,0,0
test,1686,data\processed\exp_001_faces_224\test\1686.png,data\raw\kul-computer-vision-ga-1-2026\test\test_1686.npy,47d9b0aeb512cb44caab90bd9f4a52e16801a460,0,28,0.5625,1,121.76273919753086,70.38795905438994,4.994357766701328,0.0,236.0,0.0,0.5625,0.0,0.0,0.1125,1,1,1
test,1710,data\processed\exp_001_faces_224\test\1710.png,data\raw\kul-computer-vision-ga-1-2026\test\test_1710.npy,98c6bb9adec10e7eb83989fbe4632a1a40694699,0,28,0.5625,1,163.30699980051864,52.366622307843926,6.164351618780506,0.0,255.0,0.0,0.5625,0.0,0.0,0.1125,0,0,0
test,1723,data\processed\exp_001_faces_224\test\1723.png,data\raw\kul-computer-vision-ga-1-2026\test\test_1723.npy,8f5cbb5135530372efeff01001c2cb716e417be5,0,28,0.5625,2,146.74340514448915,82.30263919281961,6.553687801008726,0.0,255.0,0.0,0.5625,0.0,0.0,0.1125,0,0,0
test,1737,data\processed\exp_001_faces_224\test\1737.png,data\raw\kul-computer-vision-ga-1-2026\test\test_1737.npy,85c3dec965f1b9de19d39e791383c748aa8d4c78,0,28,0.5625,2,107.8547,76.72012322663461,7.206952782654907,0.0,255.0,0.0,0.5625,0.0,0.0,0.1125,0,0,0
test,1744,data\processed\exp_001_faces_224\test\1744.png,data\raw\kul-computer-vision-ga-1-2026\test\test_1744.npy,f345cebe7fcfdd82af55f9e92bdea145c22e850b,0,28,0.5625,1,90.70091928251121,67.05177895803311,9.796008648790522,0.0,255.0,0.0,0.5625,0.0,0.0,0.1125,0,0,0
test,1746,data\processed\exp_001_faces_224\test\1746.png,data\raw\kul-computer-vision-ga-1-2026\test\test_1746.npy,160e109140da15a50ddcd8b79fd9fd1d9d36e9a0,0,28,0.5625,1,137.5301821862348,78.82770202095662,5.122790536825624,0.0,255.0,0.0,0.5625,0.0,0.0,0.1125,0,0,0
test,1748,data\processed\exp_001_faces_224\test\1748.png,data\raw\kul-computer-vision-ga-1-2026\test\test_1748.npy,bccc70595a2d4826b5d5af66038ed05df7587879,0,28,0.5625,1,86.15294292401221,71.43530194538734,5.4238879890789065,0.0,255.0,0.0,0.5625,0.0,0.0,0.1125,0,0,0
test,1760,data\processed\exp_001_faces_224\test\1760.png,data\raw\kul-computer-vision-ga-1-2026\test\test_1760.npy,15e7325c2148b74f757940414420d21ed1a9323d,0,28,0.5625,1,186.49316407316408,79.8252162273006,4.688689857750829,0.0,255.0,0.0,0.5625,0.0,0.0,0.1125,0,0,0
test,1775,data\processed\exp_001_faces_224\test\1775.png,data\raw\kul-computer-vision-ga-1-2026\test\test_1775.npy,288085b6755dcd9e5e1a396f9ef5aacb4f8bb698,0,28,0.5625,1,132.02111516922326,84.24407374563175,5.650101320833028,0.0,255.0,0.0,0.5625,0.0,0.0,0.1125,2,2,2
test,1780,data\processed\exp_001_faces_224\test\1780.png,data\raw\kul-computer-vision-ga-1-2026\test\test_1780.npy,c9ad654272b4ee165c6aa83f5d0039f6d786ca38,0,28,0.5625,1,97.76781481481481,85.88755657247678,4.7224119083739495,0.0,255.0,0.0,0.5625,0.0,0.0,0.1125,1,1,1
test,1793,data\processed\exp_001_faces_224\test\1793.png,data\raw\kul-computer-vision-ga-1-2026\test\test_1793.npy,7c8114c2b06051594c962d1989fa3821c5ed1fc7,0,28,0.5625,1,144.0202345800525,65.62638063047707,7.255229446725277,0.0,255.0,0.0,0.5625,0.0,0.0,0.1125,0,0,0
test,1796,data\processed\exp_001_faces_224\test\1796.png,data\raw\kul-computer-vision-ga-1-2026\test\test_1796.npy,311a1bf0a81771b4f9555ed6203819d8f8fbcb8d,0,28,0.5625,1,97.85525641025642,58.2774453368388,7.381184780307588,0.0,255.0,0.0,0.5625,0.0,0.0,0.1125,0,0,0
test,1807,data\processed\exp_001_faces_224\test\1807.png,data\raw\kul-computer-vision-ga-1-2026\test\test_1807.npy,eda2b207c5f856143c21cd4fae21cfad03160f53,0,28,0.5625,1,147.2582643808163,94.70226116542908,5.583147027127103,0.0,255.0,0.0,0.5625,0.0,0.0,0.1125,1,1,1
test,1628,data\processed\exp_001_faces_224\test\1628.png,data\raw\kul-computer-vision-ga-1-2026\test\test_1628.npy,46ec49bd2c6e764c112be256b576009583ca22f6,0,30,0.53125,1,142.39772791791188,89.71406517768482,4.527939298904333,0.0,255.0,0.0,0.53125,0.04057900551091517,0.0,0.11233685082663729,0,0,0
test,50,data\processed\exp_001_faces_224\test\50.png,data\raw\kul-computer-vision-ga-1-2026\test\test_50.npy,604fc3ada5a6fcff01d850dcf8bcb1922e03da22,0,41,0.359375,1,86.01261576862336,66.47047642048719,4.238825805841447,0.0,255.0,0.0,0.359375,0.26810510962308176,0.0,0.11209076644346228,0,0,1
test,1745,data\processed\exp_001_faces_224\test\1745.png,data\raw\kul-computer-vision-ga-1-2026\test\test_1745.npy,371a39fc2ba62f4f2f0912780377781acc2a3ea7,0,38,0.40625,1,146.9859985057103,81.93234404216554,4.319270719428798,0.0,255.0,0.0,0.40625,0.20479669191395544,0.0,0.11196950378709332,1,1,1
test,1806,data\processed\exp_001_faces_224\test\1806.png,data\raw\kul-computer-vision-ga-1-2026\test\test_1806.npy,1ad9d2834ceb813687b9e834211d1911afc0ca50,0,33,0.484375,5,60.99477037037037,42.81804952638043,4.452679022737123,0.0,229.0,0.0,0.484375,0.09980722502195137,0.0,0.1118460837532927,1,1,1
test,903,data\processed\exp_001_faces_224\test\903.png,data\raw\kul-computer-vision-ga-1-2026\test\test_903.npy,deecf1e4885f541403698949220f55a5e9a80605,0,34,0.46875,2,101.73918974179226,91.10043901581906,4.427483081554548,0.0,255.0,0.0,0.46875,0.11963588910807811,0.0,0.11169538336621171,0,0,0
test,1560,data\processed\exp_001_faces_224\test\1560.png,data\raw\kul-computer-vision-ga-1-2026\test\test_1560.npy,556f83a3d1c782be3c3b20b70e6f25b7a6f2ec07,0,42,0.34375,1,76.95781058517157,59.28072422943764,4.219387829771783,0.0,255.0,0.0,0.34375,0.2834023789414467,0.0,0.11126035684121702,1,1,1
test,1373,data\processed\exp_001_faces_224\test\1373.png,data\raw\kul-computer-vision-ga-1-2026\test\test_1373.npy,3b9f3df0f8c4e1725f9a2e024140af0c6aa41f86,0,35,0.453125,1,67.15596618357488,63.54234863998062,4.405984690040868,0.0,250.0,0.0,0.453125,0.1365546610891617,0.0,0.11110819916337426,0,0,0
test,35,data\processed\exp_001_faces_224\test\35.png,data\raw\kul-computer-vision-ga-1-2026\test\test_35.npy,60b3d904a7b6ff63076aa86ed6dc8868fe800870,0,29,0.546875,1,124.8289116376739,94.49282904785449,11.859388523313317,0.0,255.0,0.0,0.546875,0.0,0.0,0.109375,1,1,1
test,60,data\processed\exp_001_faces_224\test\60.png,data\raw\kul-computer-vision-ga-1-2026\test\test_60.npy,31791895983e63fbb1bc9d821ceba64447b09f92,0,29,0.546875,1,103.73388945636137,73.17174915674508,6.812247663583502,0.0,255.0,0.0,0.546875,0.0,0.0,0.109375,2,2,2
test,77,data\processed\exp_001_faces_224\test\77.png,data\raw\kul-computer-vision-ga-1-2026\test\test_77.npy,bdb82399f67d38e5e817f564a9e1c7c203570333,0,29,0.546875,1,106.53830348271947,54.056623262659,4.622121929242571,0.0,255.0,0.0,0.546875,0.0,0.0,0.109375,2,2,2
test,121,data\processed\exp_001_faces_224\test\121.png,data\raw\kul-computer-vision-ga-1-2026\test\test_121.npy,7c01ec8e8ac06681e22acfae0152f0746731a05a,0,29,0.546875,1,83.43905447210979,76.47120570308199,7.867327395763798,0.0,255.0,0.0,0.546875,0.0,0.0,0.109375,0,0,0
test,158,data\processed\exp_001_faces_224\test\158.png,data\raw\kul-computer-vision-ga-1-2026\test\test_158.npy,9b654eaa18ecde70bb9fc6fca1ec157fe8fa4de1,0,29,0.546875,1,121.47983333333333,89.6765380686176,5.546460657165001,0.0,255.0,0.0,0.546875,0.0,0.0,0.109375,0,0,0
test,194,data\processed\exp_001_faces_224\test\194.png,data\raw\kul-computer-vision-ga-1-2026\test\test_194.npy,e06e853651abe63ee54fcd764fb6947aad9238c3,0,29,0.546875,3,79.76148329702251,49.764381551715395,4.8176901719503995,0.0,255.0,0.0,0.546875,0.0,0.0,0.109375,0,0,0
test,198,data\processed\exp_001_faces_224\test\198.png,data\raw\kul-computer-vision-ga-1-2026\test\test_198.npy,0844ff4f6802681b7fe2beede657cdb4728b1af7,0,29,0.546875,2,151.37421111111112,92.70047136865188,8.350048309178742,0.0,255.0,0.0,0.546875,0.0,0.0,0.109375,0,0,0
test,205,data\processed\exp_001_faces_224\test\205.png,data\raw\kul-computer-vision-ga-1-2026\test\test_205.npy,0844ff4f6802681b7fe2beede657cdb4728b1af7,0,29,0.546875,2,151.37421111111112,92.70047136865188,8.350048309178742,0.0,255.0,0.0,0.546875,0.0,0.0,0.109375,0,0,0
test,212,data\processed\exp_001_faces_224\test\212.png,data\raw\kul-computer-vision-ga-1-2026\test\test_212.npy,14a8d7174136a5f5b8c031118e5b826f9ab15a7c,0,29,0.546875,1,150.51316256801488,51.74069019575939,6.487899889110457,0.0,255.0,0.0,0.546875,0.0,0.0,0.109375,0,0,0
test,249,data\processed\exp_001_faces_224\test\249.png,data\raw\kul-computer-vision-ga-1-2026\test\test_249.npy,e4368dec6c794443dbc86feff84f8460456bcf5c,0,29,0.546875,1,159.63502232142858,73.1490123858165,5.491288333759263,0.0,255.0,0.0,0.546875,0.0,0.0,0.109375,0,0,0
test,273,data\processed\exp_001_faces_224\test\273.png,data\raw\kul-computer-vision-ga-1-2026\test\test_273.npy,b4e0d5babcd3e8416c15e50753ad3e2c92b74e99,0,29,0.546875,1,42.86391851851852,52.333525905314744,7.042808968785728,0.0,255.0,0.0,0.546875,0.0,0.0,0.109375,0,0,0
test,279,data\processed\exp_001_faces_224\test\279.png,data\raw\kul-computer-vision-ga-1-2026\test\test_279.npy,173ffee9f0c176a53dcac259d212d3023f3fbf23,0,29,0.546875,1,173.74853877314814,67.19949681356817,7.190838080691793,1.0,255.0,0.0,0.546875,0.0,0.0,0.109375,0,0,0
test,318,data\processed\exp_001_faces_224\test\318.png,data\raw\kul-computer-vision-ga-1-2026\test\test_318.npy,594e3538b82b662f16c2b55e68bc7b09887dccef,0,29,0.546875,2,82.8766546733829,65.69935137836949,7.693240784040942,0.0,255.0,0.0,0.546875,0.0,0.0,0.109375,2,2,2
test,329,data\processed\exp_001_faces_224\test\329.png,data\raw\kul-computer-vision-ga-1-2026\test\test_329.npy,2fcd121d9c88cada4a0c3fdfc1d940a214af0e9f,0,29,0.546875,1,108.81069722222222,69.1197518040851,6.097569296010372,0.0,255.0,0.0,0.546875,0.0,0.0,0.109375,1,1,1
test,420,data\processed\exp_001_faces_224\test\420.png,data\raw\kul-computer-vision-ga-1-2026\test\test_420.npy,efd512bbf40412a4071da159c197d647bb49ff2c,0,29,0.546875,1,115.59525768321512,93.96613483438458,6.799966795500023,0.0,255.0,0.0,0.546875,0.0,0.0,0.109375,0,0,0
test,459,data\processed\exp_001_faces_224\test\459.png,data\raw\kul-computer-vision-ga-1-2026\test\test_459.npy,22ebc6e81035fae32c4c7148da73288f9b3d383d,0,29,0.546875,1,107.01917131816231,61.16320158781914,7.340841248155284,0.0,255.0,0.0,0.546875,0.0,0.0,0.109375,2,2,2
test,481,data\processed\exp_001_faces_224\test\481.png,data\raw\kul-computer-vision-ga-1-2026\test\test_481.npy,b337376640721641bba23316a09d7b7d957d111c,0,29,0.546875,1,133.59679675273864,62.77402425054293,8.058285131615138,0.0,254.0,0.0,0.546875,0.0,0.0,0.109375,1,1,1
test,482,data\processed\exp_001_faces_224\test\482.png,data\raw\kul-computer-vision-ga-1-2026\test\test_482.npy,b0f13ef868ed51ab8e0f46ad164683ecab618fe5,0,29,0.546875,1,66.72482796630186,66.1784333123184,14.02101187029865,0.0,255.0,0.0,0.546875,0.0,0.0,0.109375,2,2,2
test,501,data\processed\exp_001_faces_224\test\501.png,data\raw\kul-computer-vision-ga-1-2026\test\test_501.npy,9a339c084089e978a7ae7e0f95b22a829034f9ed,0,29,0.546875,2,148.42023313492064,90.26457284812011,4.78641340429475,0.0,255.0,0.0,0.546875,0.0,0.0,0.109375,1,1,1
test,515,data\processed\exp_001_faces_224\test\515.png,data\raw\kul-computer-vision-ga-1-2026\test\test_515.npy,ae4a39d84f318741c6519f3b7197890fc9106b43,0,29,0.546875,1,86.65539965986395,56.353462865791336,5.257589982900997,0.0,219.0,0.0,0.546875,0.0,0.0,0.109375,1,1,1
test,560,data\processed\exp_001_faces_224\test\560.png,data\raw\kul-computer-vision-ga-1-2026\test\test_560.npy,8b5fe6e92a56cbc12f0a853f2ae08ec737e73d90,0,29,0.546875,3,79.30657407407408,66.33699024437861,7.124911417548011,0.0,255.0,0.0,0.546875,0.0,0.0,0.109375,1,1,1
test,573,data\processed\exp_001_faces_224\test\573.png,data\raw\kul-computer-vision-ga-1-2026\test\test_573.npy,138de7874708a413227d4a616857c8ff46da0f18,0,29,0.546875,1,100.26817194963091,85.17759509848231,6.6726751394479376,0.0,255.0,0.0,0.546875,0.0,0.0,0.109375,2,2,2
test,584,data\processed\exp_001_faces_224\test\584.png,data\raw\kul-computer-vision-ga-1-2026\test\test_584.npy,b3f22956aa22a7bcb5ce294e9b5d58a098adb2d2,0,29,0.546875,1,172.78778002699056,79.99414580763252,5.7558471619875125,0.0,255.0,0.0,0.546875,0.0,0.0,0.109375,0,0,0
test,595,data\processed\exp_001_faces_224\test\595.png,data\raw\kul-computer-vision-ga-1-2026\test\test_595.npy,29bdb131452a4f394fd2647b4c1849ddac0c7da1,0,29,0.546875,1,131.4771080907991,94.34234403470394,6.6387944361809055,0.0,255.0,0.0,0.546875,0.0,0.0,0.109375,1,1,1
test,624,data\processed\exp_001_faces_224\test\624.png,data\raw\kul-computer-vision-ga-1-2026\test\test_624.npy,b54089fffc1ba37cc41e3b14ea308796c13c745b,0,29,0.546875,1,117.87572790591459,71.97774339019072,5.7792100006452,0.0,255.0,0.0,0.546875,0.0,0.0,0.109375,2,2,2
test,694,data\processed\exp_001_faces_224\test\694.png,data\raw\kul-computer-vision-ga-1-2026\test\test_694.npy,f64ca1ba0961451f14710c9dc065315840afe921,0,29,0.546875,1,165.08665679012347,92.72721627844155,6.533292790894693,0.0,255.0,0.0,0.546875,0.0,0.0,0.109375,1,1,1
test,730,data\processed\exp_001_faces_224\test\730.png,data\raw\kul-computer-vision-ga-1-2026\test\test_730.npy,a96acc32e9650dc3ff3c6667b96d8d62beb3febe,0,29,0.546875,1,151.0965925925926,76.2381508671927,5.428979933110368,0.0,255.0,0.0,0.546875,0.0,0.0,0.109375,1,1,1
test,767,data\processed\exp_001_faces_224\test\767.png,data\raw\kul-computer-vision-ga-1-2026\test\test_767.npy,a8f4499491bf8af22bad4fad02303c98e8c3259d,0,29,0.546875,2,56.908731707317074,55.28994229404873,10.78645956197775,0.0,255.0,0.0,0.546875,0.0,0.0,0.109375,0,0,0
test,776,data\processed\exp_001_faces_224\test\776.png,data\raw\kul-computer-vision-ga-1-2026\test\test_776.npy,9036857d87a2fc7dc71046d8d0cb689630d36ef4,0,29,0.546875,1,97.55501872659175,79.38675871851119,5.946283279022184,0.0,252.0,0.0,0.546875,0.0,0.0,0.109375,0,0,0
test,837,data\processed\exp_001_faces_224\test\837.png,data\raw\kul-computer-vision-ga-1-2026\test\test_837.npy,c22493ccf0954a42ac87d354cb3759798aa23013,0,29,0.546875,2,118.20752222222222,85.62435066685106,10.084043106651801,0.0,255.0,0.0,0.546875,0.0,0.0,0.109375,2,2,2
test,855,data\processed\exp_001_faces_224\test\855.png,data\raw\kul-computer-vision-ga-1-2026\test\test_855.npy,21405b849714314bf2c84e909673a371fc11d95a,0,29,0.546875,1,80.44086805555555,62.79381161039116,4.670608547362109,0.0,255.0,0.0,0.546875,0.0,0.0,0.109375,1,1,1
test,930,data\processed\exp_001_faces_224\test\930.png,data\raw\kul-computer-vision-ga-1-2026\test\test_930.npy,bdddd7bcdee22bb16ffd9c73ee22f590f2546eca,0,29,0.546875,1,41.41475564682815,47.90560116346587,6.997682240223821,0.0,255.0,0.0,0.546875,0.0,0.0,0.109375,0,0,0
test,1019,data\processed\exp_001_faces_224\test\1019.png,data\raw\kul-computer-vision-ga-1-2026\test\test_1019.npy,c519103900dc92381a6ad18af875eb0d10ef59f9,0,29,0.546875,1,109.83580088336038,68.44822513833678,7.34502480394151,0.0,255.0,0.0,0.546875,0.0,0.0,0.109375,1,1,1
test,1079,data\processed\exp_001_faces_224\test\1079.png,data\raw\kul-computer-vision-ga-1-2026\test\test_1079.npy,d7a30b7d0156fe84d18eabb7a664c2929effecc6,0,29,0.546875,3,90.323973727422,82.8416305018302,9.068410809915855,0.0,255.0,0.0,0.546875,0.0,0.0,0.109375,0,0,0
test,1093,data\processed\exp_001_faces_224\test\1093.png,data\raw\kul-computer-vision-ga-1-2026\test\test_1093.npy,bbdde5df879e50a0767bab5bca682cae5440f626,0,29,0.546875,1,76.00384351994522,66.20283077705636,5.898968103059341,0.0,255.0,0.0,0.546875,0.0,0.0,0.109375,0,0,0
test,1097,data\processed\exp_001_faces_224\test\1097.png,data\raw\kul-computer-vision-ga-1-2026\test\test_1097.npy,761191ea16622fd4fc654b33041aaacae13b8c42,0,29,0.546875,4,51.831399491094146,54.46929460516657,7.137030045500695,0.0,255.0,0.0,0.546875,0.0,0.0,0.109375,0,0,1
test,1125,data\processed\exp_001_faces_224\test\1125.png,data\raw\kul-computer-vision-ga-1-2026\test\test_1125.npy,cd205a6b297b03f1b58bc4a8288fd5671f308f5b,0,29,0.546875,1,122.97643178893179,71.4723868334797,6.099262563246433,0.0,255.0,0.0,0.546875,0.0,0.0,0.109375,2,2,2
test,1152,data\processed\exp_001_faces_224\test\1152.png,data\raw\kul-computer-vision-ga-1-2026\test\test_1152.npy,60738fcdf9ac01891fe814d5aba138c4724e7e56,0,29,0.546875,1,107.53668901202516,88.62475351020503,5.142369861779352,0.0,255.0,0.0,0.546875,0.0,0.0,0.109375,1,1,1
test,1224,data\processed\exp_001_faces_224\test\1224.png,data\raw\kul-computer-vision-ga-1-2026\test\test_1224.npy,63a18de25bf916240396249b25d19c19ed9b3421,0,29,0.546875,1,179.30331868131867,64.41268757102038,5.23721928822499,0.0,255.0,0.0,0.546875,0.0,0.0,0.109375,0,0,0
test,1343,data\processed\exp_001_faces_224\test\1343.png,data\raw\kul-computer-vision-ga-1-2026\test\test_1343.npy,e718bbfe8d2b241606787d360692f032563a7547,0,29,0.546875,7,99.2896420436597,84.09831986911574,8.157863653742643,0.0,255.0,0.0,0.546875,0.0,0.0,0.109375,0,0,0
test,1358,data\processed\exp_001_faces_224\test\1358.png,data\raw\kul-computer-vision-ga-1-2026\test\test_1358.npy,3c4b2ed4ba7108761919dd26eeb349962955a5b9,0,29,0.546875,1,120.9170775947467,80.48624564658763,5.929820268198789,0.0,255.0,0.0,0.546875,0.0,0.0,0.109375,0,0,0
test,1425,data\processed\exp_001_faces_224\test\1425.png,data\raw\kul-computer-vision-ga-1-2026\test\test_1425.npy,1be7a5ca43007debf2417bca9814b1777e65aec2,0,29,0.546875,1,133.47460965521765,89.62147320030469,7.5493548880913925,0.0,255.0,0.0,0.546875,0.0,0.0,0.109375,1,1,1
test,1444,data\processed\exp_001_faces_224\test\1444.png,data\raw\kul-computer-vision-ga-1-2026\test\test_1444.npy,3581e339155f91d97850f0eb06ec4c139ebf84d2,0,29,0.546875,1,147.3857036139325,57.868346462563665,4.816764536185429,0.0,255.0,0.0,0.546875,0.0,0.0,0.109375,0,0,0
test,1462,data\processed\exp_001_faces_224\test\1462.png,data\raw\kul-computer-vision-ga-1-2026\test\test_1462.npy,0dc6a82ddbc8b3c3ac4e832f8d308c4c24875f4c,0,29,0.546875,1,66.54928541666666,72.35777377113237,5.65938700918964,0.0,255.0,0.0,0.546875,0.0,0.0,0.109375,0,0,0
test,1491,data\processed\exp_001_faces_224\test\1491.png,data\raw\kul-computer-vision-ga-1-2026\test\test_1491.npy,f791105b42d326e4de0fe0c38ad93f70e5c4cb76,0,29,0.546875,1,137.75153360768175,90.78099873991225,5.321125625599844,0.0,255.0,0.0,0.546875,0.0,0.0,0.109375,2,2,2
test,1495,data\processed\exp_001_faces_224\test\1495.png,data\raw\kul-computer-vision-ga-1-2026\test\test_1495.npy,8913f4c7ee1e7cb3d6becd9732053e0b30a248b4,0,29,0.546875,1,86.34267779164067,80.20846258476794,5.811193245829327,0.0,255.0,0.0,0.546875,0.0,0.0,0.109375,0,0,0
test,1497,data\processed\exp_001_faces_224\test\1497.png,data\raw\kul-computer-vision-ga-1-2026\test\test_1497.npy,0d28a9ae5338d5f0bec766d22337f3ebbe6fca03,0,29,0.546875,3,109.0540034491254,70.11301400806336,5.3606460305440855,0.0,255.0,0.0,0.546875,0.0,0.0,0.109375,0,0,0
test,1500,data\processed\exp_001_faces_224\test\1500.png,data\raw\kul-computer-vision-ga-1-2026\test\test_1500.npy,084d20b22c97c04c90fb3f564d08e16641643a88,0,29,0.546875,3,119.26403333333333,88.35343767710373,12.580899293942771,0.0,255.0,0.0,0.546875,0.0,0.0,0.109375,0,0,0
test,1505,data\processed\exp_001_faces_224\test\1505.png,data\raw\kul-computer-vision-ga-1-2026\test\test_1505.npy,eb2897f1d5b11dbed428324e2014c3b486b46be3,0,29,0.546875,3,82.38072916666667,75.61605911442419,15.186211207169809,0.0,255.0,0.0,0.546875,0.0,0.0,0.109375,1,1,1
test,1520,data\processed\exp_001_faces_224\test\1520.png,data\raw\kul-computer-vision-ga-1-2026\test\test_1520.npy,2da6eb343f0d10fe1a33928515443e8deb266362,0,29,0.546875,1,103.67771535580525,73.26010464136222,6.800027277917074,0.0,255.0,0.0,0.546875,0.0,0.0,0.109375,2,2,2
test,1521,data\processed\exp_001_faces_224\test\1521.png,data\raw\kul-computer-vision-ga-1-2026\test\test_1521.npy,7c5ca30d7d455fcca5198cee18d36f853a3f8483,0,29,0.546875,2,93.168375,79.11395599508792,4.753215051052784,0.0,255.0,0.0,0.546875,0.0,0.0,0.109375,0,0,0
test,1547,data\processed\exp_001_faces_224\test\1547.png,data\raw\kul-computer-vision-ga-1-2026\test\test_1547.npy,b1298d1b76b4591a6f097dadd4125551084d91f0,0,29,0.546875,1,45.79562291976258,50.350909336059985,7.371727155115999,0.0,255.0,0.0,0.546875,0.0,0.0,0.109375,0,0,0
test,1549,data\processed\exp_001_faces_224\test\1549.png,data\raw\kul-computer-vision-ga-1-2026\test\test_1549.npy,1be72a6d785075df561cbb9f0681ef2ba6f728cd,0,29,0.546875,2,95.96249532360643,77.8021576512342,5.3614338304814755,0.0,255.0,0.0,0.546875,0.0,0.0,0.109375,2,2,2
test,1579,data\processed\exp_001_faces_224\test\1579.png,data\raw\kul-computer-vision-ga-1-2026\test\test_1579.npy,e2234b643df54a959862c0337598944804c288d0,0,29,0.546875,1,57.18422743055555,70.54967481008957,7.5377850928488455,0.0,255.0,0.0,0.546875,0.0,0.0,0.109375,2,2,2
test,1600,data\processed\exp_001_faces_224\test\1600.png,data\raw\kul-computer-vision-ga-1-2026\test\test_1600.npy,6dcf04f4bbfb29ee26d3f6b21816b1297ee7ffb3,0,29,0.546875,2,135.64581699346405,93.37195459644406,9.306746661829902,0.0,255.0,0.0,0.546875,0.0,0.0,0.109375,0,0,0
test,1610,data\processed\exp_001_faces_224\test\1610.png,data\raw\kul-computer-vision-ga-1-2026\test\test_1610.npy,c552eebad6e2f7138304ad70e5b9daa3820c8d40,0,29,0.546875,1,74.54858429653756,61.00087653956446,4.807612485713077,0.0,255.0,0.0,0.546875,0.0,0.0,0.109375,0,0,0
test,1678,data\processed\exp_001_faces_224\test\1678.png,data\raw\kul-computer-vision-ga-1-2026\test\test_1678.npy,308857b161a51499be7abe960934db028fa1aff4,0,29,0.546875,1,91.67260147552406,74.45270059821016,4.625613717481537,0.0,255.0,0.0,0.546875,0.0,0.0,0.109375,2,2,2
test,1688,data\processed\exp_001_faces_224\test\1688.png,data\raw\kul-computer-vision-ga-1-2026\test\test_1688.npy,17467b3148b8b30914d2ec03b72eb492757fd427,0,29,0.546875,1,132.09574141709277,93.13137676991306,6.772354061378451,0.0,255.0,0.0,0.546875,0.0,0.0,0.109375,2,2,2
test,1764,data\processed\exp_001_faces_224\test\1764.png,data\raw\kul-computer-vision-ga-1-2026\test\test_1764.npy,2aba305c587a3b0e99fc7fd8f830393822adc557,0,29,0.546875,1,130.2331626514452,69.41233447745874,4.913529227022893,0.0,253.0,0.0,0.546875,0.0,0.0,0.109375,0,0,0
test,737,data\processed\exp_001_faces_224\test\737.png,data\raw\kul-computer-vision-ga-1-2026\test\test_737.npy,4fa4807b7a74a42f7fb9cbc9c9397af92e6fbcc6,0,34,0.46875,1,106.365625,83.72489351058843,4.448939054948781,0.0,255.0,0.0,0.46875,0.10275049927515761,0.0,0.10916257489127364,1,1,1
test,688,data\processed\exp_001_faces_224\test\688.png,data\raw\kul-computer-vision-ga-1-2026\test\test_688.npy,7265907e96a915fb8fba053d10478582ce967490,0,31,0.515625,1,143.76417565947241,102.47331360597649,4.532124435165908,0.0,255.0,0.0,0.515625,0.03728539323883903,0.0,0.10871780898582586,0,0,1
test,1588,data\processed\exp_001_faces_224\test\1588.png,data\raw\kul-computer-vision-ga-1-2026\test\test_1588.npy,571f9c0c97ab582359c2c592c1b85747ee33e854,0,30,0.53125,1,130.10322572126495,60.78664399109363,4.563129362794951,0.0,255.0,0.0,0.53125,0.012885181692221826,0.0,0.10818277725383328,0,0,0
test,28,data\processed\exp_001_faces_224\test\28.png,data\raw\kul-computer-vision-ga-1-2026\test\test_28.npy,110e4508c09fc3f146e5aec2b0c655a71c79463b,0,30,0.53125,1,95.43430584216892,62.00842023827805,9.271004027498497,0.0,255.0,0.0,0.53125,0.0,0.0,0.10625000000000001,0,0,0
test,148,data\processed\exp_001_faces_224\test\148.png,data\raw\kul-computer-vision-ga-1-2026\test\test_148.npy,2efbc762a634d813a62e43588c6938a2820125cd,0,30,0.53125,2,50.68767037037037,63.82098919096732,7.020771088814568,0.0,255.0,0.0,0.53125,0.0,0.0,0.10625000000000001,1,1,1
test,153,data\processed\exp_001_faces_224\test\153.png,data\raw\kul-computer-vision-ga-1-2026\test\test_153.npy,289a828edd6d96eb48b0a99e6352b5a3be6dc17f,0,30,0.53125,1,133.22343160377358,77.06913718310737,7.5162403493190695,2.0,255.0,0.0,0.53125,0.0,0.0,0.10625000000000001,0,0,0
test,185,data\processed\exp_001_faces_224\test\185.png,data\raw\kul-computer-vision-ga-1-2026\test\test_185.npy,fc5e3129283c3fb6449876807e6a7a40f4b7c1d2,0,30,0.53125,1,86.32832634124969,55.79743303943803,6.173336902148764,0.0,255.0,0.0,0.53125,0.0,0.0,0.10625000000000001,0,0,0
test,201,data\processed\exp_001_faces_224\test\201.png,data\raw\kul-computer-vision-ga-1-2026\test\test_201.npy,2efbc762a634d813a62e43588c6938a2820125cd,0,30,0.53125,2,50.68767037037037,63.82098919096732,7.020771088814568,0.0,255.0,0.0,0.53125,0.0,0.0,0.10625000000000001,1,1,1
test,234,data\processed\exp_001_faces_224\test\234.png,data\raw\kul-computer-vision-ga-1-2026\test\test_234.npy,420b507567d196d4057baf0559e999b04196a639,0,30,0.53125,1,204.0402361111111,60.29864320796969,4.907380151419053,0.0,255.0,0.0,0.53125,0.0,0.0,0.10625000000000001,0,0,0
test,241,data\processed\exp_001_faces_224\test\241.png,data\raw\kul-computer-vision-ga-1-2026\test\test_241.npy,251714e28c532c3a76c7f9433406071cb60b8d35,0,30,0.53125,1,112.79122641743872,75.35051147230847,5.788521976152758,0.0,255.0,0.0,0.53125,0.0,0.0,0.10625000000000001,1,1,1
test,292,data\processed\exp_001_faces_224\test\292.png,data\raw\kul-computer-vision-ga-1-2026\test\test_292.npy,7513ba255b3074b9a8454d0328fde59e47da7ad7,0,30,0.53125,1,91.7784925925926,93.77010980972413,19.94957264957265,0.0,255.0,0.0,0.53125,0.0,0.0,0.10625000000000001,0,0,0
test,295,data\processed\exp_001_faces_224\test\295.png,data\raw\kul-computer-vision-ga-1-2026\test\test_295.npy,d84bb8bcbd0b9ac2232ba4f3606b82242770c411,0,30,0.53125,1,122.71808649086874,75.35286023472077,23.662546498590494,0.0,255.0,0.0,0.53125,0.0,0.0,0.10625000000000001,0,0,0
test,324,data\processed\exp_001_faces_224\test\324.png,data\raw\kul-computer-vision-ga-1-2026\test\test_324.npy,67cbc9c5896e5aa4a18ea1675950027753546b23,0,30,0.53125,2,183.12377520661158,55.51460511997363,5.755856377987525,0.0,255.0,0.0,0.53125,0.0,0.0,0.10625000000000001,0,0,0
test,366,data\processed\exp_001_faces_224\test\366.png,data\raw\kul-computer-vision-ga-1-2026\test\test_366.npy,b1c360749d4ed4630a9e67898a4b16aa09b81a56,0,30,0.53125,1,140.77511773508505,70.53765845130394,5.128736119550673,0.0,255.0,0.0,0.53125,0.0,0.0,0.10625000000000001,0,0,0
test,368,data\processed\exp_001_faces_224\test\368.png,data\raw\kul-computer-vision-ga-1-2026\test\test_368.npy,e4e54f199910a40079ae1869620476f60659db0d,0,30,0.53125,5,71.59047960069445,70.0871585614133,6.879431318485045,0.0,255.0,0.0,0.53125,0.0,0.0,0.10625000000000001,1,1,1
test,423,data\processed\exp_001_faces_224\test\423.png,data\raw\kul-computer-vision-ga-1-2026\test\test_423.npy,199ac8d3dd86fe659f2deaa4bf19d6a0ad108e5a,0,30,0.53125,1,123.8288466239286,83.46089571331915,5.094831649620226,0.0,255.0,0.0,0.53125,0.0,0.0,0.10625000000000001,2,2,2
test,439,data\processed\exp_001_faces_224\test\439.png,data\raw\kul-computer-vision-ga-1-2026\test\test_439.npy,07090512c51664326a62a4fa0bc8a4af7d5d90e8,0,30,0.53125,1,136.244345657277,83.12946347937526,9.760397907717834,0.0,255.0,0.0,0.53125,0.0,0.0,0.10625000000000001,0,0,0
test,447,data\processed\exp_001_faces_224\test\447.png,data\raw\kul-computer-vision-ga-1-2026\test\test_447.npy,31ad705f25857cfdb59a438e9839a2164b873a68,0,30,0.53125,1,143.9917322530864,60.47598114185735,7.728287095850995,0.0,255.0,0.0,0.53125,0.0,0.0,0.10625000000000001,0,0,0
test,514,data\processed\exp_001_faces_224\test\514.png,data\raw\kul-computer-vision-ga-1-2026\test\test_514.npy,4cbf8a96c2c90b1f77f4fb9185d7584684184f24,0,30,0.53125,1,86.88015,56.74638698611129,6.848004327755472,0.0,255.0,0.0,0.53125,0.0,0.0,0.10625000000000001,0,0,0
test,516,data\processed\exp_001_faces_224\test\516.png,data\raw\kul-computer-vision-ga-1-2026\test\test_516.npy,b6c9d981f43bf6caace96e26a3f9af5c15cfc803,0,30,0.53125,1,156.02521629559075,65.45173427430382,5.8241858156898685,0.0,255.0,0.0,0.53125,0.0,0.0,0.10625000000000001,0,0,0
test,526,data\processed\exp_001_faces_224\test\526.png,data\raw\kul-computer-vision-ga-1-2026\test\test_526.npy,18bd42e5ed71b5b2b260906ffc400f12d4716307,0,30,0.53125,2,126.5897962962963,98.30005348118051,9.832324414715718,0.0,255.0,0.0,0.53125,0.0,0.0,0.10625000000000001,0,0,0
test,532,data\processed\exp_001_faces_224\test\532.png,data\raw\kul-computer-vision-ga-1-2026\test\test_532.npy,b775aee0fbec44815e3afe4a34f9588511c0a8a2,0,30,0.53125,1,125.01167290886391,74.94838994853745,5.234200414034461,0.0,255.0,0.0,0.53125,0.0,0.0,0.10625000000000001,1,1,1
test,540,data\processed\exp_001_faces_224\test\540.png,data\raw\kul-computer-vision-ga-1-2026\test\test_540.npy,2f9e42d45245e5e1d751e01fbccafa1868213114,0,30,0.53125,1,117.24979938271605,61.60795415684448,6.07548402537396,0.0,251.0,0.0,0.53125,0.0,0.0,0.10625000000000001,1,1,1
test,561,data\processed\exp_001_faces_224\test\561.png,data\raw\kul-computer-vision-ga-1-2026\test\test_561.npy,f002e7cd0a7f79696fced78474735f5ad0369154,0,30,0.53125,3,141.97050381547,82.61013758661458,8.02072069864887,0.0,255.0,0.0,0.53125,0.0,0.0,0.10625000000000001,0,0,0
test,571,data\processed\exp_001_faces_224\test\571.png,data\raw\kul-computer-vision-ga-1-2026\test\test_571.npy,2d46f30cd82058d8bbc6bd62c7e57d7848adac68,0,30,0.53125,2,154.00691840277779,78.2292216758591,9.248023177416934,0.0,255.0,0.0,0.53125,0.0,0.0,0.10625000000000001,0,0,0
test,582,data\processed\exp_001_faces_224\test\582.png,data\raw\kul-computer-vision-ga-1-2026\test\test_582.npy,69fcea460338b6b71944ca9011dd6bb4c4efdee1,0,30,0.53125,3,94.91808029878618,84.55317966299869,8.087330503860933,0.0,255.0,0.0,0.53125,0.0,0.0,0.10625000000000001,0,0,0
test,591,data\processed\exp_001_faces_224\test\591.png,data\raw\kul-computer-vision-ga-1-2026\test\test_591.npy,1307eee4d58e770697d695aa0fea4f1faf978e08,0,30,0.53125,2,89.37682592592593,67.12433796072773,8.624093273875882,0.0,255.0,0.0,0.53125,0.0,0.0,0.10625000000000001,1,1,1
test,684,data\processed\exp_001_faces_224\test\684.png,data\raw\kul-computer-vision-ga-1-2026\test\test_684.npy,2efbc762a634d813a62e43588c6938a2820125cd,0,30,0.53125,2,50.68767037037037,63.82098919096732,7.020771088814568,0.0,255.0,0.0,0.53125,0.0,0.0,0.10625000000000001,1,1,1
test,704,data\processed\exp_001_faces_224\test\704.png,data\raw\kul-computer-vision-ga-1-2026\test\test_704.npy,cc349353644a97040f74efdaa4ca14f481240d58,0,30,0.53125,1,131.1124065987385,65.13172123098734,5.862931826789236,3.0,255.0,0.0,0.53125,0.0,0.0,0.10625000000000001,1,1,1
test,760,data\processed\exp_001_faces_224\test\760.png,data\raw\kul-computer-vision-ga-1-2026\test\test_760.npy,d883d622dcaa993747174454851ad67b996ea8ed,0,30,0.53125,3,98.1347084855505,60.88873111660012,8.063654146833606,0.0,255.0,0.0,0.53125,0.0,0.0,0.10625000000000001,0,0,0
test,766,data\processed\exp_001_faces_224\test\766.png,data\raw\kul-computer-vision-ga-1-2026\test\test_766.npy,ef2fb18baee9bd4fa729058231aebc59dc7fe4aa,0,30,0.53125,3,80.099404171302,71.62994710548504,8.61388055283918,0.0,255.0,0.0,0.53125,0.0,0.0,0.10625000000000001,0,0,0
test,793,data\processed\exp_001_faces_224\test\793.png,data\raw\kul-computer-vision-ga-1-2026\test\test_793.npy,5ad7a78857bdefa4149f95a0ef61efc52ac92803,0,30,0.53125,1,141.68649088541667,79.53505745505451,11.885947583758863,0.0,255.0,0.0,0.53125,0.0,0.0,0.10625000000000001,0,0,0
test,840,data\processed\exp_001_faces_224\test\840.png,data\raw\kul-computer-vision-ga-1-2026\test\test_840.npy,c96801e028a8276048a8274af45897fb6e304557,0,30,0.53125,2,136.57358518518518,84.15326295932917,7.725722779635823,0.0,255.0,0.0,0.53125,0.0,0.0,0.10625000000000001,0,0,0
test,854,data\processed\exp_001_faces_224\test\854.png,data\raw\kul-computer-vision-ga-1-2026\test\test_854.npy,c14d43457e58bc90c95015324b39b2c8b8304c15,0,30,0.53125,2,144.19081975308643,78.45148281404924,5.392928055736988,0.0,255.0,0.0,0.53125,0.0,0.0,0.10625000000000001,2,2,2
test,913,data\processed\exp_001_faces_224\test\913.png,data\raw\kul-computer-vision-ga-1-2026\test\test_913.npy,f8cd97e7560fc3af54f2de6d1a77742fa2dca167,0,30,0.53125,1,90.41592335145559,57.52304427334762,8.037864807159327,0.0,255.0,0.0,0.53125,0.0,0.0,0.10625000000000001,0,0,0
test,932,data\processed\exp_001_faces_224\test\932.png,data\raw\kul-computer-vision-ga-1-2026\test\test_932.npy,5ab5d719190f7dd7399acd7e08a375f0719f7f89,0,30,0.53125,3,60.04591869918699,44.96114632579457,7.860965701070652,0.0,255.0,0.0,0.53125,0.0,0.0,0.10625000000000001,0,0,1
test,968,data\processed\exp_001_faces_224\test\968.png,data\raw\kul-computer-vision-ga-1-2026\test\test_968.npy,13b3c4f86b87e39c9bd4ed7a944f993170dbb3fd,0,30,0.53125,2,129.5275581289891,63.588172434553954,7.223410121618295,0.0,255.0,0.0,0.53125,0.0,0.0,0.10625000000000001,0,0,0
test,969,data\processed\exp_001_faces_224\test\969.png,data\raw\kul-computer-vision-ga-1-2026\test\test_969.npy,d17ab3540db5bd2c660044beb701f72eb25e2caa,0,30,0.53125,1,162.31011498493513,94.49634805763546,5.123981457320811,0.0,255.0,0.0,0.53125,0.0,0.0,0.10625000000000001,1,1,1
test,975,data\processed\exp_001_faces_224\test\975.png,data\raw\kul-computer-vision-ga-1-2026\test\test_975.npy,d328925836dcd4b0467902953c30cae3f0a05295,0,30,0.53125,2,149.69739719808166,79.20874031607555,5.503485680069685,0.0,255.0,0.0,0.53125,0.0,0.0,0.10625000000000001,1,1,1
test,999,data\processed\exp_001_faces_224\test\999.png,data\raw\kul-computer-vision-ga-1-2026\test\test_999.npy,2efbc762a634d813a62e43588c6938a2820125cd,0,30,0.53125,2,50.68767037037037,63.82098919096732,7.020771088814568,0.0,255.0,0.0,0.53125,0.0,0.0,0.10625000000000001,1,1,1
test,1047,data\processed\exp_001_faces_224\test\1047.png,data\raw\kul-computer-vision-ga-1-2026\test\test_1047.npy,63ef8923c2dc93b8cb6824df0d38aeefb718284b,0,30,0.53125,1,100.49491841491842,62.32476242612988,10.137818643390958,0.0,255.0,0.0,0.53125,0.0,0.0,0.10625000000000001,0,0,0
test,1052,data\processed\exp_001_faces_224\test\1052.png,data\raw\kul-computer-vision-ga-1-2026\test\test_1052.npy,420ce51d8072a80d723dc140ef867fab74dde929,0,30,0.53125,1,134.0879,86.86492739090407,11.40188591601635,0.0,255.0,0.0,0.53125,0.0,0.0,0.10625000000000001,1,1,1
test,1055,data\processed\exp_001_faces_224\test\1055.png,data\raw\kul-computer-vision-ga-1-2026\test\test_1055.npy,f50f2285537d4cf3cad184a9fb48e35372469632,0,30,0.53125,4,104.13347617762182,74.93638968963712,5.6713879488751076,0.0,255.0,0.0,0.53125,0.0,0.0,0.10625000000000001,0,0,0
test,1083,data\processed\exp_001_faces_224\test\1083.png,data\raw\kul-computer-vision-ga-1-2026\test\test_1083.npy,3c640bf9fdfca29ab98ee20095b9f401bfb4f642,0,30,0.53125,2,179.37958974358975,81.3733017340329,6.1402779885853445,0.0,255.0,0.0,0.53125,0.0,0.0,0.10625000000000001,0,0,0
test,1087,data\processed\exp_001_faces_224\test\1087.png,data\raw\kul-computer-vision-ga-1-2026\test\test_1087.npy,1a1ab2002f27987e240426c68d7ac11ce38cc7ab,0,30,0.53125,8,72.27450776303235,90.1329078606049,6.052250355052136,0.0,255.0,0.0,0.53125,0.0,0.0,0.10625000000000001,1,1,1
test,1090,data\processed\exp_001_faces_224\test\1090.png,data\raw\kul-computer-vision-ga-1-2026\test\test_1090.npy,5bace741696bae61c7ddc388c579fe57e526a1ff,0,30,0.53125,1,112.16548697533965,64.33104725194488,7.980484212637197,0.0,240.0,0.0,0.53125,0.0,0.0,0.10625000000000001,2,2,2
test,1110,data\processed\exp_001_faces_224\test\1110.png,data\raw\kul-computer-vision-ga-1-2026\test\test_1110.npy,71d8a8ef1e9ef613b176b0f2ef0101914b9500a7,0,30,0.53125,2,114.58746231472095,70.48101432644893,9.293515674676986,0.0,255.0,0.0,0.53125,0.0,0.0,0.10625000000000001,2,2,2
test,1128,data\processed\exp_001_faces_224\test\1128.png,data\raw\kul-computer-vision-ga-1-2026\test\test_1128.npy,495eeb93b12573d61bf6a73b7e9fa0beee8be93f,0,30,0.53125,1,110.55756787677691,89.11250726356893,5.628466222093561,0.0,255.0,0.0,0.53125,0.0,0.0,0.10625000000000001,0,0,0
test,1130,data\processed\exp_001_faces_224\test\1130.png,data\raw\kul-computer-vision-ga-1-2026\test\test_1130.npy,a7c3aa07cd20539e357708ef71d5e53d42b10d66,0,30,0.53125,1,98.16986565910999,71.4104991050593,10.486343497540519,0.0,255.0,0.0,0.53125,0.0,0.0,0.10625000000000001,2,2,2
test,1131,data\processed\exp_001_faces_224\test\1131.png,data\raw\kul-computer-vision-ga-1-2026\test\test_1131.npy,aa9948575869e67a6c85ecbb9573742bde3aa77c,0,30,0.53125,1,121.05104010025063,77.51479696349352,7.914015305127444,0.0,255.0,0.0,0.53125,0.0,0.0,0.10625000000000001,1,1,1
test,1150,data\processed\exp_001_faces_224\test\1150.png,data\raw\kul-computer-vision-ga-1-2026\test\test_1150.npy,d4287d34226a590b63f32a9fb6d142ebe9d7b7ff,0,30,0.53125,1,157.2896171592468,84.21754982132913,5.970997084771213,0.0,255.0,0.0,0.53125,0.0,0.0,0.10625000000000001,2,2,2
test,1177,data\processed\exp_001_faces_224\test\1177.png,data\raw\kul-computer-vision-ga-1-2026\test\test_1177.npy,455926700d79e650b12fb609cd601d191dc0580c,0,30,0.53125,1,153.470949705725,93.82333050807078,6.304890034297623,0.0,255.0,0.0,0.53125,0.0,0.0,0.10625000000000001,2,2,2
test,1181,data\processed\exp_001_faces_224\test\1181.png,data\raw\kul-computer-vision-ga-1-2026\test\test_1181.npy,2e8f64dcbf1d66c01367ea6cd51036a5e56c240d,0,30,0.53125,1,90.41533778565262,57.50213960568211,8.069552495739403,0.0,255.0,0.0,0.53125,0.0,0.0,0.10625000000000001,0,0,0
test,1186,data\processed\exp_001_faces_224\test\1186.png,data\raw\kul-computer-vision-ga-1-2026\test\test_1186.npy,496c21ca6a9f4f5f73a8297919e0b75f2492c31d,0,30,0.53125,3,121.87944345777622,76.60844776457705,9.487509025429684,0.0,255.0,0.0,0.53125,0.0,0.0,0.10625000000000001,1,1,1
test,1207,data\processed\exp_001_faces_224\test\1207.png,data\raw\kul-computer-vision-ga-1-2026\test\test_1207.npy,c120943d896a284d584bd5275ec91fcb1e19e99f,0,30,0.53125,1,173.65639365260085,57.33161693382169,6.2821521723318074,0.0,255.0,0.0,0.53125,0.0,0.0,0.10625000000000001,0,0,0
test,1208,data\processed\exp_001_faces_224\test\1208.png,data\raw\kul-computer-vision-ga-1-2026\test\test_1208.npy,756b0ae2ea6e4492a679b1f603922f2b92e9dbaf,0,30,0.53125,1,131.93492592592594,67.76839153536707,5.389312523225566,0.0,255.0,0.0,0.53125,0.0,0.0,0.10625000000000001,0,0,0
test,1213,data\processed\exp_001_faces_224\test\1213.png,data\raw\kul-computer-vision-ga-1-2026\test\test_1213.npy,2d6a2e7bb873ff9219fe27c1d3fd825df0f08808,0,30,0.53125,1,81.24295722876509,43.780246267606906,5.454198787004446,0.0,255.0,0.0,0.53125,0.0,0.0,0.10625000000000001,0,0,0
test,1215,data\processed\exp_001_faces_224\test\1215.png,data\raw\kul-computer-vision-ga-1-2026\test\test_1215.npy,3c640bf9fdfca29ab98ee20095b9f401bfb4f642,0,30,0.53125,2,179.37958974358975,81.3733017340329,6.1402779885853445,0.0,255.0,0.0,0.53125,0.0,0.0,0.10625000000000001,0,0,0
test,1216,data\processed\exp_001_faces_224\test\1216.png,data\raw\kul-computer-vision-ga-1-2026\test\test_1216.npy,619a80bee754614c856ba6854f6f45452df49cfd,0,30,0.53125,1,186.1162284657186,61.738380945995644,4.927252469032474,2.0,255.0,0.0,0.53125,0.0,0.0,0.10625000000000001,0,0,0
test,1218,data\processed\exp_001_faces_224\test\1218.png,data\raw\kul-computer-vision-ga-1-2026\test\test_1218.npy,c2308a61e8f4355873a67ec35f58ba6625632869,0,30,0.53125,3,60.05991703249087,47.53281017677178,5.325935751795589,0.0,255.0,0.0,0.53125,0.0,0.0,0.10625000000000001,1,1,1
test,1276,data\processed\exp_001_faces_224\test\1276.png,data\raw\kul-computer-vision-ga-1-2026\test\test_1276.npy,f8cd97e7560fc3af54f2de6d1a77742fa2dca167,0,30,0.53125,1,90.41592335145559,57.52304427334762,8.037864807159327,0.0,255.0,0.0,0.53125,0.0,0.0,0.10625000000000001,0,0,0
test,1294,data\processed\exp_001_faces_224\test\1294.png,data\raw\kul-computer-vision-ga-1-2026\test\test_1294.npy,96a3c4e1377269c9204ecfffa735f787fb90da3d,0,30,0.53125,1,119.59694616027562,77.70862507536513,7.859281561478225,0.0,255.0,0.0,0.53125,0.0,0.0,0.10625000000000001,2,2,2
test,1305,data\processed\exp_001_faces_224\test\1305.png,data\raw\kul-computer-vision-ga-1-2026\test\test_1305.npy,496c21ca6a9f4f5f73a8297919e0b75f2492c31d,0,30,0.53125,3,121.87944345777622,76.60844776457705,9.487509025429684,0.0,255.0,0.0,0.53125,0.0,0.0,0.10625000000000001,1,1,1
test,1338,data\processed\exp_001_faces_224\test\1338.png,data\raw\kul-computer-vision-ga-1-2026\test\test_1338.npy,6982e8c71cca7570d578261f10f247d2024a48c2,0,30,0.53125,3,107.83831851851852,83.82259308176046,7.910380899293942,0.0,255.0,0.0,0.53125,0.0,0.0,0.10625000000000001,1,1,1
test,1400,data\processed\exp_001_faces_224\test\1400.png,data\raw\kul-computer-vision-ga-1-2026\test\test_1400.npy,58ad958635251ca6414964d279efd9e650279caa,0,30,0.53125,2,77.34571614583334,74.53602754715912,6.580796371936122,0.0,255.0,0.0,0.53125,0.0,0.0,0.10625000000000001,1,1,1
test,1436,data\processed\exp_001_faces_224\test\1436.png,data\raw\kul-computer-vision-ga-1-2026\test\test_1436.npy,1aaa9f6f3fef291b9666f5f2dd27310847c21f60,0,30,0.53125,1,100.24092576454613,63.237363264105234,9.25515655485302,0.0,255.0,0.0,0.53125,0.0,0.0,0.10625000000000001,0,0,0
test,1450,data\processed\exp_001_faces_224\test\1450.png,data\raw\kul-computer-vision-ga-1-2026\test\test_1450.npy,f50f2285537d4cf3cad184a9fb48e35372469632,0,30,0.53125,4,104.13347617762182,74.93638968963712,5.6713879488751076,0.0,255.0,0.0,0.53125,0.0,0.0,0.10625000000000001,0,0,0
test,1483,data\processed\exp_001_faces_224\test\1483.png,data\raw\kul-computer-vision-ga-1-2026\test\test_1483.npy,295b11c09e6be3dfa5346c3df32fde68b0389c32,0,30,0.53125,2,161.68516790123456,89.67398970101495,7.147890570923398,0.0,255.0,0.0,0.53125,0.0,0.0,0.10625000000000001,2,2,2
test,1489,data\processed\exp_001_faces_224\test\1489.png,data\raw\kul-computer-vision-ga-1-2026\test\test_1489.npy,d5b1706217c6492ee50ffef8d8b257cfd8d93f72,0,30,0.53125,1,137.3802497549333,57.041803488558884,8.083324833885284,0.0,255.0,0.0,0.53125,0.0,0.0,0.10625000000000001,2,2,2
test,1542,data\processed\exp_001_faces_224\test\1542.png,data\raw\kul-computer-vision-ga-1-2026\test\test_1542.npy,2db66b69efc7497c0d157c91331dae87896824e5,0,30,0.53125,1,131.58812025983744,78.41045566612091,7.557106491708316,0.0,255.0,0.0,0.53125,0.0,0.0,0.10625000000000001,0,0,0
test,1569,data\processed\exp_001_faces_224\test\1569.png,data\raw\kul-computer-vision-ga-1-2026\test\test_1569.npy,c776b03f3443bf50439de0bf2e305e4e9320cbc8,0,30,0.53125,1,98.84766999238691,64.99312423742379,6.016608438672575,0.0,224.0,0.0,0.53125,0.0,0.0,0.10625000000000001,2,2,2
test,1577,data\processed\exp_001_faces_224\test\1577.png,data\raw\kul-computer-vision-ga-1-2026\test\test_1577.npy,b8a01e618ca11097af2dc02e487d34ccbb202d9d,0,30,0.53125,3,103.21182709447416,76.55705109420717,7.280889824573501,0.0,255.0,0.0,0.53125,0.0,0.0,0.10625000000000001,2,2,2
test,1691,data\processed\exp_001_faces_224\test\1691.png,data\raw\kul-computer-vision-ga-1-2026\test\test_1691.npy,1d39ee0d262f9c6b9e7d63f1524c2c391137547e,0,30,0.53125,2,172.16171833769326,77.6796161731739,4.619724315150308,0.0,255.0,0.0,0.53125,0.0,0.0,0.10625000000000001,0,0,0
test,1697,data\processed\exp_001_faces_224\test\1697.png,data\raw\kul-computer-vision-ga-1-2026\test\test_1697.npy,c96801e028a8276048a8274af45897fb6e304557,0,30,0.53125,2,136.57358518518518,84.15326295932917,7.725722779635823,0.0,255.0,0.0,0.53125,0.0,0.0,0.10625000000000001,0,0,0
test,1727,data\processed\exp_001_faces_224\test\1727.png,data\raw\kul-computer-vision-ga-1-2026\test\test_1727.npy,8d7b8d15088bbfaf145915d782eed3e22d440ec4,0,30,0.53125,1,90.40095820591233,57.30938859827364,7.7994205163075385,0.0,255.0,0.0,0.53125,0.0,0.0,0.10625000000000001,0,0,0
test,1730,data\processed\exp_001_faces_224\test\1730.png,data\raw\kul-computer-vision-ga-1-2026\test\test_1730.npy,90cb8fd82b46eca09e94c0cc609acddfbe31fe26,0,30,0.53125,5,62.43349609375,53.97183663058971,6.278802548149045,0.0,255.0,0.0,0.53125,0.0,0.0,0.10625000000000001,1,1,1
test,1778,data\processed\exp_001_faces_224\test\1778.png,data\raw\kul-computer-vision-ga-1-2026\test\test_1778.npy,ae9a1423f0b6030e9e3fb4b79157d7a702202e64,0,30,0.53125,1,140.4928072315883,59.34443455101821,5.714420226626247,0.0,255.0,0.0,0.53125,0.0,0.0,0.10625000000000001,0,0,0
test,1779,data\processed\exp_001_faces_224\test\1779.png,data\raw\kul-computer-vision-ga-1-2026\test\test_1779.npy,489ae77eebdc0b857d25a0aa0a6810b3703cca0e,0,30,0.53125,1,126.68552589385922,76.31261551363573,8.674228961263516,0.0,255.0,0.0,0.53125,0.0,0.0,0.10625000000000001,0,0,0
test,1802,data\processed\exp_001_faces_224\test\1802.png,data\raw\kul-computer-vision-ga-1-2026\test\test_1802.npy,18cac4a85a45d457f31ba5abbd40af4d5826e071,0,30,0.53125,1,91.64929166666667,79.93773681781227,19.695646247027824,0.0,255.0,0.0,0.53125,0.0,0.0,0.10625000000000001,2,2,2
test,1805,data\processed\exp_001_faces_224\test\1805.png,data\raw\kul-computer-vision-ga-1-2026\test\test_1805.npy,3dba83e99f09d00b4621f98cfc2ddbb61a1faa62,0,30,0.53125,1,86.92421985815602,73.18096766274468,5.203318132477563,0.0,255.0,0.0,0.53125,0.0,0.0,0.10625000000000001,1,1,1
test,1814,data\processed\exp_001_faces_224\test\1814.png,data\raw\kul-computer-vision-ga-1-2026\test\test_1814.npy,1d39ee0d262f9c6b9e7d63f1524c2c391137547e,0,30,0.53125,2,172.16171833769326,77.6796161731739,4.619724315150308,0.0,255.0,0.0,0.53125,0.0,0.0,0.10625000000000001,0,0,0
test,619,data\processed\exp_001_faces_224\test\619.png,data\raw\kul-computer-vision-ga-1-2026\test\test_619.npy,24d2b094213b30134f4a968811b27358510c2abe,0,43,0.328125,1,96.25207379350633,51.59015085059854,4.244665142096376,0.0,253.0,0.0,0.328125,0.2635096775157471,0.0,0.10515145162736206,1,1,1
test,555,data\processed\exp_001_faces_224\test\555.png,data\raw\kul-computer-vision-ga-1-2026\test\test_555.npy,a2b56046be2f0d9b3f8807b67fb29ef706ea1cb4,0,33,0.484375,3,56.88237847222222,62.820585009226974,4.524217201111708,0.0,255.0,0.0,0.484375,0.04350821646163455,0.0,0.10340123246924518,1,1,1
test,30,data\processed\exp_001_faces_224\test\30.png,data\raw\kul-computer-vision-ga-1-2026\test\test_30.npy,d364f42081f69b945850dfa792219db5183dda6b,0,31,0.515625,1,119.89826221955128,59.68372238761176,7.768678560395427,0.0,255.0,0.0,0.515625,0.0,0.0,0.10312500000000001,2,2,2
test,51,data\processed\exp_001_faces_224\test\51.png,data\raw\kul-computer-vision-ga-1-2026\test\test_51.npy,8b7dc9ab77f907fb01a2ddda892447e84b3d4588,0,31,0.515625,1,125.6738523489933,76.41924054645088,5.112432160589486,0.0,255.0,0.0,0.515625,0.0,0.0,0.10312500000000001,0,0,0
test,84,data\processed\exp_001_faces_224\test\84.png,data\raw\kul-computer-vision-ga-1-2026\test\test_84.npy,17ef3e42c0fc85271ac419c7877e16d425de847c,0,31,0.515625,2,53.32748068432671,44.88577998444484,4.847290695487114,0.0,255.0,0.0,0.515625,0.0,0.0,0.10312500000000001,0,0,0
test,112,data\processed\exp_001_faces_224\test\112.png,data\raw\kul-computer-vision-ga-1-2026\test\test_112.npy,1d1b2a6663d4ab7827c06ab629715d1851b5af80,0,31,0.515625,1,169.60220730330533,64.62473976672483,9.469651529254964,0.0,255.0,0.0,0.515625,0.0,0.0,0.10312500000000001,2,2,2
test,133,data\processed\exp_001_faces_224\test\133.png,data\raw\kul-computer-vision-ga-1-2026\test\test_133.npy,ca045f511c614322fd9e573a121146f2afeb5bc7,0,31,0.515625,1,132.130575,54.48236297343733,4.86713567839196,0.0,255.0,0.0,0.515625,0.0,0.0,0.10312500000000001,0,0,0
test,135,data\processed\exp_001_faces_224\test\135.png,data\raw\kul-computer-vision-ga-1-2026\test\test_135.npy,0ffc2bf8d97a4628ddaeffeabd705505163c631a,0,31,0.515625,2,154.55947037037038,71.94226535741372,10.91626718691936,0.0,255.0,0.0,0.515625,0.0,0.0,0.10312500000000001,0,0,0
test,167,data\processed\exp_001_faces_224\test\167.png,data\raw\kul-computer-vision-ga-1-2026\test\test_167.npy,719ff8bad1c5931313d33ef3e410737b115d70e4,0,31,0.515625,1,86.97073979591836,68.0396100194259,13.512364130830719,0.0,255.0,0.0,0.515625,0.0,0.0,0.10312500000000001,2,2,2
test,192,data\processed\exp_001_faces_224\test\192.png,data\raw\kul-computer-vision-ga-1-2026\test\test_192.npy,545c60257cad7ec818b5a4e64851c1df92a08eb6,0,31,0.515625,1,155.3433829787234,73.56755372085135,9.179821081099334,0.0,255.0,0.0,0.515625,0.0,0.0,0.10312500000000001,0,0,0
test,206,data\processed\exp_001_faces_224\test\206.png,data\raw\kul-computer-vision-ga-1-2026\test\test_206.npy,8740b47c4692d14ec0ee9de00d7f4057120ddda8,0,31,0.515625,1,125.17817103620474,73.38964361994395,8.040390618399933,0.0,255.0,0.0,0.515625,0.0,0.0,0.10312500000000001,0,0,0
test,297,data\processed\exp_001_faces_224\test\297.png,data\raw\kul-computer-vision-ga-1-2026\test\test_297.npy,a4fc7c11d3560c0f07e4267b9100f9c7d012e475,0,31,0.515625,2,133.03431764990967,88.69383594512118,8.176386932593351,0.0,255.0,0.0,0.515625,0.0,0.0,0.10312500000000001,0,0,0
test,311,data\processed\exp_001_faces_224\test\311.png,data\raw\kul-computer-vision-ga-1-2026\test\test_311.npy,80497d7c6c4adbba46b3ec05a49149d0cae9cb1b,0,31,0.515625,1,79.4146417149552,60.771179914601646,5.216843262628809,0.0,255.0,0.0,0.515625,0.0,0.0,0.10312500000000001,0,0,0
test,322,data\processed\exp_001_faces_224\test\322.png,data\raw\kul-computer-vision-ga-1-2026\test\test_322.npy,07c6195817851c2867541528ca99fab8b8f74a3f,0,31,0.515625,1,115.73907240573907,75.26235839919585,5.959995737068864,0.0,255.0,0.0,0.515625,0.0,0.0,0.10312500000000001,2,2,2
test,343,data\processed\exp_001_faces_224\test\343.png,data\raw\kul-computer-vision-ga-1-2026\test\test_343.npy,1458af95e4481a6b99651f34b0ad63a30fba47eb,0,31,0.515625,1,57.89477243589744,56.888281325416685,6.725208948827371,0.0,255.0,0.0,0.515625,0.0,0.0,0.10312500000000001,2,2,2
test,398,data\processed\exp_001_faces_224\test\398.png,data\raw\kul-computer-vision-ga-1-2026\test\test_398.npy,b3dc8a8014b7e4af4da78a4ce89aaeccd0bc1f87,0,31,0.515625,1,94.56364421416235,80.36282415112889,6.5881542300436156,0.0,255.0,0.0,0.515625,0.0,0.0,0.10312500000000001,0,0,0
test,475,data\processed\exp_001_faces_224\test\475.png,data\raw\kul-computer-vision-ga-1-2026\test\test_475.npy,942d0531aa9e3f2cd66d611bf9a6089e184469c3,0,31,0.515625,1,111.52807239819005,71.37830723099405,4.939633574281188,0.0,244.0,0.0,0.515625,0.0,0.0,0.10312500000000001,0,0,0
test,476,data\processed\exp_001_faces_224\test\476.png,data\raw\kul-computer-vision-ga-1-2026\test\test_476.npy,f154dd5aaa39d0e30a9b8fbac2e5a3cbb3ea66d3,0,31,0.515625,2,134.34580853174603,73.85913209374932,9.767068050546953,0.0,255.0,0.0,0.515625,0.0,0.0,0.10312500000000001,1,1,1
test,506,data\processed\exp_001_faces_224\test\506.png,data\raw\kul-computer-vision-ga-1-2026\test\test_506.npy,eabab5de0cc3e614ab0519c063c2da363f5eb606,0,31,0.515625,2,103.17178888888888,89.16064093691429,9.144921962095875,0.0,255.0,0.0,0.515625,0.0,0.0,0.10312500000000001,2,2,2
test,538,data\processed\exp_001_faces_224\test\538.png,data\raw\kul-computer-vision-ga-1-2026\test\test_538.npy,6490bd4454947c3b398773a11296d85cfed78c12,0,31,0.515625,3,135.04267407407409,84.01005275625404,11.587229654403568,0.0,255.0,0.0,0.515625,0.0,0.0,0.10312500000000001,0,0,0
test,615,data\processed\exp_001_faces_224\test\615.png,data\raw\kul-computer-vision-ga-1-2026\test\test_615.npy,360b89efcc9d586bcdfd2a5e8fc39c43209cce1a,0,31,0.515625,1,152.5462222222222,61.75859487783017,8.295587501264713,0.0,255.0,0.0,0.515625,0.0,0.0,0.10312500000000001,0,0,0
test,660,data\processed\exp_001_faces_224\test\660.png,data\raw\kul-computer-vision-ga-1-2026\test\test_660.npy,31f28452780fd94ef7b303d7b8a1875605a99092,0,31,0.515625,4,87.2325,84.84241842724272,9.81104532163743,0.0,255.0,0.0,0.515625,0.0,0.0,0.10312500000000001,0,0,0
test,719,data\processed\exp_001_faces_224\test\719.png,data\raw\kul-computer-vision-ga-1-2026\test\test_719.npy,e5bbd4f60e8791b7399323f06d2a58062689ee45,0,31,0.515625,1,78.16105665634365,66.42451534117052,7.424544135207227,0.0,255.0,0.0,0.515625,0.0,0.0,0.10312500000000001,0,0,0
test,729,data\processed\exp_001_faces_224\test\729.png,data\raw\kul-computer-vision-ga-1-2026\test\test_729.npy,53e2d7e0391a3097ed252422a0e45fb36734926f,0,31,0.515625,1,134.61179938609658,78.58758392548802,5.231056100447594,0.0,255.0,0.0,0.515625,0.0,0.0,0.10312500000000001,2,2,2
test,736,data\processed\exp_001_faces_224\test\736.png,data\raw\kul-computer-vision-ga-1-2026\test\test_736.npy,98ff0aefcc137fff20d5d7599347132419938456,0,31,0.515625,2,125.56930121527778,84.1245162986418,11.435512666158045,0.0,255.0,0.0,0.515625,0.0,0.0,0.10312500000000001,0,0,0
test,906,data\processed\exp_001_faces_224\test\906.png,data\raw\kul-computer-vision-ga-1-2026\test\test_906.npy,08134099b71b2c6eb501bc67bf9d66bf165f52f3,0,31,0.515625,1,98.76467365967366,62.95612020603714,7.134799649525677,0.0,255.0,0.0,0.515625,0.0,0.0,0.10312500000000001,0,0,0
test,961,data\processed\exp_001_faces_224\test\961.png,data\raw\kul-computer-vision-ga-1-2026\test\test_961.npy,944a0bbd221bda424104ecf013685073760117ab,0,31,0.515625,1,201.19857142857143,64.97589704168679,5.001967043857982,0.0,255.0,0.0,0.515625,0.0,0.0,0.10312500000000001,0,0,0
test,1032,data\processed\exp_001_faces_224\test\1032.png,data\raw\kul-computer-vision-ga-1-2026\test\test_1032.npy,801f913adb68cea8a5f72c1076e6403983c73e79,0,31,0.515625,6,60.60273215616727,56.500754015900014,5.048926148658911,0.0,255.0,0.0,0.515625,0.0,0.0,0.10312500000000001,1,1,1
test,1054,data\processed\exp_001_faces_224\test\1054.png,data\raw\kul-computer-vision-ga-1-2026\test\test_1054.npy,8d5b8e2c0bdf7fbd4f50139143b5a80d49db13af,0,31,0.515625,1,92.2697951844903,61.089944950852086,7.233018387580003,0.0,255.0,0.0,0.515625,0.0,0.0,0.10312500000000001,2,2,2
test,1064,data\processed\exp_001_faces_224\test\1064.png,data\raw\kul-computer-vision-ga-1-2026\test\test_1064.npy,b2d8445cab893d3897c9902de043dbaf367f108b,0,31,0.515625,1,178.96401111111112,85.29009593182046,4.594092430026839,0.0,255.0,0.0,0.515625,0.0,0.0,0.10312500000000001,1,1,1
test,1173,data\processed\exp_001_faces_224\test\1173.png,data\raw\kul-computer-vision-ga-1-2026\test\test_1173.npy,dc231b313a373efcac59cf5585d1c4f29b5cfb07,0,31,0.515625,1,152.13198460820897,60.21862949280979,5.083562593455532,59.0,255.0,0.0,0.515625,0.0,0.0,0.10312500000000001,2,2,2
test,1174,data\processed\exp_001_faces_224\test\1174.png,data\raw\kul-computer-vision-ga-1-2026\test\test_1174.npy,c5256d83f44825f4d03e5703484d25d743cffc46,0,31,0.515625,2,72.97881368647857,72.31659471280012,6.965461151149901,0.0,255.0,0.0,0.515625,0.0,0.0,0.10312500000000001,0,0,0
test,1185,data\processed\exp_001_faces_224\test\1185.png,data\raw\kul-computer-vision-ga-1-2026\test\test_1185.npy,39ff8647c5f0dcd6f79783b3957770213c1fc523,0,31,0.515625,1,130.37052749719416,78.60173994305731,5.2396181587165485,0.0,255.0,0.0,0.515625,0.0,0.0,0.10312500000000001,0,0,0
test,1221,data\processed\exp_001_faces_224\test\1221.png,data\raw\kul-computer-vision-ga-1-2026\test\test_1221.npy,dbf73776d7cb2eb0c16f3bc5aa4e32fc0c9dc8de,0,31,0.515625,2,160.1482829845752,93.19757986368785,5.253645712706886,0.0,255.0,0.0,0.515625,0.0,0.0,0.10312500000000001,2,2,2
test,1225,data\processed\exp_001_faces_224\test\1225.png,data\raw\kul-computer-vision-ga-1-2026\test\test_1225.npy,ed719745306659de5d76b3ef70c94b1b14468d01,0,31,0.515625,1,161.81733836410788,55.651460582333655,6.031415461083062,0.0,255.0,0.0,0.515625,0.0,0.0,0.10312500000000001,0,0,0
test,1241,data\processed\exp_001_faces_224\test\1241.png,data\raw\kul-computer-vision-ga-1-2026\test\test_1241.npy,9327754a2c097057854b37695a3ce1d2cff946b5,0,31,0.515625,2,125.10535185185185,66.36103598711829,8.2681884057971,0.0,255.0,0.0,0.515625,0.0,0.0,0.10312500000000001,2,2,2
test,1328,data\processed\exp_001_faces_224\test\1328.png,data\raw\kul-computer-vision-ga-1-2026\test\test_1328.npy,0ffc2bf8d97a4628ddaeffeabd705505163c631a,0,31,0.515625,2,154.55947037037038,71.94226535741372,10.91626718691936,0.0,255.0,0.0,0.515625,0.0,0.0,0.10312500000000001,0,0,0
test,1385,data\processed\exp_001_faces_224\test\1385.png,data\raw\kul-computer-vision-ga-1-2026\test\test_1385.npy,836d1fd474f662781bed54d9f57d44260cc867d7,0,31,0.515625,1,92.94160536380126,60.397502736557676,7.786719887139946,0.0,255.0,0.0,0.515625,0.0,0.0,0.10312500000000001,2,2,2
test,1391,data\processed\exp_001_faces_224\test\1391.png,data\raw\kul-computer-vision-ga-1-2026\test\test_1391.npy,e023dd38aeb7fb0abf0d591045e3ac3bb0e35548,0,31,0.515625,5,102.24473765432099,53.006713368426574,9.284773932639997,0.0,255.0,0.0,0.515625,0.0,0.0,0.10312500000000001,1,1,1
test,1420,data\processed\exp_001_faces_224\test\1420.png,data\raw\kul-computer-vision-ga-1-2026\test\test_1420.npy,4c340febde2e6d5a268976b96ff56032473433f6,0,31,0.515625,1,192.97730709876544,60.98898670187202,5.363549601675025,0.0,255.0,0.0,0.515625,0.0,0.0,0.10312500000000001,0,0,0
test,1480,data\processed\exp_001_faces_224\test\1480.png,data\raw\kul-computer-vision-ga-1-2026\test\test_1480.npy,196111125cf16f733b1bc8d3c7251269bdddafb9,0,31,0.515625,1,133.93771447199853,86.19138846302207,5.303039632806831,0.0,255.0,0.0,0.515625,0.0,0.0,0.10312500000000001,2,2,2
test,1529,data\processed\exp_001_faces_224\test\1529.png,data\raw\kul-computer-vision-ga-1-2026\test\test_1529.npy,677b13aa9d685142e717bd121f956901cec4954c,0,31,0.515625,1,141.85206299810676,77.93590555824561,9.44897718177882,0.0,255.0,0.0,0.515625,0.0,0.0,0.10312500000000001,0,0,0
test,1532,data\processed\exp_001_faces_224\test\1532.png,data\raw\kul-computer-vision-ga-1-2026\test\test_1532.npy,2856eadc4c8c8ddaedfc15f1ae11a214754f0e71,0,31,0.515625,1,125.87704545454545,76.67155647026927,4.787548923052726,0.0,236.0,0.0,0.515625,0.0,0.0,0.10312500000000001,0,0,0
test,1596,data\processed\exp_001_faces_224\test\1596.png,data\raw\kul-computer-vision-ga-1-2026\test\test_1596.npy,05876901bb0701e4649265105c17d915682d6145,0,31,0.515625,1,178.946975,85.17751520608422,5.660717394098402,0.0,255.0,0.0,0.515625,0.0,0.0,0.10312500000000001,1,1,1
test,1615,data\processed\exp_001_faces_224\test\1615.png,data\raw\kul-computer-vision-ga-1-2026\test\test_1615.npy,22aa637863c898ca94a728c934244f73475e8667,0,31,0.515625,2,94.32954116059379,78.60703404965527,6.315867496569251,0.0,255.0,0.0,0.515625,0.0,0.0,0.10312500000000001,0,0,0
test,1629,data\processed\exp_001_faces_224\test\1629.png,data\raw\kul-computer-vision-ga-1-2026\test\test_1629.npy,0bdd5dbf31e60e9fb27d707e138df0dff04d160b,0,31,0.515625,3,90.16571481481482,73.77932603183132,13.50743403939056,0.0,255.0,0.0,0.515625,0.0,0.0,0.10312500000000001,0,0,0
test,1642,data\processed\exp_001_faces_224\test\1642.png,data\raw\kul-computer-vision-ga-1-2026\test\test_1642.npy,de34797490ada4889079053c9fe11e91338ca534,0,31,0.515625,2,140.33655700885188,83.28539368967772,11.187619238362,0.0,255.0,0.0,0.515625,0.0,0.0,0.10312500000000001,0,0,0
test,1647,data\processed\exp_001_faces_224\test\1647.png,data\raw\kul-computer-vision-ga-1-2026\test\test_1647.npy,5b8b92256be893fdb9d83160955e53749e4c82d1,0,31,0.515625,1,81.34833874458874,43.52866357902757,5.618057586372194,0.0,255.0,0.0,0.515625,0.0,0.0,0.10312500000000001,0,0,0
test,1649,data\processed\exp_001_faces_224\test\1649.png,data\raw\kul-computer-vision-ga-1-2026\test\test_1649.npy,ec602662e81e7c66309249fc46fbc2f17d907645,0,31,0.515625,1,78.34929587235519,58.40990763760689,5.197603816558331,0.0,255.0,0.0,0.515625,0.0,0.0,0.10312500000000001,2,2,2
test,1679,data\processed\exp_001_faces_224\test\1679.png,data\raw\kul-computer-vision-ga-1-2026\test\test_1679.npy,0b76c0755201ec4cdabc26987f367934f2287592,0,31,0.515625,2,100.31767037037037,88.20160794903371,9.275787811222592,0.0,255.0,0.0,0.515625,0.0,0.0,0.10312500000000001,1,1,1
test,1696,data\processed\exp_001_faces_224\test\1696.png,data\raw\kul-computer-vision-ga-1-2026\test\test_1696.npy,39c0fe4e8e26d36594b1d747b3938a2e08ae5252,0,31,0.515625,1,108.49551311728395,83.35391854040651,11.524086829688162,0.0,255.0,0.0,0.515625,0.0,0.0,0.10312500000000001,0,0,0
test,1706,data\processed\exp_001_faces_224\test\1706.png,data\raw\kul-computer-vision-ga-1-2026\test\test_1706.npy,ca6a71348eb1e5f0d06c2674f22ed21cd5158fff,0,31,0.515625,1,67.20597813238771,71.29454394810196,4.99058927922264,0.0,255.0,0.0,0.515625,0.0,0.0,0.10312500000000001,0,0,0
test,1726,data\processed\exp_001_faces_224\test\1726.png,data\raw\kul-computer-vision-ga-1-2026\test\test_1726.npy,f3581f9a3e0fb6f2d0f5e306c902326615985729,0,31,0.515625,5,69.38783191766146,73.34853783788415,5.727781738517521,0.0,255.0,0.0,0.515625,0.0,0.0,0.10312500000000001,0,0,0
test,1753,data\processed\exp_001_faces_224\test\1753.png,data\raw\kul-computer-vision-ga-1-2026\test\test_1753.npy,b24a1714239b1870f9bc09b2141a4855a26e62a9,0,31,0.515625,1,195.56633333333335,74.46690595977667,9.73397403685092,0.0,255.0,0.0,0.515625,0.0,0.0,0.10312500000000001,0,0,0
test,518,data\processed\exp_001_faces_224\test\518.png,data\raw\kul-computer-vision-ga-1-2026\test\test_518.npy,b96f196b8522e03a94af14f630642d60498b3f43,0,36,0.4375,2,121.16218688474936,75.9623873812315,4.457661574587652,0.0,255.0,0.0,0.4375,0.09588606382301308,0.0,0.10188290957345197,1,1,1
test,887,data\processed\exp_001_faces_224\test\887.png,data\raw\kul-computer-vision-ga-1-2026\test\test_887.npy,2ff30371ee1cb1f8381ced462f211570a66517bb,0,33,0.484375,1,138.10647402292972,75.72677017806326,4.540243168138867,0.0,255.0,0.0,0.484375,0.030896124913467528,0.0,0.10150941873702013,2,2,2
test,376,data\processed\exp_001_faces_224\test\376.png,data\raw\kul-computer-vision-ga-1-2026\test\test_376.npy,93ec43985d3ccc7990849d7ddd4aa99b472596fc,0,41,0.359375,1,196.56524693762714,75.15494905769137,4.3332109399269685,0.0,255.0,0.0,0.359375,0.1938260380478509,0.0,0.10094890570717764,0,0,0
test,758,data\processed\exp_001_faces_224\test\758.png,data\raw\kul-computer-vision-ga-1-2026\test\test_758.npy,165acf0a611cc20a5e05371b34abd3051cda40c4,0,44,0.3125,2,153.4026108305275,56.23962427490064,4.256401509708401,0.0,255.0,0.0,0.3125,0.2542734084959145,0.0,0.10064101127438718,0,0,0
test,347,data\processed\exp_001_faces_224\test\347.png,data\raw\kul-computer-vision-ga-1-2026\test\test_347.npy,7aefbaa20995703a7508deb4773352704808eb7e,0,38,0.40625,1,180.57389567901234,61.75350478320134,4.419541942286018,0.0,255.0,0.0,0.40625,0.12588539500570745,0.0,0.10013280925085612,0,0,0
test,44,data\processed\exp_001_faces_224\test\44.png,data\raw\kul-computer-vision-ga-1-2026\test\test_44.npy,351a72e6727a14cd59548ec74260e9664136d331,0,32,0.5,2,143.06506747638326,78.0260916754642,7.292691988306023,0.0,255.0,0.0,0.5,0.0,0.0,0.1,0,0,0
test,76,data\processed\exp_001_faces_224\test\76.png,data\raw\kul-computer-vision-ga-1-2026\test\test_76.npy,a438f166d429aeca7fb95c5bdf5a51214ab2e780,0,32,0.5,3,122.17544074074074,68.86696973547252,13.395053883314752,0.0,255.0,0.0,0.5,0.0,0.0,0.1,0,0,0
test,79,data\processed\exp_001_faces_224\test\79.png,data\raw\kul-computer-vision-ga-1-2026\test\test_79.npy,0a0b00e75bfa5df7046a26c9193751eb8eb910c4,0,32,0.5,6,95.33927365332447,71.2162571742102,8.319699378084376,0.0,255.0,0.0,0.5,0.0,0.0,0.1,0,0,0
test,87,data\processed\exp_001_faces_224\test\87.png,data\raw\kul-computer-vision-ga-1-2026\test\test_87.npy,f00a12218bf23e772c239455bf0d157314129e4c,0,32,0.5,4,72.2384111111111,81.2292322002726,9.350494240059456,0.0,255.0,0.0,0.5,0.0,0.0,0.1,1,1,1
test,116,data\processed\exp_001_faces_224\test\116.png,data\raw\kul-computer-vision-ga-1-2026\test\test_116.npy,8e00ca7f9bc0f59ecc0eee162de7bd3d1c6a1662,0,32,0.5,2,96.38803703703704,77.14987869603843,8.857277963582312,0.0,255.0,0.0,0.5,0.0,0.0,0.1,1,1,1
test,136,data\processed\exp_001_faces_224\test\136.png,data\raw\kul-computer-vision-ga-1-2026\test\test_136.npy,e3dfa5024ed417865c309bb524eacb6c7977a371,0,32,0.5,1,148.06528807990796,77.2480542228804,5.683362837944696,0.0,255.0,0.0,0.5,0.0,0.0,0.1,0,0,0
test,143,data\processed\exp_001_faces_224\test\143.png,data\raw\kul-computer-vision-ga-1-2026\test\test_143.npy,fddf5eef34d978d564c6cf434bf2aa52702bb702,0,32,0.5,1,202.73944444444444,64.2826514502096,7.0291730883321275,0.0,255.0,0.0,0.5,0.0,0.0,0.1,0,0,0
test,246,data\processed\exp_001_faces_224\test\246.png,data\raw\kul-computer-vision-ga-1-2026\test\test_246.npy,1515aaf606e2a608f7a4e567e854df3d7476d593,0,32,0.5,1,86.64458839406208,63.84379214889016,7.5255786005786005,0.0,255.0,0.0,0.5,0.0,0.0,0.1,2,2,2
test,305,data\processed\exp_001_faces_224\test\305.png,data\raw\kul-computer-vision-ga-1-2026\test\test_305.npy,2e386b190c1e5c2b267b9d54117db9f508151511,0,32,0.5,7,121.5231718692205,85.06095291491208,7.341738879488581,0.0,255.0,0.0,0.5,0.0,0.0,0.1,1,1,1
test,316,data\processed\exp_001_faces_224\test\316.png,data\raw\kul-computer-vision-ga-1-2026\test\test_316.npy,ed777664d31ad8d37887853a45ba5727c00e98a5,0,32,0.5,2,206.3641,65.05907370944303,5.172500929022668,0.0,255.0,0.0,0.5,0.0,0.0,0.1,0,0,0
test,350,data\processed\exp_001_faces_224\test\350.png,data\raw\kul-computer-vision-ga-1-2026\test\test_350.npy,2e386b190c1e5c2b267b9d54117db9f508151511,0,32,0.5,7,121.5231718692205,85.06095291491208,7.341738879488581,0.0,255.0,0.0,0.5,0.0,0.0,0.1,1,1,1
test,412,data\processed\exp_001_faces_224\test\412.png,data\raw\kul-computer-vision-ga-1-2026\test\test_412.npy,173ddf84fa3026af2e27c9d65b9915d616d93eed,0,32,0.5,1,140.67595663657025,78.93815667891107,4.898510823702626,0.0,255.0,0.0,0.5,0.0,0.0,0.1,0,0,0
test,438,data\processed\exp_001_faces_224\test\438.png,data\raw\kul-computer-vision-ga-1-2026\test\test_438.npy,3be268700120fb5a838136466cf7ad03d6c8b38b,0,32,0.5,4,107.79154814814815,83.31316226794371,8.27282608695652,0.0,255.0,0.0,0.5,0.0,0.0,0.1,0,0,0
test,468,data\processed\exp_001_faces_224\test\468.png,data\raw\kul-computer-vision-ga-1-2026\test\test_468.npy,aa8c4b0f0372f4394bbb3fc81ef4420be104fc80,0,32,0.5,7,122.3871335504886,82.65992187642897,14.561095323761064,0.0,255.0,0.0,0.5,0.0,0.0,0.1,1,1,1
test,494,data\processed\exp_001_faces_224\test\494.png,data\raw\kul-computer-vision-ga-1-2026\test\test_494.npy,fc05b68ccb724d4d718694420db4ac4a91fd4d9e,0,32,0.5,2,140.05693209876543,79.92513393197893,15.720480113615633,0.0,255.0,0.0,0.5,0.0,0.0,0.1,0,0,0
test,641,data\processed\exp_001_faces_224\test\641.png,data\raw\kul-computer-vision-ga-1-2026\test\test_641.npy,75ea40920df6aa0638d6ca811234fd3f915ff495,0,32,0.5,6,92.33922969187675,78.72256444062087,8.681355435744344,0.0,255.0,0.0,0.5,0.0,0.0,0.1,1,1,1
test,681,data\processed\exp_001_faces_224\test\681.png,data\raw\kul-computer-vision-ga-1-2026\test\test_681.npy,e7504cae33c7bc80a12d188280fd6483b3a9f505,0,32,0.5,1,146.20705555555554,73.28810582744441,4.58283872771859,0.0,255.0,0.0,0.5,0.0,0.0,0.1,1,1,1
test,733,data\processed\exp_001_faces_224\test\733.png,data\raw\kul-computer-vision-ga-1-2026\test\test_733.npy,afa6e462be1f65ff9e484486f92d6be0197e516b,0,32,0.5,3,106.79970871913581,82.72124804193764,7.317594556593043,0.0,255.0,0.0,0.5,0.0,0.0,0.1,2,2,2
test,783,data\processed\exp_001_faces_224\test\783.png,data\raw\kul-computer-vision-ga-1-2026\test\test_783.npy,6ef7ef982275e836c63620bf9d5cb5405065450c,0,32,0.5,4,110.31117408906883,69.0464315942212,7.224071536352238,0.0,255.0,0.0,0.5,0.0,0.0,0.1,1,1,1
test,800,data\processed\exp_001_faces_224\test\800.png,data\raw\kul-computer-vision-ga-1-2026\test\test_800.npy,f98ba7d82cbb7fa466478fff07fe25650df4971f,0,32,0.5,1,94.40380335310051,75.75836915188236,6.421349563288329,0.0,255.0,0.0,0.5,0.0,0.0,0.1,1,1,1
test,822,data\processed\exp_001_faces_224\test\822.png,data\raw\kul-computer-vision-ga-1-2026\test\test_822.npy,0fdf17272beb0c7601f5bcfb9c204441e6e833ca,0,32,0.5,2,136.414468106083,70.56302732926494,7.1208816910373525,0.0,255.0,0.0,0.5,0.0,0.0,0.1,0,0,0
test,826,data\processed\exp_001_faces_224\test\826.png,data\raw\kul-computer-vision-ga-1-2026\test\test_826.npy,9e72f8b58821ae1e784452474ddc9857e1343243,0,32,0.5,1,65.25158436213992,58.8139216005276,8.459134386882981,0.0,255.0,0.0,0.5,0.0,0.0,0.1,0,0,0
test,933,data\processed\exp_001_faces_224\test\933.png,data\raw\kul-computer-vision-ga-1-2026\test\test_933.npy,0767a0c0a74f8c10da7e537cb325b63065918eeb,0,32,0.5,2,92.84469714506173,65.0307861228413,5.321416350703551,0.0,255.0,0.0,0.5,0.0,0.0,0.1,1,1,1
test,954,data\processed\exp_001_faces_224\test\954.png,data\raw\kul-computer-vision-ga-1-2026\test\test_954.npy,583fef4475bbbc1f6c1880be4d82291f68bcbae1,0,32,0.5,1,96.35781114718614,66.83124697604724,7.844504960315252,0.0,255.0,0.0,0.5,0.0,0.0,0.1,2,2,2
test,1011,data\processed\exp_001_faces_224\test\1011.png,data\raw\kul-computer-vision-ga-1-2026\test\test_1011.npy,5d09890c1524e447c4981599888569984f9843c3,0,32,0.5,2,132.8975786163522,63.86542873767931,7.894668320135674,0.0,255.0,0.0,0.5,0.0,0.0,0.1,1,1,1
test,1056,data\processed\exp_001_faces_224\test\1056.png,data\raw\kul-computer-vision-ga-1-2026\test\test_1056.npy,a4502ad90ff604c1202eeaf2f78514335530e58f,0,32,0.5,2,100.17055925925926,89.75417156457289,10.297840951319213,0.0,255.0,0.0,0.5,0.0,0.0,0.1,0,0,0
test,1075,data\processed\exp_001_faces_224\test\1075.png,data\raw\kul-computer-vision-ga-1-2026\test\test_1075.npy,2e386b190c1e5c2b267b9d54117db9f508151511,0,32,0.5,7,121.5231718692205,85.06095291491208,7.341738879488581,0.0,255.0,0.0,0.5,0.0,0.0,0.1,1,1,1
test,1078,data\processed\exp_001_faces_224\test\1078.png,data\raw\kul-computer-vision-ga-1-2026\test\test_1078.npy,0124e16a5442564724dbd3533e7e3aa28a22fe3c,0,32,0.5,2,103.10913227513228,93.32902118830258,6.259170428685838,0.0,255.0,0.0,0.5,0.0,0.0,0.1,1,1,1
test,1100,data\processed\exp_001_faces_224\test\1100.png,data\raw\kul-computer-vision-ga-1-2026\test\test_1100.npy,7a2d262aefba844a7c6153065226306bfb8f406b,0,32,0.5,1,94.90406548079402,58.66966551756642,4.927169895094457,0.0,255.0,0.0,0.5,0.0,0.0,0.1,0,0,0
test,1155,data\processed\exp_001_faces_224\test\1155.png,data\raw\kul-computer-vision-ga-1-2026\test\test_1155.npy,854629ddc749624339f845b38d4ac11ae073599a,0,32,0.5,1,114.40981414868105,79.77998621862876,5.746705517890728,0.0,255.0,0.0,0.5,0.0,0.0,0.1,0,0,0
test,1162,data\processed\exp_001_faces_224\test\1162.png,data\raw\kul-computer-vision-ga-1-2026\test\test_1162.npy,db87390011d350e4b2e258b635f15f9756ea86e8,0,32,0.5,1,155.79079333333334,76.26976053830654,7.649538499864119,0.0,255.0,0.0,0.5,0.0,0.0,0.1,0,0,0
test,1176,data\processed\exp_001_faces_224\test\1176.png,data\raw\kul-computer-vision-ga-1-2026\test\test_1176.npy,cb81864ef43a0795ed93a98f5d458e15fc6215f0,0,32,0.5,5,77.80743164290722,89.80808781067267,5.108598552454826,0.0,255.0,0.0,0.5,0.0,0.0,0.1,0,0,0
test,1182,data\processed\exp_001_faces_224\test\1182.png,data\raw\kul-computer-vision-ga-1-2026\test\test_1182.npy,b7f9c89e2966532c75b667d8b625cb1f0f137359,0,32,0.5,3,197.6349825708061,81.46509854406918,7.090524329232771,0.0,255.0,0.0,0.5,0.0,0.0,0.1,1,1,1
test,1199,data\processed\exp_001_faces_224\test\1199.png,data\raw\kul-computer-vision-ga-1-2026\test\test_1199.npy,3d8b174d36a19073ca0f3ade40cdc6f5b2669ab0,0,32,0.5,1,141.39273409155763,69.2404037697892,5.186471970487093,0.0,255.0,0.0,0.5,0.0,0.0,0.1,1,1,1
test,1269,data\processed\exp_001_faces_224\test\1269.png,data\raw\kul-computer-vision-ga-1-2026\test\test_1269.npy,d4d0d4aaa6072e44e6c8cff54754b3efb6c30002,0,32,0.5,1,108.08392345679012,82.99313362235661,6.783210303695924,0.0,255.0,0.0,0.5,0.0,0.0,0.1,1,1,1
test,1281,data\processed\exp_001_faces_224\test\1281.png,data\raw\kul-computer-vision-ga-1-2026\test\test_1281.npy,8f4767f9236a8280d6c86f27c04f905a54daebe0,0,32,0.5,1,91.88486836233824,51.41378310108012,5.5291462903615765,0.0,255.0,0.0,0.5,0.0,0.0,0.1,2,2,2
test,1330,data\processed\exp_001_faces_224\test\1330.png,data\raw\kul-computer-vision-ga-1-2026\test\test_1330.npy,bd09886733582b415514d41006adfed9fb6e363a,0,32,0.5,2,63.90206666666667,59.091374799786884,6.548851249500563,0.0,255.0,0.0,0.5,0.0,0.0,0.1,1,1,1
test,1354,data\processed\exp_001_faces_224\test\1354.png,data\raw\kul-computer-vision-ga-1-2026\test\test_1354.npy,afa6e462be1f65ff9e484486f92d6be0197e516b,0,32,0.5,3,106.79970871913581,82.72124804193764,7.317594556593043,0.0,255.0,0.0,0.5,0.0,0.0,0.1,2,2,2
test,1388,data\processed\exp_001_faces_224\test\1388.png,data\raw\kul-computer-vision-ga-1-2026\test\test_1388.npy,af89cd5f1f17bc344368a17b416d7386e34e6d7e,0,32,0.5,2,59.38486570663768,55.35169113114017,5.899571599881093,0.0,255.0,0.0,0.5,0.0,0.0,0.1,2,2,2
test,1393,data\processed\exp_001_faces_224\test\1393.png,data\raw\kul-computer-vision-ga-1-2026\test\test_1393.npy,569c317af6c1963031dad46f4d2a8be9bcca6af7,0,32,0.5,1,92.57056656504065,94.73082613788607,7.795637478168083,0.0,255.0,0.0,0.5,0.0,0.0,0.1,0,0,0
test,1434,data\processed\exp_001_faces_224\test\1434.png,data\raw\kul-computer-vision-ga-1-2026\test\test_1434.npy,0b0a4072e72daef3dc4bac8b0f1c1c9e7b863e3a,0,32,0.5,2,167.59856666666667,75.56673853952617,9.640315867707173,0.0,255.0,0.0,0.5,0.0,0.0,0.1,0,0,0
test,1465,data\processed\exp_001_faces_224\test\1465.png,data\raw\kul-computer-vision-ga-1-2026\test\test_1465.npy,768660bc5cdf185eb02e53ffc382488f89791213,0,32,0.5,1,71.03858415377402,60.43445703875544,7.398241902577438,0.0,255.0,0.0,0.5,0.0,0.0,0.1,0,0,0
test,1468,data\processed\exp_001_faces_224\test\1468.png,data\raw\kul-computer-vision-ga-1-2026\test\test_1468.npy,ed777664d31ad8d37887853a45ba5727c00e98a5,0,32,0.5,2,206.3641,65.05907370944303,5.172500929022668,0.0,255.0,0.0,0.5,0.0,0.0,0.1,0,0,0
test,1509,data\processed\exp_001_faces_224\test\1509.png,data\raw\kul-computer-vision-ga-1-2026\test\test_1509.npy,a0baeae50dc7570a40baf5187b35d0f618b64c01,0,32,0.5,1,67.01501719024749,67.13205230720256,12.214903327928605,0.0,255.0,0.0,0.5,0.0,0.0,0.1,2,2,2
test,1522,data\processed\exp_001_faces_224\test\1522.png,data\raw\kul-computer-vision-ga-1-2026\test\test_1522.npy,3be268700120fb5a838136466cf7ad03d6c8b38b,0,32,0.5,4,107.79154814814815,83.31316226794371,8.27282608695652,0.0,255.0,0.0,0.5,0.0,0.0,0.1,0,0,0
test,1564,data\processed\exp_001_faces_224\test\1564.png,data\raw\kul-computer-vision-ga-1-2026\test\test_1564.npy,5544fd5dea3e0befc03403b7b3d0ce597caa613b,0,32,0.5,1,90.38833455076698,67.49451549850889,5.529402573305012,0.0,255.0,0.0,0.5,0.0,0.0,0.1,2,2,2
test,1587,data\processed\exp_001_faces_224\test\1587.png,data\raw\kul-computer-vision-ga-1-2026\test\test_1587.npy,97301896fa33f2c2cd2e98cc4c0355076e8e34ea,0,32,0.5,3,79.14755185185186,76.89642742464201,10.841542177629133,0.0,255.0,0.0,0.5,0.0,0.0,0.1,0,0,0
test,1648,data\processed\exp_001_faces_224\test\1648.png,data\raw\kul-computer-vision-ga-1-2026\test\test_1648.npy,addf5886d03c7faf201cd6211efb8d41ae5d0e82,0,32,0.5,1,178.57187825520833,74.6463241809318,6.2589959427497215,0.0,255.0,0.0,0.5,0.0,0.0,0.1,0,0,0
test,1651,data\processed\exp_001_faces_224\test\1651.png,data\raw\kul-computer-vision-ga-1-2026\test\test_1651.npy,74c507859f5f0190108c8830aae6f50f88313605,0,32,0.5,1,108.62617370892019,64.58998560008811,8.884370524773377,0.0,255.0,0.0,0.5,0.0,0.0,0.1,1,1,1
test,1672,data\processed\exp_001_faces_224\test\1672.png,data\raw\kul-computer-vision-ga-1-2026\test\test_1672.npy,02b0e3f36aa6a603f88540425792071a52b7391c,0,32,0.5,1,115.06259515224359,63.32964158054514,5.232269891787789,0.0,255.0,0.0,0.5,0.0,0.0,0.1,2,2,2
test,1695,data\processed\exp_001_faces_224\test\1695.png,data\raw\kul-computer-vision-ga-1-2026\test\test_1695.npy,036cf25a6704f69a5a24c960d632b7212744fb5e,0,32,0.5,2,160.4630859375,82.09345362595853,8.22852518784223,0.0,255.0,0.0,0.5,0.0,0.0,0.1,0,0,0
test,1702,data\processed\exp_001_faces_224\test\1702.png,data\raw\kul-computer-vision-ga-1-2026\test\test_1702.npy,f5e104444fe695885b3453fa6a203d0c0eef83aa,0,32,0.5,1,155.59953666666667,76.09076220180732,6.945116792986482,0.0,255.0,0.0,0.5,0.0,0.0,0.1,0,0,0
test,1722,data\processed\exp_001_faces_224\test\1722.png,data\raw\kul-computer-vision-ga-1-2026\test\test_1722.npy,592cd20870da04ba281e23f05a5ae9c536f9f205,0,32,0.5,1,107.14055179076276,83.23545673310267,4.697968127824624,0.0,252.0,0.0,0.5,0.0,0.0,0.1,2,2,2
test,1752,data\processed\exp_001_faces_224\test\1752.png,data\raw\kul-computer-vision-ga-1-2026\test\test_1752.npy,ea7c4de6d0055936c18166688337e8a6fb5f389e,0,32,0.5,1,82.29737918569255,65.53466564961732,6.357248490950051,0.0,255.0,0.0,0.5,0.0,0.0,0.1,2,2,2
test,1763,data\processed\exp_001_faces_224\test\1763.png,data\raw\kul-computer-vision-ga-1-2026\test\test_1763.npy,1f5e56a4ba01da8d7aa862b42c2759158fc2c7cc,0,32,0.5,2,114.64725925925926,66.5813900602206,4.792154454247447,0.0,254.0,0.0,0.5,0.0,0.0,0.1,0,0,0
test,1771,data\processed\exp_001_faces_224\test\1771.png,data\raw\kul-computer-vision-ga-1-2026\test\test_1771.npy,22cac5a393cdf7fde392712c9de1edaf63178b5c,0,32,0.5,1,140.66157264957266,85.25501051173374,10.644446807423396,0.0,255.0,0.0,0.5,0.0,0.0,0.1,1,1,1
test,1356,data\processed\exp_001_faces_224\test\1356.png,data\raw\kul-computer-vision-ga-1-2026\test\test_1356.npy,20e2065712c411ab41071c369f4953da6fe15b4e,0,40,0.375,1,172.4717181069959,39.35545520579728,4.374766054569976,0.0,255.0,0.0,0.375,0.16112305611334313,0.0,0.09916845841700148,0,0,0
test,1051,data\processed\exp_001_faces_224\test\1051.png,data\raw\kul-computer-vision-ga-1-2026\test\test_1051.npy,caadc6ac942d7c2266e60bdaccc86f8d17c984c1,0,34,0.46875,1,213.51895408407546,45.072545977225396,4.535226589734343,0.0,255.0,0.0,0.46875,0.034844064278947935,0.0,0.09897660964184218,0,0,0
test,634,data\processed\exp_001_faces_224\test\634.png,data\raw\kul-computer-vision-ga-1-2026\test\test_634.npy,9929f54e0a800452ee9bcc197c207f38a40f5695,0,39,0.390625,8,95.05718204535633,59.22585568569447,4.403729480064955,0.0,255.0,0.0,0.390625,0.13832946286108302,0.0,0.09887441942916245,1,1,1
test,1402,data\processed\exp_001_faces_224\test\1402.png,data\raw\kul-computer-vision-ga-1-2026\test\test_1402.npy,fa889d65aee6bfb5871222ce3ccc46beef6abe8c,0,37,0.421875,2,118.41784635416667,80.16052035569098,4.467736493533583,0.0,255.0,0.0,0.421875,0.08795731918806451,0.0,0.09756859787820968,0,0,0
test,572,data\processed\exp_001_faces_224\test\572.png,data\raw\kul-computer-vision-ga-1-2026\test\test_572.npy,c5849f89278aa2e0820bf488aab9ef280aeee513,0,40,0.375,1,175.25333333333333,91.27140888074688,4.391217953436174,0.0,255.0,0.0,0.375,0.1481757653638966,0.0,0.09722636480458449,2,2,2
test,7,data\processed\exp_001_faces_224\test\7.png,data\raw\kul-computer-vision-ga-1-2026\test\test_7.npy,ef6eb948e4d173e1e2b036e6fb7771806da2cb73,0,33,0.484375,4,81.67191522988506,74.90211409001573,6.824660592692798,0.0,255.0,0.0,0.484375,0.0,0.0,0.096875,0,0,0
test,18,data\processed\exp_001_faces_224\test\18.png,data\raw\kul-computer-vision-ga-1-2026\test\test_18.npy,92d554b3392a6e8dcf9877db3297e7546264d60a,0,33,0.484375,1,146.83417824074073,76.70862312635035,7.08012700415302,0.0,255.0,0.0,0.484375,0.0,0.0,0.096875,0,0,0
test,65,data\processed\exp_001_faces_224\test\65.png,data\raw\kul-computer-vision-ga-1-2026\test\test_65.npy,a6e219f0e98ed72a3178567941ded4bc3bd87af3,0,33,0.484375,1,78.93869816118936,54.747030033094,6.392868029957833,0.0,255.0,0.0,0.484375,0.0,0.0,0.096875,0,0,0
test,86,data\processed\exp_001_faces_224\test\86.png,data\raw\kul-computer-vision-ga-1-2026\test\test_86.npy,0f8c7ba8b7b4ca5442927fc5cd8a6786cbbe5cab,0,33,0.484375,3,57.903084569751236,70.3360867694567,6.728390467014044,0.0,255.0,0.0,0.484375,0.0,0.0,0.096875,0,0,0
test,109,data\processed\exp_001_faces_224\test\109.png,data\raw\kul-computer-vision-ga-1-2026\test\test_109.npy,93d1b3ae6326adb64ae19d45e673e0d53ccbbf59,0,33,0.484375,1,143.09973416666668,80.42240369198124,12.817294007184165,0.0,255.0,0.0,0.484375,0.0,0.0,0.096875,0,0,0
test,134,data\processed\exp_001_faces_224\test\134.png,data\raw\kul-computer-vision-ga-1-2026\test\test_134.npy,8893c849288542b114210e1546156062be4ab125,0,33,0.484375,2,113.34416666666667,85.92425172493932,8.47634336677815,0.0,255.0,0.0,0.484375,0.0,0.0,0.096875,0,0,0
test,150,data\processed\exp_001_faces_224\test\150.png,data\raw\kul-computer-vision-ga-1-2026\test\test_150.npy,6105160df3858b08d9bbdef12ca67b2781ad931a,0,33,0.484375,4,113.27948183946746,76.0165864535743,5.622367533121892,0.0,255.0,0.0,0.484375,0.0,0.0,0.096875,1,1,1
test,157,data\processed\exp_001_faces_224\test\157.png,data\raw\kul-computer-vision-ga-1-2026\test\test_157.npy,8893c849288542b114210e1546156062be4ab125,0,33,0.484375,2,113.34416666666667,85.92425172493932,8.47634336677815,0.0,255.0,0.0,0.484375,0.0,0.0,0.096875,0,0,0
test,197,data\processed\exp_001_faces_224\test\197.png,data\raw\kul-computer-vision-ga-1-2026\test\test_197.npy,dd9c18e745b4d3b81174cddc6c678af315bd4a06,0,33,0.484375,2,72.31136296296296,65.84288207370605,7.645629877369009,0.0,255.0,0.0,0.484375,0.0,0.0,0.096875,2,2,2
test,282,data\processed\exp_001_faces_224\test\282.png,data\raw\kul-computer-vision-ga-1-2026\test\test_282.npy,97b6ef6e73f05b0a4c5b3333bf494fc9b6293b9d,0,33,0.484375,3,88.93187193973634,57.328824233614874,8.794214881405622,0.0,255.0,0.0,0.484375,0.0,0.0,0.096875,1,1,1
test,285,data\processed\exp_001_faces_224\test\285.png,data\raw\kul-computer-vision-ga-1-2026\test\test_285.npy,7c891edd61e5f6b72a77c5bfe8695e97a4d8dd88,0,33,0.484375,6,60.65352404643449,43.30809708151076,5.843978746756522,0.0,255.0,0.0,0.484375,0.0,0.0,0.096875,0,0,1
test,302,data\processed\exp_001_faces_224\test\302.png,data\raw\kul-computer-vision-ga-1-2026\test\test_302.npy,312f7d60cd1c4a6783bb89f0ef708ae53f123fc9,0,33,0.484375,2,103.01715185185185,79.37744724882442,7.545386473429951,0.0,255.0,0.0,0.484375,0.0,0.0,0.096875,2,2,2
test,313,data\processed\exp_001_faces_224\test\313.png,data\raw\kul-computer-vision-ga-1-2026\test\test_313.npy,21498ad9b703c56b0ec2fe2419dbb34e85f60057,0,33,0.484375,1,85.0531418918919,71.87535234722975,4.638046647464226,0.0,255.0,0.0,0.484375,0.0,0.0,0.096875,2,2,2
test,314,data\processed\exp_001_faces_224\test\314.png,data\raw\kul-computer-vision-ga-1-2026\test\test_314.npy,66c098fc988c1a3a45670883cbdff5f93d348e5e,0,33,0.484375,1,149.80044484969054,71.74231433804808,7.274286452736869,0.0,255.0,0.0,0.484375,0.0,0.0,0.096875,0,0,0
test,339,data\processed\exp_001_faces_224\test\339.png,data\raw\kul-computer-vision-ga-1-2026\test\test_339.npy,ab6582d5f2d393e6069ce626dc912d39a97a7607,0,33,0.484375,2,158.9637962962963,72.68092452144397,8.77058900037161,0.0,255.0,0.0,0.484375,0.0,0.0,0.096875,0,0,0
test,358,data\processed\exp_001_faces_224\test\358.png,data\raw\kul-computer-vision-ga-1-2026\test\test_358.npy,02b2c75ebc54d275bf1d2028424da58c5c566341,0,33,0.484375,3,101.14975555555556,85.88411388445493,9.371869193608326,0.0,255.0,0.0,0.484375,0.0,0.0,0.096875,0,0,0
test,380,data\processed\exp_001_faces_224\test\380.png,data\raw\kul-computer-vision-ga-1-2026\test\test_380.npy,4f4b4fbffd4886019938092a0ef4e1fba6ce6e88,0,33,0.484375,1,127.48734640522876,80.1662050250717,7.700344357588985,0.0,255.0,0.0,0.484375,0.0,0.0,0.096875,2,2,2
test,385,data\processed\exp_001_faces_224\test\385.png,data\raw\kul-computer-vision-ga-1-2026\test\test_385.npy,386b35b1ec82cfd4f546d4febd74a4b9a8a81a68,0,33,0.484375,1,131.22193764926783,89.57955945501567,7.174088828106215,0.0,255.0,0.0,0.484375,0.0,0.0,0.096875,2,2,2
test,388,data\processed\exp_001_faces_224\test\388.png,data\raw\kul-computer-vision-ga-1-2026\test\test_388.npy,cec6a3f231761aecfa8861bbf4043296e37f1c24,0,33,0.484375,6,98.03752514649058,72.30527036804806,5.692013049147132,0.0,255.0,0.0,0.484375,0.0,0.0,0.096875,0,0,0
test,414,data\processed\exp_001_faces_224\test\414.png,data\raw\kul-computer-vision-ga-1-2026\test\test_414.npy,ab6582d5f2d393e6069ce626dc912d39a97a7607,0,33,0.484375,2,158.9637962962963,72.68092452144397,8.77058900037161,0.0,255.0,0.0,0.484375,0.0,0.0,0.096875,0,0,0
test,477,data\processed\exp_001_faces_224\test\477.png,data\raw\kul-computer-vision-ga-1-2026\test\test_477.npy,17bae2ff799af18354e6903dfdd1e53acd5441a0,0,33,0.484375,1,138.91734848484847,63.33429095798962,11.83109077173205,0.0,255.0,0.0,0.484375,0.0,0.0,0.096875,1,1,1
test,486,data\processed\exp_001_faces_224\test\486.png,data\raw\kul-computer-vision-ga-1-2026\test\test_486.npy,c7c80c84a79b5405e03f059ffe19f04f2bd55379,0,33,0.484375,2,126.18823077940982,72.83849541156812,5.23094157757151,0.0,255.0,0.0,0.484375,0.0,0.0,0.096875,2,2,2
test,529,data\processed\exp_001_faces_224\test\529.png,data\raw\kul-computer-vision-ga-1-2026\test\test_529.npy,f6e5ef8ef93c92881695ad5366180aaff62f7b5b,0,33,0.484375,1,176.5363312974025,69.5571439453567,9.4245523361706,0.0,255.0,0.0,0.484375,0.0,0.0,0.096875,0,0,0
test,558,data\processed\exp_001_faces_224\test\558.png,data\raw\kul-computer-vision-ga-1-2026\test\test_558.npy,b92533ffb30fcce7349f52bc1e9f0b60af8ac128,0,33,0.484375,4,96.11562962962962,84.94407402091232,8.933279450018581,0.0,255.0,0.0,0.484375,0.0,0.0,0.096875,1,1,1
test,578,data\processed\exp_001_faces_224\test\578.png,data\raw\kul-computer-vision-ga-1-2026\test\test_578.npy,3eac51a30799858759d7b30e1d55c0a8c2cee2b6,0,33,0.484375,1,153.83487222222223,71.54473885490818,4.802164446429559,0.0,255.0,0.0,0.484375,0.0,0.0,0.096875,0,0,0
test,603,data\processed\exp_001_faces_224\test\603.png,data\raw\kul-computer-vision-ga-1-2026\test\test_603.npy,55600b76bd790aa24cb30489962c72d67776d091,0,33,0.484375,1,83.93995726495727,67.04842111330697,4.840719583613803,2.0,253.0,0.0,0.484375,0.0,0.0,0.096875,2,2,2
test,628,data\processed\exp_001_faces_224\test\628.png,data\raw\kul-computer-vision-ga-1-2026\test\test_628.npy,36f03750eeedc26300f027d7536e06e0d38fdee0,0,33,0.484375,1,143.81944058641974,91.72723274050225,7.005241478364926,0.0,255.0,0.0,0.484375,0.0,0.0,0.096875,2,2,2
test,640,data\processed\exp_001_faces_224\test\640.png,data\raw\kul-computer-vision-ga-1-2026\test\test_640.npy,9a37e338d37c1653605374e82c2771dec2b5773a,0,33,0.484375,1,141.71539166666668,73.19759976929221,15.526572178774696,0.0,255.0,0.0,0.484375,0.0,0.0,0.096875,0,0,0
test,662,data\processed\exp_001_faces_224\test\662.png,data\raw\kul-computer-vision-ga-1-2026\test\test_662.npy,05be6db5387b84cda0d48c195b0f76dcad0bce56,0,33,0.484375,2,118.33762200532387,86.14366094784265,5.4757951672665985,0.0,255.0,0.0,0.484375,0.0,0.0,0.096875,2,2,2
test,686,data\processed\exp_001_faces_224\test\686.png,data\raw\kul-computer-vision-ga-1-2026\test\test_686.npy,3935f30eba4c47838fba7968642024dc3c8c1161,0,33,0.484375,1,111.52756388888889,62.53704183396541,5.489974933850792,0.0,255.0,0.0,0.484375,0.0,0.0,0.096875,2,2,2
test,690,data\processed\exp_001_faces_224\test\690.png,data\raw\kul-computer-vision-ga-1-2026\test\test_690.npy,be539cf3d5ba48005bfccfc6b53372e18a0b2f74,0,33,0.484375,2,138.86423396965247,63.594652949651895,6.716120120890052,0.0,255.0,0.0,0.484375,0.0,0.0,0.096875,1,1,1
test,747,data\processed\exp_001_faces_224\test\747.png,data\raw\kul-computer-vision-ga-1-2026\test\test_747.npy,6b60c571730ca98e64ebe2b3f0a4af83586f0d8b,0,33,0.484375,2,134.33829225352113,70.91664118475371,7.675746403672424,0.0,255.0,0.0,0.484375,0.0,0.0,0.096875,0,0,0
test,754,data\processed\exp_001_faces_224\test\754.png,data\raw\kul-computer-vision-ga-1-2026\test\test_754.npy,7a2251d7eebdff9cc789bc99024f0c33e4255a6b,0,33,0.484375,2,156.9201962962963,84.94240448396211,8.800752508361203,0.0,255.0,0.0,0.484375,0.0,0.0,0.096875,0,0,0
test,756,data\processed\exp_001_faces_224\test\756.png,data\raw\kul-computer-vision-ga-1-2026\test\test_756.npy,65d3e83a457331bd6403758ad3cef47a443ba8b7,0,33,0.484375,3,62.05324372045338,52.68653846053104,6.202741319995125,0.0,255.0,0.0,0.484375,0.0,0.0,0.096875,1,1,1
test,878,data\processed\exp_001_faces_224\test\878.png,data\raw\kul-computer-vision-ga-1-2026\test\test_878.npy,a2ce2350a2bb930347c98bf0862a6c03353fba01,0,33,0.484375,1,123.0975813339545,69.70033729304161,8.302518910033019,0.0,255.0,0.0,0.484375,0.0,0.0,0.096875,2,2,2
test,880,data\processed\exp_001_faces_224\test\880.png,data\raw\kul-computer-vision-ga-1-2026\test\test_880.npy,b3badbf5f7cc5ae7878e68fc12db406f97f06f88,0,33,0.484375,4,98.76230370370371,78.81305534658152,11.009096989966555,0.0,255.0,0.0,0.484375,0.0,0.0,0.096875,0,0,0
test,895,data\processed\exp_001_faces_224\test\895.png,data\raw\kul-computer-vision-ga-1-2026\test\test_895.npy,eb6e9af576665d128efa2456a8733d7f38b66148,0,33,0.484375,1,57.573110687022904,58.170892167302284,5.389911453947818,0.0,249.0,0.0,0.484375,0.0,0.0,0.096875,0,0,0
test,902,data\processed\exp_001_faces_224\test\902.png,data\raw\kul-computer-vision-ga-1-2026\test\test_902.npy,58b250105b487466c59dae1f73fb254eec9e44ce,0,33,0.484375,1,163.37567320261437,82.11121738210701,14.008918850595935,0.0,255.0,0.0,0.484375,0.0,0.0,0.096875,0,0,0
test,909,data\processed\exp_001_faces_224\test\909.png,data\raw\kul-computer-vision-ga-1-2026\test\test_909.npy,56e0965197a4e6bbb529d6276db10627a1cc0147,0,33,0.484375,1,208.31569135802468,70.00885997335578,6.364144115809162,0.0,255.0,0.0,0.484375,0.0,0.0,0.096875,1,1,1
test,938,data\processed\exp_001_faces_224\test\938.png,data\raw\kul-computer-vision-ga-1-2026\test\test_938.npy,9983395bacae8207f026a99f61e19637403ab37a,0,33,0.484375,1,164.4631257773632,79.42008631012764,11.237780703743852,0.0,255.0,0.0,0.484375,0.0,0.0,0.096875,2,2,2
test,987,data\processed\exp_001_faces_224\test\987.png,data\raw\kul-computer-vision-ga-1-2026\test\test_987.npy,ca202da833cd9fac571eb3d44e139570e888924f,0,33,0.484375,2,172.43440391943386,76.04059196534719,5.08546304877364,0.0,255.0,0.0,0.484375,0.0,0.0,0.096875,0,0,0
test,1031,data\processed\exp_001_faces_224\test\1031.png,data\raw\kul-computer-vision-ga-1-2026\test\test_1031.npy,4b3c0e984d5b93795a3e901f317957ce906169e7,0,33,0.484375,6,116.52496323618043,92.39768045134223,4.742645644233934,0.0,255.0,0.0,0.484375,0.0,0.0,0.096875,0,0,0
test,1053,data\processed\exp_001_faces_224\test\1053.png,data\raw\kul-computer-vision-ga-1-2026\test\test_1053.npy,7aeb487f5172f2eec4cf1f25e330052fb8d81422,0,33,0.484375,1,152.43762981931997,68.92988745105906,9.157272091595843,0.0,255.0,0.0,0.484375,0.0,0.0,0.096875,0,0,0
test,1122,data\processed\exp_001_faces_224\test\1122.png,data\raw\kul-computer-vision-ga-1-2026\test\test_1122.npy,1ffefe38a13fea2217b0db1e07a0ab35a6b807a9,0,33,0.484375,1,187.13464347406392,62.06936870449621,5.682680095764438,0.0,255.0,0.0,0.484375,0.0,0.0,0.096875,0,0,0
test,1138,data\processed\exp_001_faces_224\test\1138.png,data\raw\kul-computer-vision-ga-1-2026\test\test_1138.npy,1d0d6174d7d45731bf52c1824877796485b7e14f,0,33,0.484375,1,104.53714431484998,77.08623546940436,5.3164938813898726,0.0,255.0,0.0,0.484375,0.0,0.0,0.096875,2,2,2
test,1153,data\processed\exp_001_faces_224\test\1153.png,data\raw\kul-computer-vision-ga-1-2026\test\test_1153.npy,aff908733c39a0b5fa1c8286d9349f3c354c03ae,0,33,0.484375,5,95.22940586419753,72.61389263642094,8.639867167329916,0.0,255.0,0.0,0.484375,0.0,0.0,0.096875,1,1,1
test,1220,data\processed\exp_001_faces_224\test\1220.png,data\raw\kul-computer-vision-ga-1-2026\test\test_1220.npy,85916ce7824779519fcca6d36e74aae376e49e1a,0,33,0.484375,1,157.91801875,75.02331086285547,5.5391635338345875,0.0,255.0,0.0,0.484375,0.0,0.0,0.096875,2,2,2
test,1247,data\processed\exp_001_faces_224\test\1247.png,data\raw\kul-computer-vision-ga-1-2026\test\test_1247.npy,9fdb08f0124eabd7f51bd480cd01648932bd7b08,0,33,0.484375,1,115.59026666666666,85.95761437240772,11.151416524402793,0.0,255.0,0.0,0.484375,0.0,0.0,0.096875,2,2,2
test,1267,data\processed\exp_001_faces_224\test\1267.png,data\raw\kul-computer-vision-ga-1-2026\test\test_1267.npy,2c2a43ed4b7f062ff72a3ac221db1f65a340512b,0,33,0.484375,1,121.90322278197593,76.48867688269257,6.028215408823008,0.0,255.0,0.0,0.484375,0.0,0.0,0.096875,2,2,2
test,1297,data\processed\exp_001_faces_224\test\1297.png,data\raw\kul-computer-vision-ga-1-2026\test\test_1297.npy,ede3df1cdb27821c7bdaa6e7be774ed1b2ff9229,0,33,0.484375,1,144.78245925925927,65.6175226482626,4.8043584322566595,0.0,255.0,0.0,0.484375,0.0,0.0,0.096875,0,0,0
test,1312,data\processed\exp_001_faces_224\test\1312.png,data\raw\kul-computer-vision-ga-1-2026\test\test_1312.npy,f969585ab6d025cd9bda81e2e726d2929267a83c,0,33,0.484375,2,60.98567574545665,50.04257120576385,5.460530441979271,0.0,255.0,0.0,0.484375,0.0,0.0,0.096875,0,0,0
test,1355,data\processed\exp_001_faces_224\test\1355.png,data\raw\kul-computer-vision-ga-1-2026\test\test_1355.npy,b1b38547f65226eb3e4a0ecfb38c72dad4332b3c,0,33,0.484375,1,128.954810890972,56.657238342272734,9.926489247451094,0.0,255.0,0.0,0.484375,0.0,0.0,0.096875,2,2,2
test,1372,data\processed\exp_001_faces_224\test\1372.png,data\raw\kul-computer-vision-ga-1-2026\test\test_1372.npy,6a1e4d62fd06d1a3e7d87998fac7ef4403be9421,0,33,0.484375,1,162.75562527233114,88.60750297703194,7.293591051488567,0.0,255.0,0.0,0.484375,0.0,0.0,0.096875,0,0,0
test,1379,data\processed\exp_001_faces_224\test\1379.png,data\raw\kul-computer-vision-ga-1-2026\test\test_1379.npy,a4881e6f5caf6dc4b333805894408bcdce76dba1,0,33,0.484375,1,78.87219012345679,54.876777592679815,4.91453848195351,0.0,255.0,0.0,0.484375,0.0,0.0,0.096875,0,0,0
test,1443,data\processed\exp_001_faces_224\test\1443.png,data\raw\kul-computer-vision-ga-1-2026\test\test_1443.npy,4b9b9ab409db7c6e8666c50f127b0d85985f755c,0,33,0.484375,1,180.08581918141135,60.60761614481225,4.900147242022754,0.0,255.0,0.0,0.484375,0.0,0.0,0.096875,0,0,0
test,1510,data\processed\exp_001_faces_224\test\1510.png,data\raw\kul-computer-vision-ga-1-2026\test\test_1510.npy,698e3fb24c59383663448a35718df99ffb1f1a0d,0,33,0.484375,3,107.86343333333333,74.75394347029707,9.286341508732814,0.0,255.0,0.0,0.484375,0.0,0.0,0.096875,1,1,1
test,1555,data\processed\exp_001_faces_224\test\1555.png,data\raw\kul-computer-vision-ga-1-2026\test\test_1555.npy,ca202da833cd9fac571eb3d44e139570e888924f,0,33,0.484375,2,172.43440391943386,76.04059196534719,5.08546304877364,0.0,255.0,0.0,0.484375,0.0,0.0,0.096875,0,0,0
test,1591,data\processed\exp_001_faces_224\test\1591.png,data\raw\kul-computer-vision-ga-1-2026\test\test_1591.npy,f7013ff4c71dc62349b3aa5f2bfdd1d09c289ee7,0,33,0.484375,1,124.60339166666667,70.91004559100791,4.980748472118609,0.0,255.0,0.0,0.484375,0.0,0.0,0.096875,0,0,0
test,1626,data\processed\exp_001_faces_224\test\1626.png,data\raw\kul-computer-vision-ga-1-2026\test\test_1626.npy,29c81abd4a6ef66def3b3c10fb0b21d479d72706,0,33,0.484375,1,123.58450940860214,75.20746535231059,7.1561942193226376,0.0,255.0,0.0,0.484375,0.0,0.0,0.096875,0,0,0
test,1635,data\processed\exp_001_faces_224\test\1635.png,data\raw\kul-computer-vision-ga-1-2026\test\test_1635.npy,d5bd2caf477710955894cdb26ff31a45f19c4f85,0,33,0.484375,1,96.59501857282503,100.00034194376846,5.104403481166342,0.0,255.0,0.0,0.484375,0.0,0.0,0.096875,1,1,1
test,1657,data\processed\exp_001_faces_224\test\1657.png,data\raw\kul-computer-vision-ga-1-2026\test\test_1657.npy,b3badbf5f7cc5ae7878e68fc12db406f97f06f88,0,33,0.484375,4,98.76230370370371,78.81305534658152,11.009096989966555,0.0,255.0,0.0,0.484375,0.0,0.0,0.096875,0,0,0
test,1670,data\processed\exp_001_faces_224\test\1670.png,data\raw\kul-computer-vision-ga-1-2026\test\test_1670.npy,aeedb546c6f48d25914da590e9d51b7e6982308d,0,33,0.484375,1,153.75183615819208,66.5096883928388,5.9765112487853465,0.0,255.0,0.0,0.484375,0.0,0.0,0.096875,2,2,2
test,1713,data\processed\exp_001_faces_224\test\1713.png,data\raw\kul-computer-vision-ga-1-2026\test\test_1713.npy,fbee9e5e81ab577434d510bba1e348dee45b1da9,0,33,0.484375,2,172.24232937574672,74.04737595026985,4.7947728236282785,0.0,255.0,0.0,0.484375,0.0,0.0,0.096875,0,0,0
test,900,data\processed\exp_001_faces_224\test\900.png,data\raw\kul-computer-vision-ga-1-2026\test\test_900.npy,bc980c1b74a861fb0ada801715d20fa6d9803885,0,36,0.4375,1,124.30728380854963,80.91095051012628,4.519220926742442,0.0,255.0,0.0,0.4375,0.047440176987832976,0.0,0.09461602654817496,2,2,2
test,912,data\processed\exp_001_faces_224\test\912.png,data\raw\kul-computer-vision-ga-1-2026\test\test_912.npy,8f8978a72b3e13d7fc93a7694697d8707088ce65,0,36,0.4375,1,206.2813088435374,41.47241046720577,4.524139718924818,0.0,255.0,0.0,0.4375,0.04356919327712083,0.0,0.09403537899156814,0,0,0
test,24,data\processed\exp_001_faces_224\test\24.png,data\raw\kul-computer-vision-ga-1-2026\test\test_24.npy,a82fe8e5c181ae5f3a2cf5dccdd2449ed321ebb6,0,34,0.46875,1,156.31133965351842,74.8814935522632,6.1566333831842766,0.0,255.0,0.0,0.46875,0.0,0.0,0.09375,0,0,0
test,97,data\processed\exp_001_faces_224\test\97.png,data\raw\kul-computer-vision-ga-1-2026\test\test_97.npy,f94e1adb505b50a8bea599ce62207ed6a56e933c,0,34,0.46875,1,146.2654092891968,77.47244985137317,7.69373771792247,0.0,255.0,0.0,0.46875,0.0,0.0,0.09375,0,0,0
test,217,data\processed\exp_001_faces_224\test\217.png,data\raw\kul-computer-vision-ga-1-2026\test\test_217.npy,60619f731a9625b9d04c00f1d72b9740006e9afb,0,34,0.46875,1,86.78107523849805,52.39359161868531,5.927118993137623,0.0,250.0,0.0,0.46875,0.0,0.0,0.09375,1,1,1
test,248,data\processed\exp_001_faces_224\test\248.png,data\raw\kul-computer-vision-ga-1-2026\test\test_248.npy,a1639f7948d6e9216e8aec1439aeb51d4fa3c79a,0,34,0.46875,1,156.49297979797979,76.13781239285306,5.070462836820289,0.0,255.0,0.0,0.46875,0.0,0.0,0.09375,2,2,2
test,250,data\processed\exp_001_faces_224\test\250.png,data\raw\kul-computer-vision-ga-1-2026\test\test_250.npy,14e2d7f01a1c89f6cbb10a7a91d9797c3b47c358,0,34,0.46875,3,60.63522578644338,44.40815838817616,7.0011575768768575,0.0,255.0,0.0,0.46875,0.0,0.0,0.09375,0,0,1
test,252,data\processed\exp_001_faces_224\test\252.png,data\raw\kul-computer-vision-ga-1-2026\test\test_252.npy,1910da4abf6016a3bbdafc83b376dd5dcf6b4cf1,0,34,0.46875,3,119.52513550135501,80.99255282200461,9.371228845408753,0.0,255.0,0.0,0.46875,0.0,0.0,0.09375,0,0,0
test,310,data\processed\exp_001_faces_224\test\310.png,data\raw\kul-computer-vision-ga-1-2026\test\test_310.npy,802ce4d0850889828a01dc1384d88f500cefb0f9,0,34,0.46875,1,152.588427672956,66.02028727724513,7.359809943033021,0.0,255.0,0.0,0.46875,0.0,0.0,0.09375,0,0,0
test,378,data\processed\exp_001_faces_224\test\378.png,data\raw\kul-computer-vision-ga-1-2026\test\test_378.npy,9eb3740ab5db17e347da91d15d014999a18550a3,0,34,0.46875,2,111.91877869878944,81.86969633664289,8.616400773685923,0.0,255.0,0.0,0.46875,0.0,0.0,0.09375,2,2,2
test,426,data\processed\exp_001_faces_224\test\426.png,data\raw\kul-computer-vision-ga-1-2026\test\test_426.npy,b62ac419621a5f883ceb6783f70441986cb11a7b,0,34,0.46875,9,48.89919571894494,52.730985563961134,5.322250060844221,0.0,255.0,0.0,0.46875,0.0,0.0,0.09375,1,1,1
test,431,data\processed\exp_001_faces_224\test\431.png,data\raw\kul-computer-vision-ga-1-2026\test\test_431.npy,5299164f2adf8b997c322853b83185032e756495,0,34,0.46875,1,126.4660138888889,65.67971045747373,7.96499730992987,0.0,255.0,0.0,0.46875,0.0,0.0,0.09375,0,0,0
test,434,data\processed\exp_001_faces_224\test\434.png,data\raw\kul-computer-vision-ga-1-2026\test\test_434.npy,37979ce8a3469f5946662ba6317297da20430471,0,34,0.46875,1,171.94746803548617,73.75179061180182,4.811010568316958,0.0,255.0,0.0,0.46875,0.0,0.0,0.09375,2,2,2
test,458,data\processed\exp_001_faces_224\test\458.png,data\raw\kul-computer-vision-ga-1-2026\test\test_458.npy,6c1149b475087527ae70566cbd43b2a3cdd04aa3,0,34,0.46875,3,92.59400655864198,84.42960677824988,7.542820181072495,0.0,255.0,0.0,0.46875,0.0,0.0,0.09375,1,1,1
test,460,data\processed\exp_001_faces_224\test\460.png,data\raw\kul-computer-vision-ga-1-2026\test\test_460.npy,48486dda21883586deba6748112c5127415029b6,0,34,0.46875,1,94.83106217701854,54.684898993529025,9.599066318602635,0.0,255.0,0.0,0.46875,0.0,0.0,0.09375,0,0,1
test,467,data\processed\exp_001_faces_224\test\467.png,data\raw\kul-computer-vision-ga-1-2026\test\test_467.npy,919496a139af9401793718d51d968bcbf4d167fe,0,34,0.46875,1,46.96583663446113,45.26518484737451,4.662381257248915,0.0,255.0,0.0,0.46875,0.0,0.0,0.09375,0,0,0
test,470,data\processed\exp_001_faces_224\test\470.png,data\raw\kul-computer-vision-ga-1-2026\test\test_470.npy,07e3405ccb3c474bea472e702fb59d8d8d52f071,0,34,0.46875,1,146.62564720048164,87.3392559597631,6.758018633215948,0.0,255.0,0.0,0.46875,0.0,0.0,0.09375,0,0,0
test,574,data\processed\exp_001_faces_224\test\574.png,data\raw\kul-computer-vision-ga-1-2026\test\test_574.npy,29bd35ebfcd4ee7a2a7aff05256e3b2c3773bfe6,0,34,0.46875,2,147.1545096418733,58.68080995818888,6.155843330676595,0.0,255.0,0.0,0.46875,0.0,0.0,0.09375,0,0,0
test,588,data\processed\exp_001_faces_224\test\588.png,data\raw\kul-computer-vision-ga-1-2026\test\test_588.npy,087e43b0dc6c245252c19c7d5cd3981acb588424,0,34,0.46875,1,143.26743666666667,79.81289249005653,14.481558529858784,0.0,255.0,0.0,0.46875,0.0,0.0,0.09375,0,0,0
test,610,data\processed\exp_001_faces_224\test\610.png,data\raw\kul-computer-vision-ga-1-2026\test\test_610.npy,48862b2d552e531a9c38921b46ab7b47152f9aa8,0,34,0.46875,5,158.27943287037036,83.86095515324996,7.487272870211734,0.0,255.0,0.0,0.46875,0.0,0.0,0.09375,0,0,0
test,620,data\processed\exp_001_faces_224\test\620.png,data\raw\kul-computer-vision-ga-1-2026\test\test_620.npy,bf601b11ff895598bf8c8c154876ca0e3accf9c9,0,34,0.46875,5,50.06538221723407,54.93565502299053,6.412714045883964,0.0,255.0,0.0,0.46875,0.0,0.0,0.09375,0,0,0
test,638,data\processed\exp_001_faces_224\test\638.png,data\raw\kul-computer-vision-ga-1-2026\test\test_638.npy,b9389106f0a1b013abf3b4aa289e456fe8e7fc39,0,34,0.46875,2,95.14796324499949,58.84763686305679,5.462056305355582,0.0,255.0,0.0,0.46875,0.0,0.0,0.09375,0,0,0
test,653,data\processed\exp_001_faces_224\test\653.png,data\raw\kul-computer-vision-ga-1-2026\test\test_653.npy,eb268af1dd0485e2c3f6a6a37dae9a1eef192f71,0,34,0.46875,2,63.85070536828964,62.03874847916226,7.646571275047372,0.0,255.0,0.0,0.46875,0.0,0.0,0.09375,1,1,1
test,722,data\processed\exp_001_faces_224\test\722.png,data\raw\kul-computer-vision-ga-1-2026\test\test_722.npy,91f563ebab2cd94b181827d2f57c717c44c25df3,0,34,0.46875,1,131.98670491143318,68.75890283720273,11.231518068431889,0.0,255.0,0.0,0.46875,0.0,0.0,0.09375,1,1,1
test,725,data\processed\exp_001_faces_224\test\725.png,data\raw\kul-computer-vision-ga-1-2026\test\test_725.npy,a6ca8933dd41afcb5ddd29477686e643fdfd1a06,0,34,0.46875,2,133.26995277777777,100.91336807407295,5.504588856245035,0.0,255.0,0.0,0.46875,0.0,0.0,0.09375,2,2,2
test,755,data\processed\exp_001_faces_224\test\755.png,data\raw\kul-computer-vision-ga-1-2026\test\test_755.npy,42f78943e36baf2e67cff2fcecf424d9a3d2bca3,0,34,0.46875,2,122.86287407407407,87.73226690186284,11.137010405053884,0.0,255.0,0.0,0.46875,0.0,0.0,0.09375,0,0,0
test,757,data\processed\exp_001_faces_224\test\757.png,data\raw\kul-computer-vision-ga-1-2026\test\test_757.npy,d2030b94d99969a06f71dc7bc037474713fabe92,0,34,0.46875,3,121.0195486111111,90.49396703228724,9.481366202472206,0.0,255.0,0.0,0.46875,0.0,0.0,0.09375,1,1,1
test,787,data\processed\exp_001_faces_224\test\787.png,data\raw\kul-computer-vision-ga-1-2026\test\test_787.npy,de7db22f38e44be75381882a6775ba04c7f59c41,0,34,0.46875,1,167.3876793691969,77.76765023444133,9.01664228931991,0.0,255.0,0.0,0.46875,0.0,0.0,0.09375,0,0,0
test,803,data\processed\exp_001_faces_224\test\803.png,data\raw\kul-computer-vision-ga-1-2026\test\test_803.npy,751bf5bffe69d47b19d89d36c1a63242810c70c1,0,34,0.46875,1,141.17188333333334,83.3124845286824,8.030187279560849,0.0,255.0,0.0,0.46875,0.0,0.0,0.09375,2,2,2
test,805,data\processed\exp_001_faces_224\test\805.png,data\raw\kul-computer-vision-ga-1-2026\test\test_805.npy,aeaa8841f4be558551f23524701370466bd9140a,0,34,0.46875,4,117.08267777777777,86.71256595220034,16.87570977331847,0.0,255.0,0.0,0.46875,0.0,0.0,0.09375,1,1,1
test,848,data\processed\exp_001_faces_224\test\848.png,data\raw\kul-computer-vision-ga-1-2026\test\test_848.npy,1910da4abf6016a3bbdafc83b376dd5dcf6b4cf1,0,34,0.46875,3,119.52513550135501,80.99255282200461,9.371228845408753,0.0,255.0,0.0,0.46875,0.0,0.0,0.09375,0,0,0
test,875,data\processed\exp_001_faces_224\test\875.png,data\raw\kul-computer-vision-ga-1-2026\test\test_875.npy,567d45d2755e001da1caabeb5822f8ae52481993,0,34,0.46875,1,171.7184333382476,77.72138320833172,4.809363141566136,0.0,255.0,0.0,0.46875,0.0,0.0,0.09375,1,1,1
test,885,data\processed\exp_001_faces_224\test\885.png,data\raw\kul-computer-vision-ga-1-2026\test\test_885.npy,d5b0c34db689c636c2d86d8b82b4ee4cfdaed2c7,0,34,0.46875,2,142.09424127784783,75.88354842691686,7.650199859966809,0.0,255.0,0.0,0.46875,0.0,0.0,0.09375,0,0,0
test,898,data\processed\exp_001_faces_224\test\898.png,data\raw\kul-computer-vision-ga-1-2026\test\test_898.npy,3d6513b0cc5210d5e6f6dc57f19bf4ec05a223bb,0,34,0.46875,3,144.83216296296297,77.3353648271683,7.403825715347455,0.0,255.0,0.0,0.46875,0.0,0.0,0.09375,0,0,0
test,915,data\processed\exp_001_faces_224\test\915.png,data\raw\kul-computer-vision-ga-1-2026\test\test_915.npy,12a088b1c38e97cb9ad7d13b10d00f0df9a51f78,0,34,0.46875,1,179.47394894452626,82.05912383999524,4.9959916168278,13.0,255.0,0.0,0.46875,0.0,0.0,0.09375,2,2,2
test,994,data\processed\exp_001_faces_224\test\994.png,data\raw\kul-computer-vision-ga-1-2026\test\test_994.npy,7b5b95e46078245fe313196306377f5e235ad7ce,0,34,0.46875,2,86.91711358024692,87.7002067734907,14.715491212286992,0.0,255.0,0.0,0.46875,0.0,0.0,0.09375,0,0,0
test,1005,data\processed\exp_001_faces_224\test\1005.png,data\raw\kul-computer-vision-ga-1-2026\test\test_1005.npy,0574695ca5ab09ca895bb9d49c61d40b16c501f3,0,34,0.46875,1,98.61676153846153,49.40315727556711,6.427000952140337,0.0,253.0,0.0,0.46875,0.0,0.0,0.09375,0,0,0
test,1008,data\processed\exp_001_faces_224\test\1008.png,data\raw\kul-computer-vision-ga-1-2026\test\test_1008.npy,f8d4a1da4d0aab5add42adba1275dd696b13bc69,0,34,0.46875,1,156.73433610780816,76.33408822767277,14.726393045667336,0.0,255.0,0.0,0.46875,0.0,0.0,0.09375,0,0,0
test,1037,data\processed\exp_001_faces_224\test\1037.png,data\raw\kul-computer-vision-ga-1-2026\test\test_1037.npy,6db4f057127895aa4aaf3c1507fbad4712ef76fb,0,34,0.46875,3,80.82494074074074,74.14824274656746,9.503515421776292,0.0,255.0,0.0,0.46875,0.0,0.0,0.09375,0,0,0
test,1058,data\processed\exp_001_faces_224\test\1058.png,data\raw\kul-computer-vision-ga-1-2026\test\test_1058.npy,9bd9feb18deccd9d541330eec4ad06838611a00a,0,34,0.46875,2,107.63833209876543,72.01365167239759,11.212682041627575,0.0,255.0,0.0,0.46875,0.0,0.0,0.09375,1,1,1
test,1160,data\processed\exp_001_faces_224\test\1160.png,data\raw\kul-computer-vision-ga-1-2026\test\test_1160.npy,953084983a5df1b9efc9d3aaea46dcea3627bcd2,0,34,0.46875,2,113.27385430864759,66.4559577524451,11.887644486955079,0.0,255.0,0.0,0.46875,0.0,0.0,0.09375,2,2,2
test,1170,data\processed\exp_001_faces_224\test\1170.png,data\raw\kul-computer-vision-ga-1-2026\test\test_1170.npy,3d6513b0cc5210d5e6f6dc57f19bf4ec05a223bb,0,34,0.46875,3,144.83216296296297,77.3353648271683,7.403825715347455,0.0,255.0,0.0,0.46875,0.0,0.0,0.09375,0,0,0
test,1184,data\processed\exp_001_faces_224\test\1184.png,data\raw\kul-computer-vision-ga-1-2026\test\test_1184.npy,898fd8e0b4d6c011163c92119a702394120a27ff,0,34,0.46875,2,88.48223129251701,78.08909298651578,10.975061165679056,0.0,255.0,0.0,0.46875,0.0,0.0,0.09375,0,0,0
test,1261,data\processed\exp_001_faces_224\test\1261.png,data\raw\kul-computer-vision-ga-1-2026\test\test_1261.npy,ad38afeee78fb02ba8aef97f75183d1a1027b60a,0,34,0.46875,1,98.0916054016207,58.14892011422939,6.7464382988322456,0.0,255.0,0.0,0.46875,0.0,0.0,0.09375,2,2,2
test,1301,data\processed\exp_001_faces_224\test\1301.png,data\raw\kul-computer-vision-ga-1-2026\test\test_1301.npy,9e2465451da8df424e618df6502641001c0685f5,0,34,0.46875,3,79.64794444444445,82.74915956514396,7.628153102935711,0.0,255.0,0.0,0.46875,0.0,0.0,0.09375,1,1,1
test,1327,data\processed\exp_001_faces_224\test\1327.png,data\raw\kul-computer-vision-ga-1-2026\test\test_1327.npy,b5870a8c39ccb73abcb213f36edb79fa556ffcda,0,34,0.46875,1,107.15165038002172,76.93243435649717,6.602707754797349,0.0,255.0,0.0,0.46875,0.0,0.0,0.09375,0,0,0
test,1438,data\processed\exp_001_faces_224\test\1438.png,data\raw\kul-computer-vision-ga-1-2026\test\test_1438.npy,d34e6010af06050aa7d778526993b60d7387ad6e,0,34,0.46875,1,141.32557444444444,63.287197179498165,5.812115363541031,0.0,255.0,0.0,0.46875,0.0,0.0,0.09375,0,0,0
test,1486,data\processed\exp_001_faces_224\test\1486.png,data\raw\kul-computer-vision-ga-1-2026\test\test_1486.npy,66b8c2976894176a41cd35b59d6ec5700e822599,0,34,0.46875,1,98.87313044659169,67.31711440367734,8.576731122524354,0.0,255.0,0.0,0.46875,0.0,0.0,0.09375,0,0,0
test,1514,data\processed\exp_001_faces_224\test\1514.png,data\raw\kul-computer-vision-ga-1-2026\test\test_1514.npy,41e70df38b27370c57935340096662da2edca07a,0,34,0.46875,2,115.24906666666666,72.38972719131212,19.973039762170195,0.0,255.0,0.0,0.46875,0.0,0.0,0.09375,1,1,1
test,1556,data\processed\exp_001_faces_224\test\1556.png,data\raw\kul-computer-vision-ga-1-2026\test\test_1556.npy,42f78943e36baf2e67cff2fcecf424d9a3d2bca3,0,34,0.46875,2,122.86287407407407,87.73226690186284,11.137010405053884,0.0,255.0,0.0,0.46875,0.0,0.0,0.09375,0,0,0
test,1619,data\processed\exp_001_faces_224\test\1619.png,data\raw\kul-computer-vision-ga-1-2026\test\test_1619.npy,6c1d82134bc4f3478c45a6e2da3cc23b8d2601d5,0,34,0.46875,2,115.20828317901234,80.48891420715631,8.390759345375841,0.0,255.0,0.0,0.46875,0.0,0.0,0.09375,0,0,0
test,1639,data\processed\exp_001_faces_224\test\1639.png,data\raw\kul-computer-vision-ga-1-2026\test\test_1639.npy,1ab3c78fa5367506c7e894e27b5ec48d0d2cf7c0,0,34,0.46875,1,179.7270025360302,80.05636269231913,6.5599177723220805,0.0,255.0,0.0,0.46875,0.0,0.0,0.09375,1,1,1
test,1668,data\processed\exp_001_faces_224\test\1668.png,data\raw\kul-computer-vision-ga-1-2026\test\test_1668.npy,147c8fe6e74c45b4fbdbbc5017e88f219d19ac26,0,34,0.46875,1,148.58425775978407,85.91048097517353,6.869835451414398,0.0,255.0,0.0,0.46875,0.0,0.0,0.09375,1,1,1
test,1680,data\processed\exp_001_faces_224\test\1680.png,data\raw\kul-computer-vision-ga-1-2026\test\test_1680.npy,9b95639431fe763f4ddf00883c6811e6c7e4e760,0,34,0.46875,10,42.79138608305275,56.25773469547089,5.325524354073627,0.0,255.0,0.0,0.46875,0.0,0.0,0.09375,1,1,1
test,1690,data\processed\exp_001_faces_224\test\1690.png,data\raw\kul-computer-vision-ga-1-2026\test\test_1690.npy,66926c13779df0b9d60a1fe1a65ba950c0136a20,0,34,0.46875,2,67.40810833333333,69.22643012711127,12.2436252478558,0.0,255.0,0.0,0.46875,0.0,0.0,0.09375,0,0,0
test,1712,data\processed\exp_001_faces_224\test\1712.png,data\raw\kul-computer-vision-ga-1-2026\test\test_1712.npy,d3963c2e07a3c23b8b7697dde94debbde76226d0,0,34,0.46875,2,159.00619215409912,72.27169978490274,8.58771657892062,0.0,255.0,0.0,0.46875,0.0,0.0,0.09375,1,1,1
test,211,data\processed\exp_001_faces_224\test\211.png,data\raw\kul-computer-vision-ga-1-2026\test\test_211.npy,bbd3ec8c3bebd0a362fc19621ebd54e70c9d689a,0,39,0.390625,2,69.65717478828266,64.95127011549815,4.4523708825331685,0.0,255.0,0.0,0.390625,0.10004972473852765,0.0,0.09313245871077915,0,0,0
test,274,data\processed\exp_001_faces_224\test\274.png,data\raw\kul-computer-vision-ga-1-2026\test\test_274.npy,617aeedcda82ab7360d6315f735bfed023243879,0,36,0.4375,2,113.62226926957567,67.32794139943155,4.550635862350771,0.0,255.0,0.0,0.4375,0.022717297975254274,0.0,0.09090759469628815,0,0,0
test,47,data\processed\exp_001_faces_224\test\47.png,data\raw\kul-computer-vision-ga-1-2026\test\test_47.npy,85eb263f83518626ef0f37eb4774e1fcc614c46e,0,35,0.453125,1,171.92489389424256,74.47678812837952,7.060580014123893,0.0,255.0,0.0,0.453125,0.0,0.0,0.09062500000000001,0,0,0
test,178,data\processed\exp_001_faces_224\test\178.png,data\raw\kul-computer-vision-ga-1-2026\test\test_178.npy,2c015385e06397259e605263544345dc08e663c2,0,35,0.453125,1,154.99822309773958,90.23915963955059,7.772491487525987,0.0,255.0,0.0,0.453125,0.0,0.0,0.09062500000000001,0,0,0
test,240,data\processed\exp_001_faces_224\test\240.png,data\raw\kul-computer-vision-ga-1-2026\test\test_240.npy,e6549dc46bf6b3f376275e5f258b8fd81b423941,0,35,0.453125,1,53.51091078466654,50.47504282232143,5.622496062197788,0.0,255.0,0.0,0.453125,0.0,0.0,0.09062500000000001,1,1,1
test,253,data\processed\exp_001_faces_224\test\253.png,data\raw\kul-computer-vision-ga-1-2026\test\test_253.npy,48559da23e53ef6f198c4769b250ef0901edfd52,0,35,0.453125,3,72.46864417989418,64.06052958472151,6.83771086275509,0.0,255.0,0.0,0.453125,0.0,0.0,0.09062500000000001,0,0,0
test,333,data\processed\exp_001_faces_224\test\333.png,data\raw\kul-computer-vision-ga-1-2026\test\test_333.npy,774bd0534d669ec3076ec9626cc7ac0d76ffda0b,0,35,0.453125,2,113.17797853309482,74.95273879134722,7.299439908505809,0.0,255.0,0.0,0.453125,0.0,0.0,0.09062500000000001,0,0,0
test,365,data\processed\exp_001_faces_224\test\365.png,data\raw\kul-computer-vision-ga-1-2026\test\test_365.npy,9bd37fbaf76c648d60c7935af19d6453c32002eb,0,35,0.453125,2,76.8664255319149,79.04193420922361,7.148318096316357,0.0,255.0,0.0,0.453125,0.0,0.0,0.09062500000000001,1,1,1
test,381,data\processed\exp_001_faces_224\test\381.png,data\raw\kul-computer-vision-ga-1-2026\test\test_381.npy,af74f1f62f1ca24ca5245c188730c29ad3cd8479,0,35,0.453125,1,101.63867135410352,63.16086256382033,5.556321185670898,0.0,255.0,0.0,0.453125,0.0,0.0,0.09062500000000001,1,1,1
test,452,data\processed\exp_001_faces_224\test\452.png,data\raw\kul-computer-vision-ga-1-2026\test\test_452.npy,485e50c33f47c1003c1c67df9619ed536659bd56,0,35,0.453125,1,79.90950770226675,55.38615856690325,9.529793588692257,0.0,255.0,0.0,0.453125,0.0,0.0,0.09062500000000001,0,0,0
test,469,data\processed\exp_001_faces_224\test\469.png,data\raw\kul-computer-vision-ga-1-2026\test\test_469.npy,039f5a188d16cc1b3e28e3bfd71ff2e33bea46ba,0,35,0.453125,2,93.22664636749678,50.19365453655767,5.234982778556784,0.0,255.0,0.0,0.453125,0.0,0.0,0.09062500000000001,0,0,0
test,472,data\processed\exp_001_faces_224\test\472.png,data\raw\kul-computer-vision-ga-1-2026\test\test_472.npy,0ac8bb7c4b75201a10d2ef5fe4af2cb59040df95,0,35,0.453125,6,71.04142338961852,62.805793813234665,4.910771348348046,0.0,255.0,0.0,0.453125,0.0,0.0,0.09062500000000001,0,0,0
test,474,data\processed\exp_001_faces_224\test\474.png,data\raw\kul-computer-vision-ga-1-2026\test\test_474.npy,abe8b385b25a197ae5d10b135720b7cf50df3092,0,35,0.453125,2,97.03455259711916,77.51061392186264,9.571651858367504,0.0,255.0,0.0,0.453125,0.0,0.0,0.09062500000000001,2,2,2
test,569,data\processed\exp_001_faces_224\test\569.png,data\raw\kul-computer-vision-ga-1-2026\test\test_569.npy,2776ce556a0be7966f7a3eafba22a59e6794782f,0,35,0.453125,2,158.45342592592593,64.92148221565682,8.230553697510219,0.0,255.0,0.0,0.453125,0.0,0.0,0.09062500000000001,0,0,0
test,661,data\processed\exp_001_faces_224\test\661.png,data\raw\kul-computer-vision-ga-1-2026\test\test_661.npy,c548ce31ed47babae2e7a33a309218bc5a2ea94d,0,35,0.453125,2,117.03487777777778,81.62774316316107,8.644966555183947,0.0,255.0,0.0,0.453125,0.0,0.0,0.09062500000000001,1,1,1
test,663,data\processed\exp_001_faces_224\test\663.png,data\raw\kul-computer-vision-ga-1-2026\test\test_663.npy,a9838e2f70181ff034e08fd4d2e2550b9442b68c,0,35,0.453125,2,137.21437037037037,76.80536700582755,10.359576365663322,0.0,255.0,0.0,0.453125,0.0,0.0,0.09062500000000001,0,0,0
test,664,data\processed\exp_001_faces_224\test\664.png,data\raw\kul-computer-vision-ga-1-2026\test\test_664.npy,5ddd77bda37a8daa6af0764a3208341314433e5c,0,35,0.453125,1,153.9290619437926,80.93037291608155,4.900559226075801,0.0,255.0,0.0,0.453125,0.0,0.0,0.09062500000000001,0,0,0
test,685,data\processed\exp_001_faces_224\test\685.png,data\raw\kul-computer-vision-ga-1-2026\test\test_685.npy,cb8370db3925cbdf9d2ac013be05c7adb949be20,0,35,0.453125,2,129.39888352120235,88.23331268490665,7.202626348875908,0.0,255.0,0.0,0.453125,0.0,0.0,0.09062500000000001,2,2,2
test,744,data\processed\exp_001_faces_224\test\744.png,data\raw\kul-computer-vision-ga-1-2026\test\test_744.npy,2b867253687fb8b7a892cd9ddb3fb5a31b27b138,0,35,0.453125,2,61.82980478182498,56.458790662239025,5.884745011442915,0.0,255.0,0.0,0.453125,0.0,0.0,0.09062500000000001,0,0,0
test,768,data\processed\exp_001_faces_224\test\768.png,data\raw\kul-computer-vision-ga-1-2026\test\test_768.npy,0e8560a279946f40bf0845ee5a7ebe28c9aecb08,0,35,0.453125,2,154.43524108672597,56.814645702020925,7.915649945985704,0.0,255.0,0.0,0.453125,0.0,0.0,0.09062500000000001,0,0,0
test,799,data\processed\exp_001_faces_224\test\799.png,data\raw\kul-computer-vision-ga-1-2026\test\test_799.npy,33fa5778f688e1f5a1b09f8e7efbf7f0ee80bbb1,0,35,0.453125,4,120.17155925925925,86.19381416757177,9.773493125232255,0.0,255.0,0.0,0.453125,0.0,0.0,0.09062500000000001,0,0,0
test,821,data\processed\exp_001_faces_224\test\821.png,data\raw\kul-computer-vision-ga-1-2026\test\test_821.npy,1d0cd401fc20dfb01b12304e3d4e600f20554a44,0,35,0.453125,2,138.51642592592592,83.04002161276341,11.359485321441843,0.0,255.0,0.0,0.453125,0.0,0.0,0.09062500000000001,0,0,0
test,841,data\processed\exp_001_faces_224\test\841.png,data\raw\kul-computer-vision-ga-1-2026\test\test_841.npy,e990127313c8ce1df93b143e0d4750b4754362eb,0,35,0.453125,1,133.57479483290064,67.24980991906277,7.390355848974377,0.0,255.0,0.0,0.453125,0.0,0.0,0.09062500000000001,2,2,2
test,864,data\processed\exp_001_faces_224\test\864.png,data\raw\kul-computer-vision-ga-1-2026\test\test_864.npy,bff0f154fe2ce08bb4926e8edaf390e8dd42f9cf,0,35,0.453125,1,128.44649343242617,63.97047688063456,8.550561553803945,0.0,255.0,0.0,0.453125,0.0,0.0,0.09062500000000001,2,2,2
test,940,data\processed\exp_001_faces_224\test\940.png,data\raw\kul-computer-vision-ga-1-2026\test\test_940.npy,c548ce31ed47babae2e7a33a309218bc5a2ea94d,0,35,0.453125,2,117.03487777777778,81.62774316316107,8.644966555183947,0.0,255.0,0.0,0.453125,0.0,0.0,0.09062500000000001,1,1,1
test,944,data\processed\exp_001_faces_224\test\944.png,data\raw\kul-computer-vision-ga-1-2026\test\test_944.npy,dd10d9299c2ddf3572e05aae07d7094a192662e0,0,35,0.453125,5,66.36978836772566,70.55097417675195,6.0144754317577345,0.0,255.0,0.0,0.453125,0.0,0.0,0.09062500000000001,0,0,0
test,947,data\processed\exp_001_faces_224\test\947.png,data\raw\kul-computer-vision-ga-1-2026\test\test_947.npy,6e4c3295c572bb335fafbcf5eae0b659232d68c8,0,35,0.453125,4,83.46337675024422,73.91125486176206,4.905976500524607,0.0,255.0,0.0,0.453125,0.0,0.0,0.09062500000000001,1,1,1
test,1028,data\processed\exp_001_faces_224\test\1028.png,data\raw\kul-computer-vision-ga-1-2026\test\test_1028.npy,495ff853de7a0c1d9153c29e1ef9228430b38ba4,0,35,0.453125,1,106.85826397646069,58.82929800993937,4.820296896703075,0.0,255.0,0.0,0.453125,0.0,0.0,0.09062500000000001,1,1,1
test,1040,data\processed\exp_001_faces_224\test\1040.png,data\raw\kul-computer-vision-ga-1-2026\test\test_1040.npy,a9838e2f70181ff034e08fd4d2e2550b9442b68c,0,35,0.453125,2,137.21437037037037,76.80536700582755,10.359576365663322,0.0,255.0,0.0,0.453125,0.0,0.0,0.09062500000000001,0,0,0
test,1158,data\processed\exp_001_faces_224\test\1158.png,data\raw\kul-computer-vision-ga-1-2026\test\test_1158.npy,c389eb9ec793d0c7c4621dcd95cb7659bb931b46,0,35,0.453125,4,115.345645207091,75.53993536053393,5.049526764235347,0.0,255.0,0.0,0.453125,0.0,0.0,0.09062500000000001,0,0,0
test,1190,data\processed\exp_001_faces_224\test\1190.png,data\raw\kul-computer-vision-ga-1-2026\test\test_1190.npy,8a2bb84599ac539a02b6773e609e52c48383e531,0,35,0.453125,2,122.62465185185185,90.60937223041503,6.854063545150502,0.0,255.0,0.0,0.453125,0.0,0.0,0.09062500000000001,0,0,0
test,1201,data\processed\exp_001_faces_224\test\1201.png,data\raw\kul-computer-vision-ga-1-2026\test\test_1201.npy,bef3da5587ee6e63d5e042a199f6c9496c4b4c7b,0,35,0.453125,1,116.3563319088319,58.55754980087418,8.772889982719722,0.0,255.0,0.0,0.453125,0.0,0.0,0.09062500000000001,0,0,0
test,1214,data\processed\exp_001_faces_224\test\1214.png,data\raw\kul-computer-vision-ga-1-2026\test\test_1214.npy,874239380c958eb5c918e45040d23f2d3a3ebfe6,0,35,0.453125,2,105.3657138047138,78.94151533026607,8.788782172794708,0.0,255.0,0.0,0.453125,0.0,0.0,0.09062500000000001,1,1,1
test,1277,data\processed\exp_001_faces_224\test\1277.png,data\raw\kul-computer-vision-ga-1-2026\test\test_1277.npy,18498af8959b852dd2b66fc5089c5f7a37f51cea,0,35,0.453125,1,151.75608339029392,65.08524218516472,9.809781936793486,0.0,255.0,0.0,0.453125,0.0,0.0,0.09062500000000001,0,0,0
test,1337,data\processed\exp_001_faces_224\test\1337.png,data\raw\kul-computer-vision-ga-1-2026\test\test_1337.npy,9283787dc291ff400d94af3a9e6613cd6b1d6d6e,0,35,0.453125,5,80.11897597635995,67.5433895506315,9.814855687171717,0.0,255.0,0.0,0.453125,0.0,0.0,0.09062500000000001,0,0,0
test,1342,data\processed\exp_001_faces_224\test\1342.png,data\raw\kul-computer-vision-ga-1-2026\test\test_1342.npy,e67944c60e7f19b445d24e0a0c3f287d6f9d6c4b,0,35,0.453125,2,145.57250370370372,76.45591319009581,9.834916387959867,0.0,255.0,0.0,0.453125,0.0,0.0,0.09062500000000001,0,0,0
test,1370,data\processed\exp_001_faces_224\test\1370.png,data\raw\kul-computer-vision-ga-1-2026\test\test_1370.npy,9e4ddab6d3c555faef4769af462f28c4093e9ee5,0,35,0.453125,1,182.17008333333334,71.9990987387383,4.7589436803893275,0.0,255.0,0.0,0.453125,0.0,0.0,0.09062500000000001,0,0,0
test,1386,data\processed\exp_001_faces_224\test\1386.png,data\raw\kul-computer-vision-ga-1-2026\test\test_1386.npy,5a99d483c89b6bd83dd44d8777ee388d1ec4c31a,0,35,0.453125,1,113.1246096376804,74.99931187221578,5.1309369203481285,0.0,255.0,0.0,0.453125,0.0,0.0,0.09062500000000001,0,0,0
test,1399,data\processed\exp_001_faces_224\test\1399.png,data\raw\kul-computer-vision-ga-1-2026\test\test_1399.npy,15a16636b4015feae33eb8852ef5ae6b4065c21e,0,35,0.453125,4,79.56615593154697,65.75856257377269,7.8046840552378125,0.0,255.0,0.0,0.453125,0.0,0.0,0.09062500000000001,2,2,2
test,1470,data\processed\exp_001_faces_224\test\1470.png,data\raw\kul-computer-vision-ga-1-2026\test\test_1470.npy,48559da23e53ef6f198c4769b250ef0901edfd52,0,35,0.453125,3,72.46864417989418,64.06052958472151,6.83771086275509,0.0,255.0,0.0,0.453125,0.0,0.0,0.09062500000000001,0,0,0
test,1515,data\processed\exp_001_faces_224\test\1515.png,data\raw\kul-computer-vision-ga-1-2026\test\test_1515.npy,ac7e0ed21134cc53c721a73189689d04abd912f2,0,35,0.453125,1,111.59729813664596,66.59416934098256,12.428523928194284,0.0,255.0,0.0,0.453125,0.0,0.0,0.09062500000000001,0,0,0
test,1517,data\processed\exp_001_faces_224\test\1517.png,data\raw\kul-computer-vision-ga-1-2026\test\test_1517.npy,fa14437591bc5e09e4c34db7b30e38a262f79b54,0,35,0.453125,1,167.6211485928467,80.47958042252074,7.643142149918269,0.0,255.0,0.0,0.453125,0.0,0.0,0.09062500000000001,0,0,0
test,1538,data\processed\exp_001_faces_224\test\1538.png,data\raw\kul-computer-vision-ga-1-2026\test\test_1538.npy,d205870eb59ff4fdec1f7eaea3dc46b7859612ff,0,35,0.453125,1,125.75725777777778,82.88075386690738,5.809401044783529,0.0,255.0,0.0,0.453125,0.0,0.0,0.09062500000000001,0,0,0
test,1693,data\processed\exp_001_faces_224\test\1693.png,data\raw\kul-computer-vision-ga-1-2026\test\test_1693.npy,e508ead27eab6deab7616b37a4b79aced109f8d2,0,35,0.453125,1,121.66790922323673,77.58230745827247,5.579498777356827,0.0,255.0,0.0,0.453125,0.0,0.0,0.09062500000000001,0,0,0
test,1758,data\processed\exp_001_faces_224\test\1758.png,data\raw\kul-computer-vision-ga-1-2026\test\test_1758.npy,0e8560a279946f40bf0845ee5a7ebe28c9aecb08,0,35,0.453125,2,154.43524108672597,56.814645702020925,7.915649945985704,0.0,255.0,0.0,0.453125,0.0,0.0,0.09062500000000001,0,0,0
test,1783,data\processed\exp_001_faces_224\test\1783.png,data\raw\kul-computer-vision-ga-1-2026\test\test_1783.npy,1959a0dd30244159935b39e7076ab45713f1dc89,0,35,0.453125,1,125.79358958202059,86.80986204310233,12.427261003329043,0.0,255.0,0.0,0.453125,0.0,0.0,0.09062500000000001,0,0,0
test,1810,data\processed\exp_001_faces_224\test\1810.png,data\raw\kul-computer-vision-ga-1-2026\test\test_1810.npy,adfc456497ab43ad12992b67abb1394ca024b1e1,0,35,0.453125,2,82.10882777777778,58.18568481702261,5.978847512366739,0.0,255.0,0.0,0.453125,0.0,0.0,0.09062500000000001,2,2,2
test,1811,data\processed\exp_001_faces_224\test\1811.png,data\raw\kul-computer-vision-ga-1-2026\test\test_1811.npy,db52f20a7a96959ef987439ea1421aa635f6428c,0,35,0.453125,1,155.24596268656717,63.680250594589,8.684227579563874,0.0,255.0,0.0,0.453125,0.0,0.0,0.09062500000000001,0,0,0
test,22,data\processed\exp_001_faces_224\test\22.png,data\raw\kul-computer-vision-ga-1-2026\test\test_22.npy,8865ce45c6e8f6d1edb09f2ffa50ff3e9421cfee,0,36,0.4375,1,130.09801346801348,74.1237696584363,7.0927351146130055,0.0,248.0,0.0,0.4375,0.0,0.0,0.08750000000000001,2,2,2
test,32,data\processed\exp_001_faces_224\test\32.png,data\raw\kul-computer-vision-ga-1-2026\test\test_32.npy,6a07aedd9ac539b082455acd66945b7c46578692,0,36,0.4375,1,133.34379117811278,62.90174468884878,6.322882026325148,0.0,255.0,0.0,0.4375,0.0,0.0,0.08750000000000001,0,0,0
test,40,data\processed\exp_001_faces_224\test\40.png,data\raw\kul-computer-vision-ga-1-2026\test\test_40.npy,d1b7b09bffa3874ed01603742ea7574b6a4b73d1,0,36,0.4375,1,113.70052083333333,64.26340695029772,4.960006079232567,0.0,255.0,0.0,0.4375,0.0,0.0,0.08750000000000001,0,0,0
test,58,data\processed\exp_001_faces_224\test\58.png,data\raw\kul-computer-vision-ga-1-2026\test\test_58.npy,855f3a180983494859253e0d5886005573e8fd4b,0,36,0.4375,1,80.65420358943268,70.28418954595254,7.724536767114769,0.0,255.0,0.0,0.4375,0.0,0.0,0.08750000000000001,0,0,0
test,80,data\processed\exp_001_faces_224\test\80.png,data\raw\kul-computer-vision-ga-1-2026\test\test_80.npy,ba39b2cc8c361262967207deeaec46eee0de8bd9,0,36,0.4375,2,81.29993703703704,74.14902599692279,14.071003344481605,0.0,255.0,0.0,0.4375,0.0,0.0,0.08750000000000001,2,2,2
test,85,data\processed\exp_001_faces_224\test\85.png,data\raw\kul-computer-vision-ga-1-2026\test\test_85.npy,646ecb493df05be5226b77767504e900d7af949f,0,36,0.4375,1,65.5389349376114,64.79698069267606,13.372131493497296,0.0,255.0,0.0,0.4375,0.0,0.0,0.08750000000000001,2,2,2
test,104,data\processed\exp_001_faces_224\test\104.png,data\raw\kul-computer-vision-ga-1-2026\test\test_104.npy,d9b82e628082e1482642001b8403b44e7d94a491,0,36,0.4375,2,128.68993333333333,87.97753774430785,4.953853586027499,0.0,255.0,0.0,0.4375,0.0,0.0,0.08750000000000001,1,1,1
test,122,data\processed\exp_001_faces_224\test\122.png,data\raw\kul-computer-vision-ga-1-2026\test\test_122.npy,336222c06a1f17acfe8e180e064fb96a38eaf320,0,36,0.4375,1,136.5213388888889,63.32451594486783,4.987899173713359,0.0,255.0,0.0,0.4375,0.0,0.0,0.08750000000000001,2,2,2
test,189,data\processed\exp_001_faces_224\test\189.png,data\raw\kul-computer-vision-ga-1-2026\test\test_189.npy,646ecb493df05be5226b77767504e900d7af949f,0,36,0.4375,1,65.5389349376114,64.79698069267606,13.372131493497296,0.0,255.0,0.0,0.4375,0.0,0.0,0.08750000000000001,2,2,2
test,199,data\processed\exp_001_faces_224\test\199.png,data\raw\kul-computer-vision-ga-1-2026\test\test_199.npy,af2d158a3df5dc2842df404c538e463a548ccb90,0,36,0.4375,4,78.752206130921,61.14405118103264,6.16899871395592,0.0,255.0,0.0,0.4375,0.0,0.0,0.08750000000000001,0,0,0
test,260,data\processed\exp_001_faces_224\test\260.png,data\raw\kul-computer-vision-ga-1-2026\test\test_260.npy,e2bae18f89c9b75f6acc00d6cce39cf0209a6468,0,36,0.4375,4,94.3798487654321,76.08551436232524,17.874208953357737,0.0,255.0,0.0,0.4375,0.0,0.0,0.08750000000000001,1,1,1
test,328,data\processed\exp_001_faces_224\test\328.png,data\raw\kul-computer-vision-ga-1-2026\test\test_328.npy,563afe83f64ccd897110c6234d6c7c204e4861a0,0,36,0.4375,1,86.05807513972498,59.44422867793115,7.032391113948631,0.0,255.0,0.0,0.4375,0.0,0.0,0.08750000000000001,1,1,1
test,352,data\processed\exp_001_faces_224\test\352.png,data\raw\kul-computer-vision-ga-1-2026\test\test_352.npy,2f407a94e5a2fb3a1562f19760409bbda5d3e7e2,0,36,0.4375,1,148.6180955158113,61.313098765543685,8.50025688581007,0.0,255.0,0.0,0.4375,0.0,0.0,0.08750000000000001,0,0,0
test,417,data\processed\exp_001_faces_224\test\417.png,data\raw\kul-computer-vision-ga-1-2026\test\test_417.npy,ecdfebf80d0c4333262a8d618353811c86db584f,0,36,0.4375,1,95.75192199775533,63.26627004577815,6.066473827205391,0.0,255.0,0.0,0.4375,0.0,0.0,0.08750000000000001,0,0,0
test,440,data\processed\exp_001_faces_224\test\440.png,data\raw\kul-computer-vision-ga-1-2026\test\test_440.npy,c0e66a4f59cbee4189ba2b0e9c656f13e4cf373d,0,36,0.4375,1,66.97427460282437,64.08794255015458,6.093800546888783,0.0,255.0,0.0,0.4375,0.0,0.0,0.08750000000000001,1,1,1
test,445,data\processed\exp_001_faces_224\test\445.png,data\raw\kul-computer-vision-ga-1-2026\test\test_445.npy,782cc0fb65162f0829eac567dc396ff1f5afa27d,0,36,0.4375,1,95.76836007130125,63.482728041650034,7.3258508703869545,0.0,255.0,0.0,0.4375,0.0,0.0,0.08750000000000001,0,0,0
test,465,data\processed\exp_001_faces_224\test\465.png,data\raw\kul-computer-vision-ga-1-2026\test\test_465.npy,a87e267129ea8f06e8837657ec3a8c3e36e30d67,0,36,0.4375,1,165.6037065972222,78.0514825212253,5.854999715813451,2.0,255.0,0.0,0.4375,0.0,0.0,0.08750000000000001,1,1,1
test,509,data\processed\exp_001_faces_224\test\509.png,data\raw\kul-computer-vision-ga-1-2026\test\test_509.npy,3af85008204657547191e5b9c61cb074e84b1428,0,36,0.4375,2,97.78078582434514,62.16433192710545,5.720145573191436,0.0,255.0,0.0,0.4375,0.0,0.0,0.08750000000000001,0,0,0
test,563,data\processed\exp_001_faces_224\test\563.png,data\raw\kul-computer-vision-ga-1-2026\test\test_563.npy,1c7792d0b72a3652cf917f1c874b362ffddbeb1f,0,36,0.4375,3,67.71546875,55.21778277108991,7.791754718055585,0.0,255.0,0.0,0.4375,0.0,0.0,0.08750000000000001,1,1,1
test,576,data\processed\exp_001_faces_224\test\576.png,data\raw\kul-computer-vision-ga-1-2026\test\test_576.npy,a303acf48782c492959324dd4ded768b85808349,0,36,0.4375,4,92.68443979639265,63.4217506196742,6.5081121941313995,0.0,255.0,0.0,0.4375,0.0,0.0,0.08750000000000001,0,0,0
test,579,data\processed\exp_001_faces_224\test\579.png,data\raw\kul-computer-vision-ga-1-2026\test\test_579.npy,b059bd79dbe14ee8f23ba3c3d21e06839d3d1f47,0,36,0.4375,1,156.06615226337448,78.95773435525221,5.139396970276892,0.0,255.0,0.0,0.4375,0.0,0.0,0.08750000000000001,0,0,0
test,633,data\processed\exp_001_faces_224\test\633.png,data\raw\kul-computer-vision-ga-1-2026\test\test_633.npy,2d3e58dda5979603dd9348672f55aaf26ff64c91,0,36,0.4375,4,120.53357407407407,69.93329175009404,9.415761798587884,0.0,255.0,0.0,0.4375,0.0,0.0,0.08750000000000001,0,0,0
test,673,data\processed\exp_001_faces_224\test\673.png,data\raw\kul-computer-vision-ga-1-2026\test\test_673.npy,ee492405c56da943eb464d60725add285743dd6b,0,36,0.4375,1,101.2541357275098,69.94482503630536,11.908372107180485,0.0,255.0,0.0,0.4375,0.0,0.0,0.08750000000000001,2,2,2
test,714,data\processed\exp_001_faces_224\test\714.png,data\raw\kul-computer-vision-ga-1-2026\test\test_714.npy,36068fecf9d3bb02a284768103dd7b3e9b52bf8d,0,36,0.4375,1,138.95525273369861,67.20988371506938,7.0745204973681854,0.0,255.0,0.0,0.4375,0.0,0.0,0.08750000000000001,2,2,2
test,726,data\processed\exp_001_faces_224\test\726.png,data\raw\kul-computer-vision-ga-1-2026\test\test_726.npy,4b1de97f9387f6a0063a2c6aea09ef87ebbfa5f8,0,36,0.4375,2,163.65761518975242,71.1456834272015,12.754178946884045,0.0,255.0,0.0,0.4375,0.0,0.0,0.08750000000000001,1,1,1
test,759,data\processed\exp_001_faces_224\test\759.png,data\raw\kul-computer-vision-ga-1-2026\test\test_759.npy,544b3208617d97bc4ba46510af34960b1d1a0657,0,36,0.4375,1,113.81176789587853,54.69307370686509,7.950987309513817,0.0,255.0,0.0,0.4375,0.0,0.0,0.08750000000000001,0,0,0
test,842,data\processed\exp_001_faces_224\test\842.png,data\raw\kul-computer-vision-ga-1-2026\test\test_842.npy,99b574ef15ade037cedf9e7df41f783bf4ead995,0,36,0.4375,3,163.13726666666668,81.55870039250303,17.386256038647343,0.0,255.0,0.0,0.4375,0.0,0.0,0.08750000000000001,0,0,0
test,867,data\processed\exp_001_faces_224\test\867.png,data\raw\kul-computer-vision-ga-1-2026\test\test_867.npy,ca5d038d69377146bacb12805ce0567e09925e6c,0,36,0.4375,5,85.78959378364141,70.542023308334,6.7927188134694845,0.0,255.0,0.0,0.4375,0.0,0.0,0.08750000000000001,0,0,0
test,883,data\processed\exp_001_faces_224\test\883.png,data\raw\kul-computer-vision-ga-1-2026\test\test_883.npy,9ac3968ae1472d70007af9d963ee7b670a501504,0,36,0.4375,1,122.84411878370662,54.94511880548254,7.835479281197802,0.0,255.0,0.0,0.4375,0.0,0.0,0.08750000000000001,2,2,2
test,1001,data\processed\exp_001_faces_224\test\1001.png,data\raw\kul-computer-vision-ga-1-2026\test\test_1001.npy,c03e6a8b91c966352849765afc28f361134ae21f,0,36,0.4375,2,144.61732592592594,79.5409242291017,10.708753251579338,0.0,255.0,0.0,0.4375,0.0,0.0,0.08750000000000001,0,0,0
test,1046,data\processed\exp_001_faces_224\test\1046.png,data\raw\kul-computer-vision-ga-1-2026\test\test_1046.npy,af141357fb86f590c4d70692d9288032b99d3c84,0,36,0.4375,1,129.94189085575223,74.6321044404537,5.319533094396222,0.0,255.0,0.0,0.4375,0.0,0.0,0.08750000000000001,2,2,2
test,1060,data\processed\exp_001_faces_224\test\1060.png,data\raw\kul-computer-vision-ga-1-2026\test\test_1060.npy,1f0357f8977a6cdbd7e4113831ffce267642bd88,0,36,0.4375,2,176.27815743944637,77.93048869641424,11.399844563545663,0.0,255.0,0.0,0.4375,0.0,0.0,0.08750000000000001,2,2,2
test,1095,data\processed\exp_001_faces_224\test\1095.png,data\raw\kul-computer-vision-ga-1-2026\test\test_1095.npy,f89b7587e6e7cab13b799cda73d54663fb0fc85d,0,36,0.4375,2,153.42165122257714,76.38726062804791,5.1315699795184155,0.0,255.0,0.0,0.4375,0.0,0.0,0.08750000000000001,1,1,1
test,1166,data\processed\exp_001_faces_224\test\1166.png,data\raw\kul-computer-vision-ga-1-2026\test\test_1166.npy,2ae0d31a9a1275e2518578f7185849672d370dd9,0,36,0.4375,6,108.82398434336618,76.42849065811764,7.055683059050342,0.0,255.0,0.0,0.4375,0.0,0.0,0.08750000000000001,0,0,0
test,1171,data\processed\exp_001_faces_224\test\1171.png,data\raw\kul-computer-vision-ga-1-2026\test\test_1171.npy,cf0a44442b89a7bd1381e447d0d5a0b9a6d34bfa,0,36,0.4375,1,54.56317183462532,54.739670992605916,4.6270551878298125,0.0,255.0,0.0,0.4375,0.0,0.0,0.08750000000000001,0,0,0
test,1189,data\processed\exp_001_faces_224\test\1189.png,data\raw\kul-computer-vision-ga-1-2026\test\test_1189.npy,8868276db520f99cd9c0a9d93628248e47aefca2,0,36,0.4375,1,132.03472562863868,95.5734405183675,11.09568239152756,0.0,255.0,0.0,0.4375,0.0,0.0,0.08750000000000001,0,0,0
test,1222,data\processed\exp_001_faces_224\test\1222.png,data\raw\kul-computer-vision-ga-1-2026\test\test_1222.npy,312f4b9d8eb96ef1fd1a0055a8cb737cf70e6729,0,36,0.4375,1,143.56055169753085,61.54296080665888,9.8298721023065,0.0,255.0,0.0,0.4375,0.0,0.0,0.08750000000000001,0,0,0
test,1257,data\processed\exp_001_faces_224\test\1257.png,data\raw\kul-computer-vision-ga-1-2026\test\test_1257.npy,bd05c7d7422ddc0baf1a771c1def18a0d3f19603,0,36,0.4375,1,133.82661833088596,64.53309585761835,5.603009263759701,0.0,255.0,0.0,0.4375,0.0,0.0,0.08750000000000001,0,0,0
test,1273,data\processed\exp_001_faces_224\test\1273.png,data\raw\kul-computer-vision-ga-1-2026\test\test_1273.npy,2160b16c0a28b6c3f65f0ef014792e21dbcc4a33,0,36,0.4375,2,137.22244449766532,78.6416562743272,5.452165974828832,0.0,255.0,0.0,0.4375,0.0,0.0,0.08750000000000001,2,2,2
test,1336,data\processed\exp_001_faces_224\test\1336.png,data\raw\kul-computer-vision-ga-1-2026\test\test_1336.npy,c121b0ad7971d9dc59cbb6cc648f8f726d2926d6,0,36,0.4375,2,109.07114527629234,74.81061949093218,6.6595662803874935,0.0,255.0,0.0,0.4375,0.0,0.0,0.08750000000000001,0,0,0
test,1340,data\processed\exp_001_faces_224\test\1340.png,data\raw\kul-computer-vision-ga-1-2026\test\test_1340.npy,3e27eefb21f301537865c55236a19932315619c3,0,36,0.4375,2,125.91490277777778,74.44387765003835,4.768558705865226,0.0,255.0,0.0,0.4375,0.0,0.0,0.08750000000000001,1,1,1
test,1350,data\processed\exp_001_faces_224\test\1350.png,data\raw\kul-computer-vision-ga-1-2026\test\test_1350.npy,4084cc2b58b4a4331f09099af73f76629fc26c7f,0,36,0.4375,1,140.9671763865653,103.86159932987991,6.22297742386116,0.0,255.0,0.0,0.4375,0.0,0.0,0.08750000000000001,1,1,1
test,1353,data\processed\exp_001_faces_224\test\1353.png,data\raw\kul-computer-vision-ga-1-2026\test\test_1353.npy,a21411f6b944bf700e29b330878c9967b5e8e0f9,0,36,0.4375,1,115.3499730094467,83.56798352102228,6.484243545647054,0.0,255.0,0.0,0.4375,0.0,0.0,0.08750000000000001,1,1,1
test,1384,data\processed\exp_001_faces_224\test\1384.png,data\raw\kul-computer-vision-ga-1-2026\test\test_1384.npy,afb3afac0958d29c06eded3abe6699a865cad97c,0,36,0.4375,2,73.4274938167685,71.81744164695051,5.122711394491747,0.0,255.0,0.0,0.4375,0.0,0.0,0.08750000000000001,1,1,1
test,1457,data\processed\exp_001_faces_224\test\1457.png,data\raw\kul-computer-vision-ga-1-2026\test\test_1457.npy,2160b16c0a28b6c3f65f0ef014792e21dbcc4a33,0,36,0.4375,2,137.22244449766532,78.6416562743272,5.452165974828832,0.0,255.0,0.0,0.4375,0.0,0.0,0.08750000000000001,2,2,2
test,1585,data\processed\exp_001_faces_224\test\1585.png,data\raw\kul-computer-vision-ga-1-2026\test\test_1585.npy,6d4adf379598a60589be4eb1216297566d363255,0,36,0.4375,2,136.6029135111959,67.43401791303484,6.133570029946758,0.0,255.0,0.0,0.4375,0.0,0.0,0.08750000000000001,2,2,2
test,1620,data\processed\exp_001_faces_224\test\1620.png,data\raw\kul-computer-vision-ga-1-2026\test\test_1620.npy,a7c17fc0de34790ce7928bed63e3a05ade2c299f,0,36,0.4375,2,70.20879804662886,79.90135760989412,6.234551767557166,0.0,255.0,0.0,0.4375,0.0,0.0,0.08750000000000001,1,1,1
test,1689,data\processed\exp_001_faces_224\test\1689.png,data\raw\kul-computer-vision-ga-1-2026\test\test_1689.npy,50e4192ebf361db873a5169cc9951a39197efb4f,0,36,0.4375,2,148.84892933618843,92.62454109306525,9.38059437181128,0.0,255.0,0.0,0.4375,0.0,0.0,0.08750000000000001,0,0,0
test,1694,data\processed\exp_001_faces_224\test\1694.png,data\raw\kul-computer-vision-ga-1-2026\test\test_1694.npy,15afbd9e8d142e4799a70dcc5ebb95847a8bdd19,0,36,0.4375,1,119.51489444444445,82.75602935630849,5.61182048482069,0.0,255.0,0.0,0.4375,0.0,0.0,0.08750000000000001,0,0,0
test,1743,data\processed\exp_001_faces_224\test\1743.png,data\raw\kul-computer-vision-ga-1-2026\test\test_1743.npy,04974258492fa3ce0e1dee48ab20d2ac9a6c7409,0,36,0.4375,4,54.77273869597873,54.56037728500921,6.243059633221201,0.0,255.0,0.0,0.4375,0.0,0.0,0.08750000000000001,0,0,0
test,1756,data\processed\exp_001_faces_224\test\1756.png,data\raw\kul-computer-vision-ga-1-2026\test\test_1756.npy,7f5f5206bbece7b44bbf89168662a7c308fc5131,0,36,0.4375,1,142.68160934744267,86.61080563118969,6.293501169683888,0.0,255.0,0.0,0.4375,0.0,0.0,0.08750000000000001,0,0,0
test,1769,data\processed\exp_001_faces_224\test\1769.png,data\raw\kul-computer-vision-ga-1-2026\test\test_1769.npy,f3d429fe54416ba15d40b7f797379560df3cb4ef,0,36,0.4375,2,116.44717045454546,66.55246780099715,4.6221223201926955,0.0,255.0,0.0,0.4375,0.0,0.0,0.08750000000000001,0,0,0
test,1777,data\processed\exp_001_faces_224\test\1777.png,data\raw\kul-computer-vision-ga-1-2026\test\test_1777.npy,ef57f0ce49dd3757ed49ef045a834be67737a6f8,0,36,0.4375,1,150.1284413580247,73.00723761078959,4.746669532902794,0.0,249.0,0.0,0.4375,0.0,0.0,0.08750000000000001,0,0,0
test,184,data\processed\exp_001_faces_224\test\184.png,data\raw\kul-computer-vision-ga-1-2026\test\test_184.npy,c9f94b77d20aa8c4d8ef686760400e25d53fd7ad,0,40,0.375,1,172.48966820987656,39.341587479333256,4.481595607270415,0.0,255.0,0.0,0.375,0.07705049459962232,0.0,0.08655757418994336,0,0,0
test,41,data\processed\exp_001_faces_224\test\41.png,data\raw\kul-computer-vision-ga-1-2026\test\test_41.npy,9828d6f20ec64bb515630938ba902e95bcdcebf1,0,37,0.421875,1,172.0075424382716,72.28721488733107,4.863980266352762,0.0,255.0,0.0,0.421875,0.0,0.0,0.084375,1,1,1
test,113,data\processed\exp_001_faces_224\test\113.png,data\raw\kul-computer-vision-ga-1-2026\test\test_113.npy,7509638cdc39d33590bf99fae85afb06d918b87e,0,37,0.421875,1,135.2624345847554,80.74825319658828,8.989442570235356,0.0,255.0,0.0,0.421875,0.0,0.0,0.084375,2,2,2
test,159,data\processed\exp_001_faces_224\test\159.png,data\raw\kul-computer-vision-ga-1-2026\test\test_159.npy,68cfa88c3f7751e6b6f118dd3cf94bcefe2bdd8f,0,37,0.421875,3,92.89463333333333,75.52328047802118,10.72511148272018,0.0,255.0,0.0,0.421875,0.0,0.0,0.084375,0,0,0
test,163,data\processed\exp_001_faces_224\test\163.png,data\raw\kul-computer-vision-ga-1-2026\test\test_163.npy,752602dfbc36c8fda322168fc836b0e810cfb6a7,0,37,0.421875,1,109.919671875,71.92997567438306,7.699002138089277,0.0,255.0,0.0,0.421875,0.0,0.0,0.084375,2,2,2
test,294,data\processed\exp_001_faces_224\test\294.png,data\raw\kul-computer-vision-ga-1-2026\test\test_294.npy,2b2cf79d605206d330224cf0dc7a2866a7f1bc64,0,37,0.421875,1,153.5842001216545,72.89429659467841,7.85459309360337,0.0,255.0,0.0,0.421875,0.0,0.0,0.084375,0,0,0
test,496,data\processed\exp_001_faces_224\test\496.png,data\raw\kul-computer-vision-ga-1-2026\test\test_496.npy,362a712b0fb7330cf1c0b91b4ccac2bc4cdc430f,0,37,0.421875,2,119.0832925925926,70.54168496640531,10.31658491267187,0.0,255.0,0.0,0.421875,0.0,0.0,0.084375,2,2,2
test,545,data\processed\exp_001_faces_224\test\545.png,data\raw\kul-computer-vision-ga-1-2026\test\test_545.npy,3eee70fe4b43ef03df013e0bba6d2272cc101862,0,37,0.421875,2,166.56377037037038,80.06408155697588,9.07236900780379,0.0,255.0,0.0,0.421875,0.0,0.0,0.084375,2,2,2
test,547,data\processed\exp_001_faces_224\test\547.png,data\raw\kul-computer-vision-ga-1-2026\test\test_547.npy,1e31c38cd9a4d785b58caa4bbac5bb9d339bef0f,0,37,0.421875,1,139.58615238095237,70.23598797154266,11.697119919163626,0.0,255.0,0.0,0.421875,0.0,0.0,0.084375,0,0,0
test,548,data\processed\exp_001_faces_224\test\548.png,data\raw\kul-computer-vision-ga-1-2026\test\test_548.npy,c0842b16afc703e6489054e1200729dff88efc42,0,37,0.421875,1,141.4557111111111,70.16623020168993,6.673827538907911,0.0,255.0,0.0,0.421875,0.0,0.0,0.084375,0,0,0
test,616,data\processed\exp_001_faces_224\test\616.png,data\raw\kul-computer-vision-ga-1-2026\test\test_616.npy,737b07faadbdb0c9c525069a38ec5ac46e68c509,0,37,0.421875,2,90.72836364778689,84.93961834060339,6.993389705950001,0.0,255.0,0.0,0.421875,0.0,0.0,0.084375,0,0,0
test,621,data\processed\exp_001_faces_224\test\621.png,data\raw\kul-computer-vision-ga-1-2026\test\test_621.npy,ed66a93624bb7c922735ddfbc7285556ca393124,0,37,0.421875,1,90.44824969021066,69.25252789852395,7.176771971669364,0.0,255.0,0.0,0.421875,0.0,0.0,0.084375,1,1,1
test,642,data\processed\exp_001_faces_224\test\642.png,data\raw\kul-computer-vision-ga-1-2026\test\test_642.npy,7e37957cd42949f2bd3a3515b2b748eedc2a1395,0,37,0.421875,1,104.34823748668796,64.31634591242054,5.976078530440237,0.0,255.0,0.0,0.421875,0.0,0.0,0.084375,2,2,2
test,658,data\processed\exp_001_faces_224\test\658.png,data\raw\kul-computer-vision-ga-1-2026\test\test_658.npy,3eee70fe4b43ef03df013e0bba6d2272cc101862,0,37,0.421875,2,166.56377037037038,80.06408155697588,9.07236900780379,0.0,255.0,0.0,0.421875,0.0,0.0,0.084375,2,2,2
test,668,data\processed\exp_001_faces_224\test\668.png,data\raw\kul-computer-vision-ga-1-2026\test\test_668.npy,f9901ccc9f729445346ab12cdb1bb6677eea0176,0,37,0.421875,1,189.21785425101214,74.0304761056337,5.041986656021743,0.0,255.0,0.0,0.421875,0.0,0.0,0.084375,0,0,0
test,671,data\processed\exp_001_faces_224\test\671.png,data\raw\kul-computer-vision-ga-1-2026\test\test_671.npy,14c0a75f72dca63b59a85e2297494edf40e5070b,0,37,0.421875,1,109.32274931249096,67.97105003590904,6.26388941261228,0.0,255.0,0.0,0.421875,0.0,0.0,0.084375,2,2,2
test,829,data\processed\exp_001_faces_224\test\829.png,data\raw\kul-computer-vision-ga-1-2026\test\test_829.npy,cc79aebf201d99368b770d5304ec0e840f81653b,0,37,0.421875,2,93.96164074074073,84.66132060359682,7.630977331846896,0.0,255.0,0.0,0.421875,0.0,0.0,0.084375,1,1,1
test,889,data\processed\exp_001_faces_224\test\889.png,data\raw\kul-computer-vision-ga-1-2026\test\test_889.npy,6213a93709dfcd618237ed6838f1add193ee2430,0,37,0.421875,2,82.63680202871024,81.02853289752655,6.725203123175843,0.0,255.0,0.0,0.421875,0.0,0.0,0.084375,2,2,2
test,1070,data\processed\exp_001_faces_224\test\1070.png,data\raw\kul-computer-vision-ga-1-2026\test\test_1070.npy,0df2639cec04af56d0b45b53bdba51dd7e37172f,0,37,0.421875,2,101.24957796143251,78.22475245769118,5.676254346746149,0.0,255.0,0.0,0.421875,0.0,0.0,0.084375,2,2,2
test,1103,data\processed\exp_001_faces_224\test\1103.png,data\raw\kul-computer-vision-ga-1-2026\test\test_1103.npy,3aca1edd9492cba54fdccfc24ee339fed52ea75e,0,37,0.421875,3,124.55909063665024,88.17569493279488,11.530840151328448,0.0,255.0,0.0,0.421875,0.0,0.0,0.084375,2,2,2
test,1118,data\processed\exp_001_faces_224\test\1118.png,data\raw\kul-computer-vision-ga-1-2026\test\test_1118.npy,3147220104c476e9c738af7bfefe271ea99cdbea,0,37,0.421875,2,116.36015673225309,75.12863457058641,5.6277912523089695,0.0,255.0,0.0,0.421875,0.0,0.0,0.084375,0,0,0
test,1135,data\processed\exp_001_faces_224\test\1135.png,data\raw\kul-computer-vision-ga-1-2026\test\test_1135.npy,fad87813e57b2fe435fe6258e0d58a50271c47b0,0,37,0.421875,2,136.16032127941446,85.37031816889805,6.068293489865697,0.0,255.0,0.0,0.421875,0.0,0.0,0.084375,0,0,0
test,1157,data\processed\exp_001_faces_224\test\1157.png,data\raw\kul-computer-vision-ga-1-2026\test\test_1157.npy,3eee70fe4b43ef03df013e0bba6d2272cc101862,0,37,0.421875,2,166.56377037037038,80.06408155697588,9.07236900780379,0.0,255.0,0.0,0.421875,0.0,0.0,0.084375,2,2,2
test,1229,data\processed\exp_001_faces_224\test\1229.png,data\raw\kul-computer-vision-ga-1-2026\test\test_1229.npy,0be93dbfd28926983dd2044d30416fd2f5d861e7,0,37,0.421875,1,140.71714058510034,81.95334236797508,4.619858523026068,0.0,255.0,0.0,0.421875,0.0,0.0,0.084375,2,2,2
test,1234,data\processed\exp_001_faces_224\test\1234.png,data\raw\kul-computer-vision-ga-1-2026\test\test_1234.npy,42ede84001c15b7faade34dd29db8a5469f3bcb4,0,37,0.421875,1,131.91440972222222,67.46178574137703,8.19114541661748,0.0,255.0,0.0,0.421875,0.0,0.0,0.084375,2,2,2
test,1320,data\processed\exp_001_faces_224\test\1320.png,data\raw\kul-computer-vision-ga-1-2026\test\test_1320.npy,5ff6108fd7321b60c9b45334290e9625883c7f12,0,37,0.421875,2,109.8400932844426,73.65221090799793,6.310081072137103,0.0,255.0,0.0,0.421875,0.0,0.0,0.084375,1,1,1
test,1380,data\processed\exp_001_faces_224\test\1380.png,data\raw\kul-computer-vision-ga-1-2026\test\test_1380.npy,dd5c31b8b119061aeeb36cb5b6280080a3dbaeb4,0,37,0.421875,1,114.38691662332224,65.15187158580174,5.589698165823828,0.0,255.0,0.0,0.421875,0.0,0.0,0.084375,2,2,2
test,1405,data\processed\exp_001_faces_224\test\1405.png,data\raw\kul-computer-vision-ga-1-2026\test\test_1405.npy,3d0677e302fafa245c7fcc996dbeb4351c59fd06,0,37,0.421875,1,72.75020277777777,72.45478631312845,9.808491571040198,0.0,255.0,0.0,0.421875,0.0,0.0,0.084375,1,1,1
test,1433,data\processed\exp_001_faces_224\test\1433.png,data\raw\kul-computer-vision-ga-1-2026\test\test_1433.npy,8b58b1ccecf5cfa7fdffc4874e702c51d51f028f,0,37,0.421875,1,130.27887602172115,67.92791838521553,8.456722749130304,0.0,255.0,0.0,0.421875,0.0,0.0,0.084375,0,0,0
test,1488,data\processed\exp_001_faces_224\test\1488.png,data\raw\kul-computer-vision-ga-1-2026\test\test_1488.npy,3fa36ba11b2ba50072fb3228b6756347724b9b1a,0,37,0.421875,3,114.74089598108748,87.3411030183092,12.568191003840623,0.0,255.0,0.0,0.421875,0.0,0.0,0.084375,2,2,2
test,1492,data\processed\exp_001_faces_224\test\1492.png,data\raw\kul-computer-vision-ga-1-2026\test\test_1492.npy,e92a8ffeb97a18d502264b14489de9d7c8e4f65e,0,37,0.421875,1,153.56718442822384,72.96195460365587,4.862918224409581,0.0,255.0,0.0,0.421875,0.0,0.0,0.084375,0,0,0
test,1537,data\processed\exp_001_faces_224\test\1537.png,data\raw\kul-computer-vision-ga-1-2026\test\test_1537.npy,6e23081aaab8f6f6d3e880e2af7112b7a5bab4b9,0,37,0.421875,1,119.5629710701193,62.916485091136856,4.896965511000322,0.0,249.0,0.0,0.421875,0.0,0.0,0.084375,0,0,0
test,1561,data\processed\exp_001_faces_224\test\1561.png,data\raw\kul-computer-vision-ga-1-2026\test\test_1561.npy,1e31c38cd9a4d785b58caa4bbac5bb9d339bef0f,0,37,0.421875,1,139.58615238095237,70.23598797154266,11.697119919163626,0.0,255.0,0.0,0.421875,0.0,0.0,0.084375,0,0,0
test,1755,data\processed\exp_001_faces_224\test\1755.png,data\raw\kul-computer-vision-ga-1-2026\test\test_1755.npy,6f0a227b507a33e35672bcf1c4fd8b144e9b61b0,0,37,0.421875,1,108.31953396036565,73.98765518767763,5.712545243984714,0.0,252.0,0.0,0.421875,0.0,0.0,0.084375,2,2,2
test,1782,data\processed\exp_001_faces_224\test\1782.png,data\raw\kul-computer-vision-ga-1-2026\test\test_1782.npy,14c0a75f72dca63b59a85e2297494edf40e5070b,0,37,0.421875,1,109.32274931249096,67.97105003590904,6.26388941261228,0.0,255.0,0.0,0.421875,0.0,0.0,0.084375,2,2,2
test,1788,data\processed\exp_001_faces_224\test\1788.png,data\raw\kul-computer-vision-ga-1-2026\test\test_1788.npy,65c42617c784d228a890f3f1763f09a56d598fdd,0,37,0.421875,1,128.49383544618445,59.57584997114665,5.233266558710254,0.0,255.0,0.0,0.421875,0.0,0.0,0.084375,2,2,2
test,26,data\processed\exp_001_faces_224\test\26.png,data\raw\kul-computer-vision-ga-1-2026\test\test_26.npy,766df4ed701976f21920698d057b67e80773be7c,0,38,0.40625,1,172.82304318488528,63.17319691999608,4.5542875099892655,4.0,255.0,0.0,0.40625,0.019843529781404124,0.0,0.08422652946721063,0,0,0
test,100,data\processed\exp_001_faces_224\test\100.png,data\raw\kul-computer-vision-ga-1-2026\test\test_100.npy,fe5995ad857620290ab1aa45fa529748960760da,0,38,0.40625,1,160.91937777777778,49.23725181936894,7.512852658145313,0.0,255.0,0.0,0.40625,0.0,0.0,0.08125,0,0,0
test,144,data\processed\exp_001_faces_224\test\144.png,data\raw\kul-computer-vision-ga-1-2026\test\test_144.npy,e4766ffa110f256c51941cd495aa04c92ec571c5,0,38,0.40625,1,67.82372103595732,56.47077870284323,6.532243338699097,0.0,255.0,0.0,0.40625,0.0,0.0,0.08125,0,0,0
test,191,data\processed\exp_001_faces_224\test\191.png,data\raw\kul-computer-vision-ga-1-2026\test\test_191.npy,63423843a3a1ef70c1525239bcaab85c0741d765,0,38,0.40625,1,180.40146457077873,76.16122298797333,8.383599533221847,0.0,255.0,0.0,0.40625,0.0,0.0,0.08125,0,0,0
test,210,data\processed\exp_001_faces_224\test\210.png,data\raw\kul-computer-vision-ga-1-2026\test\test_210.npy,ce6bc943dcc6e2b54ef79464765a08b36ca661af,0,38,0.40625,1,180.40038474210587,76.12276990503139,8.329588706361012,0.0,255.0,0.0,0.40625,0.0,0.0,0.08125,0,0,0
test,254,data\processed\exp_001_faces_224\test\254.png,data\raw\kul-computer-vision-ga-1-2026\test\test_254.npy,7333f72848faf8961e5ff9bb6516b7356ce07242,0,38,0.40625,1,104.11522246835986,76.03352776275506,5.23515913172421,0.0,255.0,0.0,0.40625,0.0,0.0,0.08125,0,0,1
test,346,data\processed\exp_001_faces_224\test\346.png,data\raw\kul-computer-vision-ga-1-2026\test\test_346.npy,ba01d7d2c8e10fbafa638dc82e2e6467ce4ec790,0,38,0.40625,1,168.3343091033137,64.98050794006069,5.405457256704288,0.0,255.0,0.0,0.40625,0.0,0.0,0.08125,0,0,0
test,424,data\processed\exp_001_faces_224\test\424.png,data\raw\kul-computer-vision-ga-1-2026\test\test_424.npy,51834bdd57afa479a4e991bfb0bb2585409280ed,0,38,0.40625,1,128.57422049956935,70.1235316894425,6.638253587985989,0.0,255.0,0.0,0.40625,0.0,0.0,0.08125,2,2,2
test,499,data\processed\exp_001_faces_224\test\499.png,data\raw\kul-computer-vision-ga-1-2026\test\test_499.npy,0ee3429e5f31d33a7c2a5cf18d4bbae80c6b1011,0,38,0.40625,4,114.25420947414167,93.38658469321834,6.113460628489154,0.0,255.0,0.0,0.40625,0.0,0.0,0.08125,0,0,0
test,556,data\processed\exp_001_faces_224\test\556.png,data\raw\kul-computer-vision-ga-1-2026\test\test_556.npy,c9419f48d83d4bc345254afe3a74a1e2360dc1a6,0,38,0.40625,1,117.5340861801536,63.128273522699665,5.488372883378043,0.0,255.0,0.0,0.40625,0.0,0.0,0.08125,0,0,0
test,568,data\processed\exp_001_faces_224\test\568.png,data\raw\kul-computer-vision-ga-1-2026\test\test_568.npy,2b285d9c07e639143a3c34c642f428e0efb9beb2,0,38,0.40625,1,180.4018578154726,76.16986628973476,8.312142953395721,0.0,255.0,0.0,0.40625,0.0,0.0,0.08125,0,0,0
test,646,data\processed\exp_001_faces_224\test\646.png,data\raw\kul-computer-vision-ga-1-2026\test\test_646.npy,40e9cd2e7a6aac2b0b1d10224c80444cbf18a642,0,38,0.40625,1,115.67342538801951,71.50625375431967,5.024377245308031,0.0,225.0,0.0,0.40625,0.0,0.0,0.08125,0,0,0
test,706,data\processed\exp_001_faces_224\test\706.png,data\raw\kul-computer-vision-ga-1-2026\test\test_706.npy,b1730af1bd5b1a4b66b11d8fc12477bdd96e75b3,0,38,0.40625,1,111.37341798941799,63.87879526831344,5.460044954181097,0.0,255.0,0.0,0.40625,0.0,0.0,0.08125,2,2,2
test,718,data\processed\exp_001_faces_224\test\718.png,data\raw\kul-computer-vision-ga-1-2026\test\test_718.npy,a65741068254a2124155573e388c74221d871109,0,38,0.40625,5,80.02309479553904,70.57203586011124,6.3277527553903905,0.0,255.0,0.0,0.40625,0.0,0.0,0.08125,0,0,0
test,721,data\processed\exp_001_faces_224\test\721.png,data\raw\kul-computer-vision-ga-1-2026\test\test_721.npy,a843491c3eb96e1045457e8c290cb80e5ad27294,0,38,0.40625,1,125.82250797838105,88.35055396203329,4.864742748575839,0.0,255.0,0.0,0.40625,0.0,0.0,0.08125,0,0,0
test,872,data\processed\exp_001_faces_224\test\872.png,data\raw\kul-computer-vision-ga-1-2026\test\test_872.npy,7c1a05ab05ca2f2c0a0c6c759b29128000761ddf,0,38,0.40625,1,64.86860573476703,58.237490425864166,6.222716797850991,0.0,255.0,0.0,0.40625,0.0,0.0,0.08125,0,0,0
test,904,data\processed\exp_001_faces_224\test\904.png,data\raw\kul-computer-vision-ga-1-2026\test\test_904.npy,f5bde8f7ca07a4b1cbebb9290bcc272d81dc3e87,0,38,0.40625,1,91.63036980209976,77.2804037483822,5.345496976057829,0.0,255.0,0.0,0.40625,0.0,0.0,0.08125,1,1,1
test,918,data\processed\exp_001_faces_224\test\918.png,data\raw\kul-computer-vision-ga-1-2026\test\test_918.npy,ec6472806c44d1335936e68047c3387dafa485d3,0,38,0.40625,4,67.42905527414287,60.55659666354262,5.103111030200095,0.0,255.0,0.0,0.40625,0.0,0.0,0.08125,0,0,0
test,990,data\processed\exp_001_faces_224\test\990.png,data\raw\kul-computer-vision-ga-1-2026\test\test_990.npy,84f422be53d1aef6def4407bbe9d48c9b5bee83a,0,38,0.40625,1,63.99379444444445,72.65261207362546,5.075952513448339,0.0,255.0,0.0,0.40625,0.0,0.0,0.08125,2,2,2
test,1120,data\processed\exp_001_faces_224\test\1120.png,data\raw\kul-computer-vision-ga-1-2026\test\test_1120.npy,44c900b847f77777873bc5fcebb8ff0083878465,0,38,0.40625,1,179.413197586727,85.06585785573257,6.514296051421236,0.0,255.0,0.0,0.40625,0.0,0.0,0.08125,0,0,0
test,1126,data\processed\exp_001_faces_224\test\1126.png,data\raw\kul-computer-vision-ga-1-2026\test\test_1126.npy,a0e9b7e61e52a8b4e3870df5f8ac445712b4f394,0,38,0.40625,1,114.57254878056405,61.0745889538558,5.480745417559453,0.0,255.0,0.0,0.40625,0.0,0.0,0.08125,0,0,0
test,1145,data\processed\exp_001_faces_224\test\1145.png,data\raw\kul-computer-vision-ga-1-2026\test\test_1145.npy,715ea8aec254fb1f45f97961ec441d6028b99461,0,38,0.40625,1,183.87480614488467,56.843791049965226,15.012282706220184,0.0,255.0,0.0,0.40625,0.0,0.0,0.08125,0,0,0
test,1165,data\processed\exp_001_faces_224\test\1165.png,data\raw\kul-computer-vision-ga-1-2026\test\test_1165.npy,2b285d9c07e639143a3c34c642f428e0efb9beb2,0,38,0.40625,1,180.4018578154726,76.16986628973476,8.312142953395721,0.0,255.0,0.0,0.40625,0.0,0.0,0.08125,0,0,0
test,1175,data\processed\exp_001_faces_224\test\1175.png,data\raw\kul-computer-vision-ga-1-2026\test\test_1175.npy,90246764a81ff554a07f6d2fdaf5c5a7496e47dc,0,38,0.40625,1,96.5841366041366,61.7939500701149,7.228929174123055,0.0,255.0,0.0,0.40625,0.0,0.0,0.08125,2,2,2
test,1240,data\processed\exp_001_faces_224\test\1240.png,data\raw\kul-computer-vision-ga-1-2026\test\test_1240.npy,1bdc4efc405a0d6a592079e78c44e3eee977dda8,0,38,0.40625,1,180.40681208053692,75.53947076942632,7.6387231442162875,0.0,255.0,0.0,0.40625,0.0,0.0,0.08125,0,0,0
test,1304,data\processed\exp_001_faces_224\test\1304.png,data\raw\kul-computer-vision-ga-1-2026\test\test_1304.npy,bedd48b37c56d0e288af9a258cd344b4c19ec376,0,38,0.40625,2,152.19513055555555,90.90262778355296,6.743068349990547,0.0,255.0,0.0,0.40625,0.0,0.0,0.08125,1,1,1
test,1310,data\processed\exp_001_faces_224\test\1310.png,data\raw\kul-computer-vision-ga-1-2026\test\test_1310.npy,ce6bc943dcc6e2b54ef79464765a08b36ca661af,0,38,0.40625,1,180.40038474210587,76.12276990503139,8.329588706361012,0.0,255.0,0.0,0.40625,0.0,0.0,0.08125,0,0,0
test,1362,data\processed\exp_001_faces_224\test\1362.png,data\raw\kul-computer-vision-ga-1-2026\test\test_1362.npy,40265a60d2f3b132a757642dc2fae94ed0ff623e,0,38,0.40625,1,156.49326887104664,79.51000324672157,6.88502452130989,0.0,255.0,0.0,0.40625,0.0,0.0,0.08125,0,0,0
test,1432,data\processed\exp_001_faces_224\test\1432.png,data\raw\kul-computer-vision-ga-1-2026\test\test_1432.npy,394819cdbfe849a2b7d0f01e531eb196a5339add,0,38,0.40625,1,132.12522222222222,74.49676534508355,5.008245447046926,0.0,255.0,0.0,0.40625,0.0,0.0,0.08125,1,1,1
test,1440,data\processed\exp_001_faces_224\test\1440.png,data\raw\kul-computer-vision-ga-1-2026\test\test_1440.npy,ac68563f65cadb5d42f8239a8fdea52d9d4fd49e,0,38,0.40625,1,52.54767232510288,62.132054095078,5.487946901308918,0.0,255.0,0.0,0.40625,0.0,0.0,0.08125,0,0,0
test,1544,data\processed\exp_001_faces_224\test\1544.png,data\raw\kul-computer-vision-ga-1-2026\test\test_1544.npy,5954e974df7099416eb5e8194d15e69364481e24,0,38,0.40625,1,139.55421749408984,88.55130575418221,7.717923889024513,0.0,255.0,0.0,0.40625,0.0,0.0,0.08125,0,0,0
test,1576,data\processed\exp_001_faces_224\test\1576.png,data\raw\kul-computer-vision-ga-1-2026\test\test_1576.npy,fd69194bb67ba22dc14acefa5dcd3f56fab6d94e,0,38,0.40625,3,61.911421030831704,57.99451933463473,6.702110190780799,0.0,255.0,0.0,0.40625,0.0,0.0,0.08125,2,2,2
test,1582,data\processed\exp_001_faces_224\test\1582.png,data\raw\kul-computer-vision-ga-1-2026\test\test_1582.npy,eef43e525deb02f012d09891118d5c40338d446b,0,38,0.40625,1,146.99203356950068,81.88376138984914,5.56640441076683,0.0,255.0,0.0,0.40625,0.0,0.0,0.08125,1,1,1
test,1601,data\processed\exp_001_faces_224\test\1601.png,data\raw\kul-computer-vision-ga-1-2026\test\test_1601.npy,04cc4393f31928e4cc6007954616bbba704cd0e4,0,38,0.40625,2,119.95301356589147,76.26845969392456,8.098957679579456,0.0,255.0,0.0,0.40625,0.0,0.0,0.08125,0,0,0
test,1602,data\processed\exp_001_faces_224\test\1602.png,data\raw\kul-computer-vision-ga-1-2026\test\test_1602.npy,fe3e9dbf8eb4515d2f7ea39d2ceb2a424be77c21,0,38,0.40625,1,99.99271472757555,77.69929054905239,5.010405793705053,0.0,247.0,0.0,0.40625,0.0,0.0,0.08125,2,2,2
test,1638,data\processed\exp_001_faces_224\test\1638.png,data\raw\kul-computer-vision-ga-1-2026\test\test_1638.npy,d6d9f2db02c2fa851f43b61ccae0ba3970c850ff,0,38,0.40625,1,143.67157248677248,57.45983312888441,4.73646325168877,0.0,255.0,0.0,0.40625,0.0,0.0,0.08125,2,2,2
test,1733,data\processed\exp_001_faces_224\test\1733.png,data\raw\kul-computer-vision-ga-1-2026\test\test_1733.npy,6c4fb346b7ab4f22e7c45d1e6517e9beb3c34fd8,0,38,0.40625,2,75.12518602447638,73.39658499697076,9.152781859986652,0.0,255.0,0.0,0.40625,0.0,0.0,0.08125,1,1,1
test,1785,data\processed\exp_001_faces_224\test\1785.png,data\raw\kul-computer-vision-ga-1-2026\test\test_1785.npy,b36c042f62bb77c57a796540925f1799174b5d56,0,38,0.40625,4,77.07418439716312,64.96214395163864,8.072931461804671,0.0,255.0,0.0,0.40625,0.0,0.0,0.08125,1,1,1
test,1790,data\processed\exp_001_faces_224\test\1790.png,data\raw\kul-computer-vision-ga-1-2026\test\test_1790.npy,c4164bab7b6ad844ea9ac2c572803b2d6ac28bcf,0,38,0.40625,1,159.54157033051723,61.6867013597532,6.551437221727623,0.0,255.0,0.0,0.40625,0.0,0.0,0.08125,0,0,0
test,1812,data\processed\exp_001_faces_224\test\1812.png,data\raw\kul-computer-vision-ga-1-2026\test\test_1812.npy,2846015671242898ff909fdb3893b814d085785d,0,38,0.40625,6,61.28785832304706,59.18981298124392,5.736541415088333,0.0,255.0,0.0,0.40625,0.0,0.0,0.08125,0,0,0
test,815,data\processed\exp_001_faces_224\test\815.png,data\raw\kul-computer-vision-ga-1-2026\test\test_815.npy,2a17215988495c342bdfd948a34fd6a466d58d4e,0,40,0.375,1,150.7047027506655,58.069379342995944,4.550487312597836,0.0,255.0,0.0,0.375,0.022834203437514283,0.0,0.07842513051562715,0,0,0
test,124,data\processed\exp_001_faces_224\test\124.png,data\raw\kul-computer-vision-ga-1-2026\test\test_124.npy,de714d38ecbf18c8c593b6b324ff9c58ba7aa34c,0,39,0.390625,1,87.45482399010379,65.65135200345573,6.055692175508526,0.0,255.0,0.0,0.390625,0.0,0.0,0.078125,2,2,2
test,128,data\processed\exp_001_faces_224\test\128.png,data\raw\kul-computer-vision-ga-1-2026\test\test_128.npy,5965a399b2819effb0b33bdb7dacea9115876a53,0,39,0.390625,1,185.59025555555556,83.34572944607093,5.434591230026012,0.0,255.0,0.0,0.390625,0.0,0.0,0.078125,0,0,0
test,175,data\processed\exp_001_faces_224\test\175.png,data\raw\kul-computer-vision-ga-1-2026\test\test_175.npy,2f6867f071a670869ea8702d3484cbe1061e5dfe,0,39,0.390625,3,69.64600595285978,68.73633107695723,9.564038217089506,0.0,255.0,0.0,0.390625,0.0,0.0,0.078125,0,0,0
test,179,data\processed\exp_001_faces_224\test\179.png,data\raw\kul-computer-vision-ga-1-2026\test\test_179.npy,cfefa83691d8df3d1242c095874fc2a8b935af43,0,39,0.390625,3,62.38034188034188,44.65283914876461,6.3705687298307225,0.0,255.0,0.0,0.390625,0.0,0.0,0.078125,1,1,1
test,242,data\processed\exp_001_faces_224\test\242.png,data\raw\kul-computer-vision-ga-1-2026\test\test_242.npy,fa4b256099bb9690e3d5fc228fcf088cb2591a95,0,39,0.390625,2,120.560273211417,57.8483745487726,4.970843379811983,1.0,255.0,0.0,0.390625,0.0,0.0,0.078125,1,1,1
test,401,data\processed\exp_001_faces_224\test\401.png,data\raw\kul-computer-vision-ga-1-2026\test\test_401.npy,507555ccce22995c493c5d7fdaf60cad4623c725,0,39,0.390625,2,127.05090678669755,74.37241234598527,10.948507553618553,0.0,255.0,0.0,0.390625,0.0,0.0,0.078125,0,0,0
test,402,data\processed\exp_001_faces_224\test\402.png,data\raw\kul-computer-vision-ga-1-2026\test\test_402.npy,1cff972acafc24d0951f7f77c97a2450452018dc,0,39,0.390625,1,192.83951539491298,66.32498109699061,4.669188432008259,0.0,255.0,0.0,0.390625,0.0,0.0,0.078125,0,0,0
test,519,data\processed\exp_001_faces_224\test\519.png,data\raw\kul-computer-vision-ga-1-2026\test\test_519.npy,07798d92fd4ebe17cc71a03e268c63ff16b09d30,0,39,0.390625,1,70.27426729559748,86.57257874557112,7.517225585225214,0.0,255.0,0.0,0.390625,0.0,0.0,0.078125,1,1,1
test,798,data\processed\exp_001_faces_224\test\798.png,data\raw\kul-computer-vision-ga-1-2026\test\test_798.npy,1e07abbede1ff8b50e66f991c43333da43f55d91,0,39,0.390625,1,187.02492857920578,85.05899041869439,8.218668198563662,0.0,255.0,0.0,0.390625,0.0,0.0,0.078125,0,0,0
test,801,data\processed\exp_001_faces_224\test\801.png,data\raw\kul-computer-vision-ga-1-2026\test\test_801.npy,291bc2b5feb28e6f0aa05840d2549a02c0be49ed,0,39,0.390625,1,91.31800265633579,65.1463737946333,7.44380734433903,0.0,255.0,0.0,0.390625,0.0,0.0,0.078125,0,0,0
test,896,data\processed\exp_001_faces_224\test\896.png,data\raw\kul-computer-vision-ga-1-2026\test\test_896.npy,99bcab69d14139de6525815590ed5ca01f83c021,0,39,0.390625,9,75.21937142857143,74.56558505980172,8.4331620839221,0.0,255.0,0.0,0.390625,0.0,0.0,0.078125,1,1,1
test,955,data\processed\exp_001_faces_224\test\955.png,data\raw\kul-computer-vision-ga-1-2026\test\test_955.npy,2bc93ed7186faaff15dee80860578f6f354d7cd3,0,39,0.390625,2,142.3556358343258,74.01596099311817,7.80743959596831,0.0,255.0,0.0,0.390625,0.0,0.0,0.078125,0,0,0
test,1111,data\processed\exp_001_faces_224\test\1111.png,data\raw\kul-computer-vision-ga-1-2026\test\test_1111.npy,acb9464f93637da083bca64f9429ec31f3b85c26,0,39,0.390625,1,120.448515625,96.45877643194537,7.568278611964265,0.0,255.0,0.0,0.390625,0.0,0.0,0.078125,2,2,2
test,1117,data\processed\exp_001_faces_224\test\1117.png,data\raw\kul-computer-vision-ga-1-2026\test\test_1117.npy,a19da8ca4ed6c30c1375615085bf21e458eef3db,0,39,0.390625,2,83.47075555555556,72.29164228845868,10.975222965440356,0.0,255.0,0.0,0.390625,0.0,0.0,0.078125,2,2,2
test,1141,data\processed\exp_001_faces_224\test\1141.png,data\raw\kul-computer-vision-ga-1-2026\test\test_1141.npy,3b2d47363b13e37f2b5727f24d590a956db4148d,0,39,0.390625,2,86.58817432273263,66.41640538100538,6.509873165326399,0.0,255.0,0.0,0.390625,0.0,0.0,0.078125,1,1,1
test,1180,data\processed\exp_001_faces_224\test\1180.png,data\raw\kul-computer-vision-ga-1-2026\test\test_1180.npy,e254ff9d32cb27cfbf3a61a72c5a7b1e03d1a863,0,39,0.390625,8,81.02010638297872,80.03691284918727,6.706599504266121,0.0,255.0,0.0,0.390625,0.0,0.0,0.078125,1,1,1
test,1278,data\processed\exp_001_faces_224\test\1278.png,data\raw\kul-computer-vision-ga-1-2026\test\test_1278.npy,585e7e01199d47b6e609e62fd03635144edb8c3e,0,39,0.390625,1,179.10968462078338,80.6325733793246,6.494756821887805,0.0,255.0,0.0,0.390625,0.0,0.0,0.078125,1,1,1
test,1339,data\processed\exp_001_faces_224\test\1339.png,data\raw\kul-computer-vision-ga-1-2026\test\test_1339.npy,0e79bafd2b65a9f7f9356835dd48ba8c58a8149e,0,39,0.390625,1,174.31260493827162,97.91291317399566,8.39726024359875,0.0,255.0,0.0,0.390625,0.0,0.0,0.078125,2,2,2
test,1346,data\processed\exp_001_faces_224\test\1346.png,data\raw\kul-computer-vision-ga-1-2026\test\test_1346.npy,0347efe169e1a70850eab9bcbbcb40df54c62088,0,39,0.390625,1,103.00481914787659,77.13016949991966,5.129974757803326,0.0,253.0,0.0,0.390625,0.0,0.0,0.078125,2,2,2
test,1408,data\processed\exp_001_faces_224\test\1408.png,data\raw\kul-computer-vision-ga-1-2026\test\test_1408.npy,ea088d46fc7f64ba017d547f38ac70df81a06045,0,39,0.390625,4,99.20895116034902,84.31979105634306,5.800896683747497,0.0,255.0,0.0,0.390625,0.0,0.0,0.078125,0,0,0
test,1535,data\processed\exp_001_faces_224\test\1535.png,data\raw\kul-computer-vision-ga-1-2026\test\test_1535.npy,1e07abbede1ff8b50e66f991c43333da43f55d91,0,39,0.390625,1,187.02492857920578,85.05899041869439,8.218668198563662,0.0,255.0,0.0,0.390625,0.0,0.0,0.078125,0,0,0
test,1558,data\processed\exp_001_faces_224\test\1558.png,data\raw\kul-computer-vision-ga-1-2026\test\test_1558.npy,04571371cd7e40620f8f8a027c3f8ea711720506,0,39,0.390625,1,174.4417922705314,56.70078489752586,9.010070739775793,0.0,255.0,0.0,0.390625,0.0,0.0,0.078125,0,0,0
test,1641,data\processed\exp_001_faces_224\test\1641.png,data\raw\kul-computer-vision-ga-1-2026\test\test_1641.npy,02a433d370851392020642199a80868236b00c1a,0,39,0.390625,1,97.21463139120095,71.94791106083287,9.85812389917238,0.0,255.0,0.0,0.390625,0.0,0.0,0.078125,2,2,2
test,1644,data\processed\exp_001_faces_224\test\1644.png,data\raw\kul-computer-vision-ga-1-2026\test\test_1644.npy,c7fe140f239080afafa9e3093ff2eb3d6fe8cc07,0,39,0.390625,1,183.36839005901507,73.01449304971548,5.02775183965238,2.0,255.0,0.0,0.390625,0.0,0.0,0.078125,0,0,0
test,1664,data\processed\exp_001_faces_224\test\1664.png,data\raw\kul-computer-vision-ga-1-2026\test\test_1664.npy,f8511cad0101d3a46b94a1f5f8bb8e9794117fe5,0,39,0.390625,1,140.38798126614986,78.52349615196268,7.779565104199937,0.0,251.0,0.0,0.390625,0.0,0.0,0.078125,0,0,0
test,1675,data\processed\exp_001_faces_224\test\1675.png,data\raw\kul-computer-vision-ga-1-2026\test\test_1675.npy,2e47efee02819901033018adadbb4b703619a297,0,39,0.390625,1,152.81383486607368,85.80931321561997,7.60638041156692,0.0,255.0,0.0,0.390625,0.0,0.0,0.078125,1,1,1
test,4,data\processed\exp_001_faces_224\test\4.png,data\raw\kul-computer-vision-ga-1-2026\test\test_4.npy,8054cd645757ac7c80bb565ebcc2bbea60eb72d6,0,40,0.375,1,142.4861374210701,88.89087908085823,7.052293054308485,0.0,255.0,0.0,0.375,0.0,0.0,0.07500000000000001,1,1,1
test,34,data\processed\exp_001_faces_224\test\34.png,data\raw\kul-computer-vision-ga-1-2026\test\test_34.npy,066445e20fc55e88d59188f44e39d287e08297b1,0,40,0.375,1,102.9218017578125,78.84079801876335,10.072925857843137,0.0,255.0,0.0,0.375,0.0,0.0,0.07500000000000001,2,2,2
test,59,data\processed\exp_001_faces_224\test\59.png,data\raw\kul-computer-vision-ga-1-2026\test\test_59.npy,bbf08c86c0979e634276d556fb6f23d075759b4b,0,40,0.375,3,145.11425555555556,80.20978850236392,9.161722408026755,0.0,255.0,0.0,0.375,0.0,0.0,0.07500000000000001,1,1,1
test,62,data\processed\exp_001_faces_224\test\62.png,data\raw\kul-computer-vision-ga-1-2026\test\test_62.npy,f8c8943888a302eee72f7a4aaa9c9f93ca534ba1,0,40,0.375,2,175.16776666666667,81.78199565677531,8.188833147528799,0.0,255.0,0.0,0.375,0.0,0.0,0.07500000000000001,0,0,0
test,72,data\processed\exp_001_faces_224\test\72.png,data\raw\kul-computer-vision-ga-1-2026\test\test_72.npy,7e0c52b21222c9425464fe698c1ed36ba61d9d5d,0,40,0.375,1,161.6750242214533,56.112660554284744,9.035025792678528,0.0,255.0,0.0,0.375,0.0,0.0,0.07500000000000001,0,0,0
test,108,data\processed\exp_001_faces_224\test\108.png,data\raw\kul-computer-vision-ga-1-2026\test\test_108.npy,10b59c92607b64bf23165ed726dc2649144826f7,0,40,0.375,6,113.7168451082015,78.09353324356519,9.142181792592575,0.0,255.0,0.0,0.375,0.0,0.0,0.07500000000000001,2,2,2
test,142,data\processed\exp_001_faces_224\test\142.png,data\raw\kul-computer-vision-ga-1-2026\test\test_142.npy,32e1b3663d1f3a0c35c8023c367ea031ace94d70,0,40,0.375,1,180.48663194444444,71.55453439493297,14.583392274716578,0.0,255.0,0.0,0.375,0.0,0.0,0.07500000000000001,0,0,0
test,300,data\processed\exp_001_faces_224\test\300.png,data\raw\kul-computer-vision-ga-1-2026\test\test_300.npy,d30dc1c2f0545e564d72cac144e4423c237ead16,0,40,0.375,1,161.50185638653653,81.79306964151334,6.576535260197145,0.0,255.0,0.0,0.375,0.0,0.0,0.07500000000000001,0,0,0
test,372,data\processed\exp_001_faces_224\test\372.png,data\raw\kul-computer-vision-ga-1-2026\test\test_372.npy,466cad47db05da09bbe5553b6efb7815f85d613b,0,40,0.375,4,170.8148190768444,80.58502701256774,6.108439465568448,0.0,255.0,0.0,0.375,0.0,0.0,0.07500000000000001,0,0,0
test,382,data\processed\exp_001_faces_224\test\382.png,data\raw\kul-computer-vision-ga-1-2026\test\test_382.npy,4e2a126f33f06d2f67a6597ecc85dd9c0d4c0f96,0,40,0.375,2,102.9123964131107,83.08892117611228,5.078124453300786,0.0,255.0,0.0,0.375,0.0,0.0,0.07500000000000001,2,2,2
test,392,data\processed\exp_001_faces_224\test\392.png,data\raw\kul-computer-vision-ga-1-2026\test\test_392.npy,c4d866cb14acb1537bd6ae93e71c45b01229eb92,0,40,0.375,2,110.87102448210923,72.2261735973169,5.714361396517328,0.0,255.0,0.0,0.375,0.0,0.0,0.07500000000000001,0,0,0
test,911,data\processed\exp_001_faces_224\test\911.png,data\raw\kul-computer-vision-ga-1-2026\test\test_911.npy,c5d844f052a7cdd8858d711634541f81c5bd79d3,0,40,0.375,2,146.95114444444445,79.562225677776,6.058346628837907,0.0,255.0,0.0,0.375,0.0,0.0,0.07500000000000001,2,2,2
test,924,data\processed\exp_001_faces_224\test\924.png,data\raw\kul-computer-vision-ga-1-2026\test\test_924.npy,37b4e152a71edaa41d17abdfe22102b07af91928,0,40,0.375,1,86.50875136358457,56.98885172865616,14.189904897430395,0.0,255.0,0.0,0.375,0.0,0.0,0.07500000000000001,0,0,0
test,925,data\processed\exp_001_faces_224\test\925.png,data\raw\kul-computer-vision-ga-1-2026\test\test_925.npy,0d91976431e48e5e54a53250c3b56ef4aba9a802,0,40,0.375,1,147.80749689083024,72.57832607434145,9.943601028696563,0.0,255.0,0.0,0.375,0.0,0.0,0.07500000000000001,2,2,2
test,1233,data\processed\exp_001_faces_224\test\1233.png,data\raw\kul-computer-vision-ga-1-2026\test\test_1233.npy,752e1b4d742774d1646a5ba570a98886a16ea1b4,0,40,0.375,2,90.08045530024087,81.48328923247246,4.809242319840599,0.0,255.0,0.0,0.375,0.0,0.0,0.07500000000000001,0,0,0
test,1264,data\processed\exp_001_faces_224\test\1264.png,data\raw\kul-computer-vision-ga-1-2026\test\test_1264.npy,18133b4ce1de7903b4ad9f879ae13a8685de95e5,0,40,0.375,2,152.05383333333333,86.32246184301563,8.932663316582914,0.0,255.0,0.0,0.375,0.0,0.0,0.07500000000000001,0,0,0
test,1288,data\processed\exp_001_faces_224\test\1288.png,data\raw\kul-computer-vision-ga-1-2026\test\test_1288.npy,c8b73bbef82536eabc2658a592f5539b8ccd638c,0,40,0.375,1,141.27772777777778,70.41014120102386,6.777486545510907,0.0,255.0,0.0,0.375,0.0,0.0,0.07500000000000001,2,2,2
test,1341,data\processed\exp_001_faces_224\test\1341.png,data\raw\kul-computer-vision-ga-1-2026\test\test_1341.npy,cba4d0d360643d0a4092afdda767039ebe8facb1,0,40,0.375,3,68.71349862258953,74.73329353199819,4.963463757026005,0.0,255.0,0.0,0.375,0.0,0.0,0.07500000000000001,0,0,0
test,1494,data\processed\exp_001_faces_224\test\1494.png,data\raw\kul-computer-vision-ga-1-2026\test\test_1494.npy,c033d676aad80a0653e2ba5584ffbf42419cae99,0,40,0.375,6,55.02428742384682,79.99128182399099,5.23249427804717,0.0,255.0,0.0,0.375,0.0,0.0,0.07500000000000001,1,1,1
test,1523,data\processed\exp_001_faces_224\test\1523.png,data\raw\kul-computer-vision-ga-1-2026\test\test_1523.npy,77cc227d9e77a600d41d622c1c9e1a5b6b2eedaa,0,40,0.375,1,67.16371036204744,61.41347557082968,5.624638556638741,0.0,255.0,0.0,0.375,0.0,0.0,0.07500000000000001,0,0,0
test,1528,data\processed\exp_001_faces_224\test\1528.png,data\raw\kul-computer-vision-ga-1-2026\test\test_1528.npy,c58890289bcd8f67b3b34400c0c2eeebf4165865,0,40,0.375,1,128.34446881837454,82.65782115695734,5.288831140664058,0.0,255.0,0.0,0.375,0.0,0.0,0.07500000000000001,0,0,0
test,1608,data\processed\exp_001_faces_224\test\1608.png,data\raw\kul-computer-vision-ga-1-2026\test\test_1608.npy,e7f3cfa4d26685f18ba57e6145f33904f40c4be3,0,40,0.375,1,143.90346517247102,76.81844756093214,8.310611473909232,0.0,255.0,0.0,0.375,0.0,0.0,0.07500000000000001,0,0,0
test,1633,data\processed\exp_001_faces_224\test\1633.png,data\raw\kul-computer-vision-ga-1-2026\test\test_1633.npy,707fa1bb5727529b749291e0ce83e143f2f3aec8,0,40,0.375,1,111.25626907747643,53.318964538978214,5.302666962682297,0.0,255.0,0.0,0.375,0.0,0.0,0.07500000000000001,0,0,1
test,1711,data\processed\exp_001_faces_224\test\1711.png,data\raw\kul-computer-vision-ga-1-2026\test\test_1711.npy,8623981ca4dde17b1aca3f20725fc5f80b268ad3,0,40,0.375,1,92.82505208333333,76.00954824544382,10.93042395265914,0.0,255.0,0.0,0.375,0.0,0.0,0.07500000000000001,0,0,0
test,1789,data\processed\exp_001_faces_224\test\1789.png,data\raw\kul-computer-vision-ga-1-2026\test\test_1789.npy,462f9578f7e433eeea88755df2f838ffe2a2e75c,0,40,0.375,2,143.46224444444445,77.26745410201448,10.721348940914158,0.0,255.0,0.0,0.375,0.0,0.0,0.07500000000000001,0,0,0
test,127,data\processed\exp_001_faces_224\test\127.png,data\raw\kul-computer-vision-ga-1-2026\test\test_127.npy,39abe3fac7a436ab520a279e80cfc65362454493,0,41,0.359375,1,121.79842719431761,68.6114385160607,7.163764001832218,0.0,255.0,0.0,0.359375,0.0,0.0,0.07187500000000001,2,2,2
test,222,data\processed\exp_001_faces_224\test\222.png,data\raw\kul-computer-vision-ga-1-2026\test\test_222.npy,44536b28b24cc6f24d70472c66a7cd650982a6e3,0,41,0.359375,1,73.84778356481482,56.186234523667146,5.639925969462215,0.0,255.0,0.0,0.359375,0.0,0.0,0.07187500000000001,2,2,2
test,235,data\processed\exp_001_faces_224\test\235.png,data\raw\kul-computer-vision-ga-1-2026\test\test_235.npy,81fa9294f4ae05ee930c886b73e306bedef57bf1,0,41,0.359375,1,180.36474230996745,86.58861366461498,5.835089194434005,0.0,255.0,0.0,0.359375,0.0,0.0,0.07187500000000001,0,0,0
test,409,data\processed\exp_001_faces_224\test\409.png,data\raw\kul-computer-vision-ga-1-2026\test\test_409.npy,3134a953192d087925c2420e726195308d121340,0,41,0.359375,1,99.04855313721593,81.2203306458849,4.8451254877275405,0.0,255.0,0.0,0.359375,0.0,0.0,0.07187500000000001,2,2,2
test,530,data\processed\exp_001_faces_224\test\530.png,data\raw\kul-computer-vision-ga-1-2026\test\test_530.npy,6edb38716da1fb83c6520e53e935ef37f649543c,0,41,0.359375,1,167.84375,39.24700574735765,6.021148682230278,0.0,255.0,0.0,0.359375,0.0,0.0,0.07187500000000001,0,0,0
test,611,data\processed\exp_001_faces_224\test\611.png,data\raw\kul-computer-vision-ga-1-2026\test\test_611.npy,179880e60b9a16710358f27cb49ccee52f3baa19,0,41,0.359375,2,155.68024444444444,87.45807482834839,8.249637681159419,0.0,255.0,0.0,0.359375,0.0,0.0,0.07187500000000001,0,0,0
test,827,data\processed\exp_001_faces_224\test\827.png,data\raw\kul-computer-vision-ga-1-2026\test\test_827.npy,aea0c3ac6521c722565892f0b619b70b9b78afb5,0,41,0.359375,1,175.7886822376009,86.43827058105225,4.644175239312503,0.0,255.0,0.0,0.359375,0.0,0.0,0.07187500000000001,0,0,0
test,868,data\processed\exp_001_faces_224\test\868.png,data\raw\kul-computer-vision-ga-1-2026\test\test_868.npy,cdc5278d4ed73066f28fed7a4e01d487014cc138,0,41,0.359375,1,125.91718815805773,69.80021634302014,16.25190641571761,0.0,255.0,0.0,0.359375,0.0,0.0,0.07187500000000001,0,0,0
test,995,data\processed\exp_001_faces_224\test\995.png,data\raw\kul-computer-vision-ga-1-2026\test\test_995.npy,8dc4a0f7fe2d97404209ea68fb654bf103b89b19,0,41,0.359375,1,119.91915526002629,64.08065083917874,5.059473039876394,0.0,255.0,0.0,0.359375,0.0,0.0,0.07187500000000001,0,0,1
test,1085,data\processed\exp_001_faces_224\test\1085.png,data\raw\kul-computer-vision-ga-1-2026\test\test_1085.npy,6af071f8f988b61e2ab898349d674bb793e2373f,0,41,0.359375,1,172.86814270652656,75.16925686844577,5.173029406063539,0.0,255.0,0.0,0.359375,0.0,0.0,0.07187500000000001,0,0,0
test,1188,data\processed\exp_001_faces_224\test\1188.png,data\raw\kul-computer-vision-ga-1-2026\test\test_1188.npy,616336b841ab57c003d9a1937f3864ed6ebf5648,0,41,0.359375,1,137.95777467772353,81.49963804610356,5.450523585851717,0.0,255.0,0.0,0.359375,0.0,0.0,0.07187500000000001,2,2,2
test,1302,data\processed\exp_001_faces_224\test\1302.png,data\raw\kul-computer-vision-ga-1-2026\test\test_1302.npy,8a612d8d9ed74a456965b12efe0c176472f25bc3,0,41,0.359375,4,56.44445114320724,62.909191746543996,6.671950528894573,0.0,255.0,0.0,0.359375,0.0,0.0,0.07187500000000001,0,0,0
test,1351,data\processed\exp_001_faces_224\test\1351.png,data\raw\kul-computer-vision-ga-1-2026\test\test_1351.npy,ef21b93dbcbe1850d710ca0d4629120503e5e094,0,41,0.359375,1,168.16410344827585,64.59501353882705,7.546156275313976,0.0,255.0,0.0,0.359375,0.0,0.0,0.07187500000000001,0,0,0
test,1479,data\processed\exp_001_faces_224\test\1479.png,data\raw\kul-computer-vision-ga-1-2026\test\test_1479.npy,36a2a92dceb49129fcfd1924358e82aa37cc4716,0,41,0.359375,1,155.85692227844817,77.07933545416793,8.603966013740305,0.0,255.0,0.0,0.359375,0.0,0.0,0.07187500000000001,0,0,0
test,1685,data\processed\exp_001_faces_224\test\1685.png,data\raw\kul-computer-vision-ga-1-2026\test\test_1685.npy,0b89a5e279a8edec1ccee8b6212abcf32c230b1d,0,41,0.359375,1,149.9981168946527,50.220612832037354,6.856011849553743,0.0,255.0,0.0,0.359375,0.0,0.0,0.07187500000000001,0,0,0
test,1728,data\processed\exp_001_faces_224\test\1728.png,data\raw\kul-computer-vision-ga-1-2026\test\test_1728.npy,2a648211ea4a37333226377b77cffa6a9540a182,0,41,0.359375,1,177.80687431150278,62.22606242155574,5.550715734851252,0.0,255.0,0.0,0.359375,0.0,0.0,0.07187500000000001,0,0,0
test,1770,data\processed\exp_001_faces_224\test\1770.png,data\raw\kul-computer-vision-ga-1-2026\test\test_1770.npy,bededdcc817a10e57ab8fd7067b700c95151c404,0,41,0.359375,2,101.89358410493827,86.23181857327128,5.320299181748144,0.0,255.0,0.0,0.359375,0.0,0.0,0.07187500000000001,0,0,0
test,1133,data\processed\exp_001_faces_224\test\1133.png,data\raw\kul-computer-vision-ga-1-2026\test\test_1133.npy,f9ed6410b295a543f59d9f8b2d0cdedbed8d6863,0,45,0.296875,1,81.90727528449048,51.16400689037825,4.4942260636778695,0.0,255.0,0.0,0.296875,0.06711059691756698,0.0,0.06944158953763505,0,0,0
test,53,data\processed\exp_001_faces_224\test\53.png,data\raw\kul-computer-vision-ga-1-2026\test\test_53.npy,6aeeb098a15b9655cca9b1d1192df86b407a33a1,0,42,0.34375,2,86.88733421220837,67.9603847427872,4.801135172360707,0.0,255.0,0.0,0.34375,0.0,0.0,0.06875,0,0,0
test,75,data\processed\exp_001_faces_224\test\75.png,data\raw\kul-computer-vision-ga-1-2026\test\test_75.npy,edc5e80f194005dc8dcc3f46deb24d0fa9f6b85c,0,42,0.34375,2,121.70537806637806,76.58534483512545,5.261134485041618,0.0,255.0,0.0,0.34375,0.0,0.0,0.06875,1,1,1
test,125,data\processed\exp_001_faces_224\test\125.png,data\raw\kul-computer-vision-ga-1-2026\test\test_125.npy,fb27329ff085ddc4f7801ddd78194960cebc3142,0,42,0.34375,2,112.30845320682855,68.81040299143022,6.977487825535627,0.0,255.0,0.0,0.34375,0.0,0.0,0.06875,2,2,2
test,226,data\processed\exp_001_faces_224\test\226.png,data\raw\kul-computer-vision-ga-1-2026\test\test_226.npy,181a5be6a12c19188049c4125fc9f0252fec6079,0,42,0.34375,1,182.47018264840182,61.069476522870204,5.966311939028278,0.0,255.0,0.0,0.34375,0.0,0.0,0.06875,0,0,0
test,598,data\processed\exp_001_faces_224\test\598.png,data\raw\kul-computer-vision-ga-1-2026\test\test_598.npy,29f66f0e9b4a7ccb281d934cabc809785fe05d04,0,42,0.34375,1,126.3203887195122,65.8941194822068,9.212370283252966,0.0,255.0,0.0,0.34375,0.0,0.0,0.06875,0,0,0
test,606,data\processed\exp_001_faces_224\test\606.png,data\raw\kul-computer-vision-ga-1-2026\test\test_606.npy,91731d13920f07f035fcf831d3580e454e845a63,0,42,0.34375,1,115.88644628099173,54.34352164906431,7.481732392448929,0.0,247.0,0.0,0.34375,0.0,0.0,0.06875,1,1,1
test,648,data\processed\exp_001_faces_224\test\648.png,data\raw\kul-computer-vision-ga-1-2026\test\test_648.npy,ab176a4bca81b6fde28e7545204cc91dad6da395,0,42,0.34375,2,63.452819068169106,54.78338665519904,6.9325654295252574,0.0,255.0,0.0,0.34375,0.0,0.0,0.06875,2,2,2
test,655,data\processed\exp_001_faces_224\test\655.png,data\raw\kul-computer-vision-ga-1-2026\test\test_655.npy,dfd8f9b0d855cc0416f23ba62f121db2d2db9831,0,42,0.34375,1,215.56818559940845,49.1202490596794,5.437673472530175,0.0,255.0,0.0,0.34375,0.0,0.0,0.06875,0,0,0
test,1099,data\processed\exp_001_faces_224\test\1099.png,data\raw\kul-computer-vision-ga-1-2026\test\test_1099.npy,91d563658a93248ea724797101646983cfa6850d,0,42,0.34375,1,142.01677383437718,77.14290419178101,4.772310093280468,0.0,255.0,0.0,0.34375,0.0,0.0,0.06875,0,0,0
test,1148,data\processed\exp_001_faces_224\test\1148.png,data\raw\kul-computer-vision-ga-1-2026\test\test_1148.npy,7db6421553412b75e152bbd04ff9c942cead28c4,0,42,0.34375,1,120.28921226858937,66.43574623049405,5.220842509933416,0.0,255.0,0.0,0.34375,0.0,0.0,0.06875,0,0,0
test,1313,data\processed\exp_001_faces_224\test\1313.png,data\raw\kul-computer-vision-ga-1-2026\test\test_1313.npy,95bf25f1de99ea09a49992f8622f125fa71046ca,0,42,0.34375,1,148.1586524822695,92.39340206033916,7.8657415114773555,0.0,255.0,0.0,0.34375,0.0,0.0,0.06875,1,1,1
test,1429,data\processed\exp_001_faces_224\test\1429.png,data\raw\kul-computer-vision-ga-1-2026\test\test_1429.npy,2c4f6b325d5fdf4afa4ee6637309c1fdc6c66edf,0,42,0.34375,2,130.08335619297515,61.69741455983168,8.763229595151115,0.0,255.0,0.0,0.34375,0.0,0.0,0.06875,0,0,0
test,1445,data\processed\exp_001_faces_224\test\1445.png,data\raw\kul-computer-vision-ga-1-2026\test\test_1445.npy,cf0acb78eebc6a17e7822bf205139c8007cbf7ee,0,42,0.34375,1,167.65677887246852,63.59413415374884,6.418506723878318,0.0,255.0,0.0,0.34375,0.0,0.0,0.06875,0,0,0
test,1504,data\processed\exp_001_faces_224\test\1504.png,data\raw\kul-computer-vision-ga-1-2026\test\test_1504.npy,165ea61e299f53657c99df2d469f45e66811283b,0,42,0.34375,4,85.58336124479231,76.32200888223886,5.749553466091351,0.0,255.0,0.0,0.34375,0.0,0.0,0.06875,0,0,0
test,1531,data\processed\exp_001_faces_224\test\1531.png,data\raw\kul-computer-vision-ga-1-2026\test\test_1531.npy,ca0b8a002e731fdc5eee227731d22ca53c758af1,0,42,0.34375,1,149.55263662911975,92.32504131373128,4.698151450965309,0.0,255.0,0.0,0.34375,0.0,0.0,0.06875,1,1,1
test,1792,data\processed\exp_001_faces_224\test\1792.png,data\raw\kul-computer-vision-ga-1-2026\test\test_1792.npy,ae7e59731988c26c4628691554b5a50696acbaf7,0,42,0.34375,1,133.44846280991734,79.33145774530541,6.14969365789038,0.0,255.0,0.0,0.34375,0.0,0.0,0.06875,2,2,2
test,950,data\processed\exp_001_faces_224\test\950.png,data\raw\kul-computer-vision-ga-1-2026\test\test_950.npy,4c32c44a2168300e2644f8a7e422dc9d43401822,0,43,0.328125,1,141.6861909854851,85.76645841731269,4.5791394419763725,0.0,255.0,0.0,0.328125,0.0002855935371172835,0.0,0.0656678390305676,0,0,0
test,23,data\processed\exp_001_faces_224\test\23.png,data\raw\kul-computer-vision-ga-1-2026\test\test_23.npy,d3b92a23f80a7359a4347ea4b2ce44bd7a3db45b,0,43,0.328125,1,149.26585155709733,91.0168922751842,5.594613780461682,0.0,255.0,0.0,0.328125,0.0,0.0,0.065625,1,1,1
test,119,data\processed\exp_001_faces_224\test\119.png,data\raw\kul-computer-vision-ga-1-2026\test\test_119.npy,a02340046644f37dbb2157847c4304f0b7c07b2c,0,43,0.328125,3,112.31234046769718,62.0163737913154,12.380478450826041,0.0,255.0,0.0,0.328125,0.0,0.0,0.065625,2,2,2
test,237,data\processed\exp_001_faces_224\test\237.png,data\raw\kul-computer-vision-ga-1-2026\test\test_237.npy,998bcac2b114333a31dc74bba7484d7a1dbc60d4,0,43,0.328125,2,117.71973310124746,90.28110784294316,10.076584954852741,0.0,255.0,0.0,0.328125,0.0,0.0,0.065625,2,2,2
test,269,data\processed\exp_001_faces_224\test\269.png,data\raw\kul-computer-vision-ga-1-2026\test\test_269.npy,272f8e7bb516fccab5fa0037c30ac111792e17fd,0,43,0.328125,2,73.83457900124567,76.84174314128154,6.11059328283734,0.0,255.0,0.0,0.328125,0.0,0.0,0.065625,0,0,0
test,399,data\processed\exp_001_faces_224\test\399.png,data\raw\kul-computer-vision-ga-1-2026\test\test_399.npy,c33ad62025d3b4ac635938935b500e8c69676ba8,0,43,0.328125,1,151.6041542040545,77.06862354088955,5.355787710823053,0.0,255.0,0.0,0.328125,0.0,0.0,0.065625,0,0,0
test,411,data\processed\exp_001_faces_224\test\411.png,data\raw\kul-computer-vision-ga-1-2026\test\test_411.npy,afc848c952c3fbeda51bfca4b9a16570e1217ef7,0,43,0.328125,1,112.70453493947022,75.20347475148616,4.96969151727697,0.0,255.0,0.0,0.328125,0.0,0.0,0.065625,2,2,2
test,435,data\processed\exp_001_faces_224\test\435.png,data\raw\kul-computer-vision-ga-1-2026\test\test_435.npy,8e794ba42e6eacbbe7ba4e1edde42d720efba188,0,43,0.328125,1,156.57545910493826,51.74561538708066,6.268507144223045,0.0,224.0,0.0,0.328125,0.0,0.0,0.065625,0,0,0
test,1123,data\processed\exp_001_faces_224\test\1123.png,data\raw\kul-computer-vision-ga-1-2026\test\test_1123.npy,ab6f8d2196ac00ccb75899267e121bbbd0debc85,0,43,0.328125,2,99.3617316872428,76.30266633679415,6.393343231873298,0.0,255.0,0.0,0.328125,0.0,0.0,0.065625,2,2,2
test,1291,data\processed\exp_001_faces_224\test\1291.png,data\raw\kul-computer-vision-ga-1-2026\test\test_1291.npy,157b0f7a61a3d7d74abc166e890e25f4b7bf4e23,0,43,0.328125,1,143.1915769491901,85.9774848940793,6.3253903058003,0.0,255.0,0.0,0.328125,0.0,0.0,0.065625,0,0,0
test,1784,data\processed\exp_001_faces_224\test\1784.png,data\raw\kul-computer-vision-ga-1-2026\test\test_1784.npy,3070dab7367bab5161c6a8cbeca568f514e9795e,0,43,0.328125,1,99.86174855127236,81.32115762466887,5.1823742998219515,0.0,255.0,0.0,0.328125,0.0,0.0,0.065625,2,2,2
test,1804,data\processed\exp_001_faces_224\test\1804.png,data\raw\kul-computer-vision-ga-1-2026\test\test_1804.npy,60b6c328291a80235d4d334e257f43931fc9e6a9,0,43,0.328125,2,65.26751777777778,65.60326405171142,7.198225851182112,0.0,255.0,0.0,0.328125,0.0,0.0,0.065625,1,1,1
test,263,data\processed\exp_001_faces_224\test\263.png,data\raw\kul-computer-vision-ga-1-2026\test\test_263.npy,25f63b1339c05e266918eaef4393495b272e4509,0,44,0.3125,3,100.477458436214,87.43271797052459,5.454531881547472,0.0,255.0,0.0,0.3125,0.0,0.0,0.0625,2,2,2
test,622,data\processed\exp_001_faces_224\test\622.png,data\raw\kul-computer-vision-ga-1-2026\test\test_622.npy,815d74193a4a779c2fa91b3d4761f1dd5d118b77,0,44,0.3125,3,99.62334027055151,86.73164206617666,6.2284476458920555,0.0,255.0,0.0,0.3125,0.0,0.0,0.0625,2,2,2
test,701,data\processed\exp_001_faces_224\test\701.png,data\raw\kul-computer-vision-ga-1-2026\test\test_701.npy,b354d091e272a05b1cf3419478573dbf010d5736,0,44,0.3125,1,168.52575650118203,91.67755166040713,6.0642592423446935,0.0,255.0,0.0,0.3125,0.0,0.0,0.0625,0,0,0
test,716,data\processed\exp_001_faces_224\test\716.png,data\raw\kul-computer-vision-ga-1-2026\test\test_716.npy,95e747e530f4d7bf2c448ae94ed6e8e570fa3d66,0,44,0.3125,1,137.90499410490992,85.31134698001723,7.386963146285337,0.0,255.0,0.0,0.3125,0.0,0.0,0.0625,0,0,0
test,838,data\processed\exp_001_faces_224\test\838.png,data\raw\kul-computer-vision-ga-1-2026\test\test_838.npy,7dedae1813dc44b106ba057e8b0b741697797387,0,44,0.3125,1,166.11103473762012,75.28885324361661,6.444564174859611,0.0,255.0,0.0,0.3125,0.0,0.0,0.0625,0,0,0
test,983,data\processed\exp_001_faces_224\test\983.png,data\raw\kul-computer-vision-ga-1-2026\test\test_983.npy,c42891f583c1abdbf8ba4a8a2996a700a8535992,0,44,0.3125,1,88.03793546436938,82.42554206527204,5.599869810305806,0.0,255.0,0.0,0.3125,0.0,0.0,0.0625,0,0,0
test,1033,data\processed\exp_001_faces_224\test\1033.png,data\raw\kul-computer-vision-ga-1-2026\test\test_1033.npy,8dbdc209d6304a8070bcbd179d1dd3b4f17c8871,0,44,0.3125,5,140.5082625,96.06656280967081,13.777736410750492,0.0,255.0,0.0,0.3125,0.0,0.0,0.0625,2,2,2
test,1231,data\processed\exp_001_faces_224\test\1231.png,data\raw\kul-computer-vision-ga-1-2026\test\test_1231.npy,033d222469f050b5473649451fcf40e29005d3a1,0,44,0.3125,2,84.88709722222222,81.13590560265395,9.981560169002961,0.0,255.0,0.0,0.3125,0.0,0.0,0.0625,0,0,0
test,1414,data\processed\exp_001_faces_224\test\1414.png,data\raw\kul-computer-vision-ga-1-2026\test\test_1414.npy,95e747e530f4d7bf2c448ae94ed6e8e570fa3d66,0,44,0.3125,1,137.90499410490992,85.31134698001723,7.386963146285337,0.0,255.0,0.0,0.3125,0.0,0.0,0.0625,0,0,0
test,1719,data\processed\exp_001_faces_224\test\1719.png,data\raw\kul-computer-vision-ga-1-2026\test\test_1719.npy,45a2d1bf6844aa7b731a794346485a6f4251f5c0,0,44,0.3125,1,185.71717183169565,55.50858478692794,5.5943208641545015,0.0,255.0,0.0,0.3125,0.0,0.0,0.0625,0,0,0
test,1808,data\processed\exp_001_faces_224\test\1808.png,data\raw\kul-computer-vision-ga-1-2026\test\test_1808.npy,aab050034e90c5fa4da724baf2757e07d72d6d2a,0,44,0.3125,2,181.90788213565003,67.07149015247141,5.61801005389656,0.0,255.0,0.0,0.3125,0.0,0.0,0.0625,0,0,0
test,1809,data\processed\exp_001_faces_224\test\1809.png,data\raw\kul-computer-vision-ga-1-2026\test\test_1809.npy,b39aee710d2587a5573097da3cbae1f4098e4a3a,0,44,0.3125,1,142.41907378938836,73.30074620031978,4.8377599671858516,0.0,255.0,0.0,0.3125,0.0,0.0,0.0625,0,0,0
test,2,data\processed\exp_001_faces_224\test\2.png,data\raw\kul-computer-vision-ga-1-2026\test\test_2.npy,b519c6a6294d498293eec071c35c375eced8a882,0,45,0.296875,1,166.7564987654321,67.20714498309233,5.172433837549326,7.0,255.0,0.0,0.296875,0.0,0.0,0.059375000000000004,0,0,0
test,575,data\processed\exp_001_faces_224\test\575.png,data\raw\kul-computer-vision-ga-1-2026\test\test_575.npy,fcdfd45c862c19d297ab933ce0fa4c8fb1b0c146,0,45,0.296875,1,111.60447612727998,69.25784695687751,4.963269200840337,0.0,255.0,0.0,0.296875,0.0,0.0,0.059375000000000004,0,0,0
test,652,data\processed\exp_001_faces_224\test\652.png,data\raw\kul-computer-vision-ga-1-2026\test\test_652.npy,720fe5dfe33a6009c3e2860e435be54f3c928424,0,45,0.296875,2,89.66078987150416,76.93495781777433,6.967770589927686,0.0,255.0,0.0,0.296875,0.0,0.0,0.059375000000000004,1,1,1
test,858,data\processed\exp_001_faces_224\test\858.png,data\raw\kul-computer-vision-ga-1-2026\test\test_858.npy,62b09acc81e93400ac1ebfa554901851bfb25d90,0,45,0.296875,1,105.75276019453797,87.3153569416677,5.5608545831818095,0.0,255.0,0.0,0.296875,0.0,0.0,0.059375000000000004,1,1,1
test,1065,data\processed\exp_001_faces_224\test\1065.png,data\raw\kul-computer-vision-ga-1-2026\test\test_1065.npy,6be7425ee9330687a16cc7dbf9be7df7e84b7a2d,0,45,0.296875,1,142.73421933498318,88.87005747865379,8.422645382878327,0.0,255.0,0.0,0.296875,0.0,0.0,0.059375000000000004,0,0,0
test,1142,data\processed\exp_001_faces_224\test\1142.png,data\raw\kul-computer-vision-ga-1-2026\test\test_1142.npy,306912686a96da60840792f513b2e45c5f353020,0,45,0.296875,1,149.5271870405377,87.41918118479877,5.031074377381852,0.0,255.0,0.0,0.296875,0.0,0.0,0.059375000000000004,1,1,1
test,1219,data\processed\exp_001_faces_224\test\1219.png,data\raw\kul-computer-vision-ga-1-2026\test\test_1219.npy,720fe5dfe33a6009c3e2860e435be54f3c928424,0,45,0.296875,2,89.66078987150416,76.93495781777433,6.967770589927686,0.0,255.0,0.0,0.296875,0.0,0.0,0.059375000000000004,1,1,1
test,1768,data\processed\exp_001_faces_224\test\1768.png,data\raw\kul-computer-vision-ga-1-2026\test\test_1768.npy,0cefb4ccf10cdf4c9b5d85c7ba635b8cfebac8ee,0,45,0.296875,2,63.138033950617285,69.88868498706404,10.092648102775266,0.0,255.0,0.0,0.296875,0.0,0.0,0.059375000000000004,0,0,0
test,400,data\processed\exp_001_faces_224\test\400.png,data\raw\kul-computer-vision-ga-1-2026\test\test_400.npy,56b5dda71e1ca0b4e7c89b7f2e9d0ecd37d6751d,0,49,0.234375,1,156.178525,79.7564092753118,4.483031825795645,0.0,255.0,0.0,0.234375,0.07592022149393851,0.0,0.05826303322409078,0,0,0
test,96,data\processed\exp_001_faces_224\test\96.png,data\raw\kul-computer-vision-ga-1-2026\test\test_96.npy,0b87458682b3a1a1220ff822381a10ed7c107043,0,46,0.28125,3,93.33009415526736,66.06979585864572,6.402759884152595,0.0,255.0,0.0,0.28125,0.0,0.0,0.05625,0,0,0
test,795,data\processed\exp_001_faces_224\test\795.png,data\raw\kul-computer-vision-ga-1-2026\test\test_795.npy,21e6f5ac1e1cef953de6e5021ae879dcf6152b60,0,46,0.28125,1,153.66939970988713,83.20991564439291,7.287262467118845,0.0,255.0,0.0,0.28125,0.0,0.0,0.05625,0,0,0
test,833,data\processed\exp_001_faces_224\test\833.png,data\raw\kul-computer-vision-ga-1-2026\test\test_833.npy,140c5e2f773c9fe9782b9043054b628f89084d12,0,46,0.28125,2,93.21551972358192,70.57020902205268,6.1520475095283444,0.0,255.0,0.0,0.28125,0.0,0.0,0.05625,2,2,2
test,905,data\processed\exp_001_faces_224\test\905.png,data\raw\kul-computer-vision-ga-1-2026\test\test_905.npy,08c81a7ab75a86f2e76b6cb37fe0fb0425466b06,0,46,0.28125,2,118.30075301513197,79.31064240888551,6.7867108979378665,0.0,255.0,0.0,0.28125,0.0,0.0,0.05625,1,1,1
test,139,data\processed\exp_001_faces_224\test\139.png,data\raw\kul-computer-vision-ga-1-2026\test\test_139.npy,2f95c7f9ab751ac4e66c069df8c6ae250c22e842,0,47,0.265625,2,132.40866733772572,93.71768912492614,4.9619240072499995,0.0,255.0,0.0,0.265625,0.0,0.0,0.053125000000000006,0,0,0
test,255,data\processed\exp_001_faces_224\test\255.png,data\raw\kul-computer-vision-ga-1-2026\test\test_255.npy,2f95c7f9ab751ac4e66c069df8c6ae250c22e842,0,47,0.265625,2,132.40866733772572,93.71768912492614,4.9619240072499995,0.0,255.0,0.0,0.265625,0.0,0.0,0.053125000000000006,0,0,0
test,367,data\processed\exp_001_faces_224\test\367.png,data\raw\kul-computer-vision-ga-1-2026\test\test_367.npy,3472765872a3be2b119c7018a59c9459e75f7bbe,0,47,0.265625,2,97.59800370370371,83.94869788600383,9.044418431809737,0.0,255.0,0.0,0.265625,0.0,0.0,0.053125000000000006,1,1,1
test,1021,data\processed\exp_001_faces_224\test\1021.png,data\raw\kul-computer-vision-ga-1-2026\test\test_1021.npy,fb45c11d16bebbb0a18b0b4e75a0812628824fe1,0,47,0.265625,2,106.44127314814814,78.83196205202358,7.780771680658992,0.0,255.0,0.0,0.265625,0.0,0.0,0.053125000000000006,1,1,1
test,1481,data\processed\exp_001_faces_224\test\1481.png,data\raw\kul-computer-vision-ga-1-2026\test\test_1481.npy,b1a3327166dbaad5433f0e6ba2a475c77756d73d,0,49,0.234375,1,141.86416330645162,55.732336246967215,4.545079959339207,0.0,255.0,0.0,0.234375,0.02708967421288403,0.0,0.050938451131932606,0,0,0
test,1366,data\processed\exp_001_faces_224\test\1366.png,data\raw\kul-computer-vision-ga-1-2026\test\test_1366.npy,8a26a8c67a3e7f76ab5b102612899dfd1c88e546,0,48,0.25,4,130.66313333333332,74.74395619389942,16.06980862133036,0.0,255.0,0.0,0.25,0.0,0.0,0.05,1,1,1
test,1797,data\processed\exp_001_faces_224\test\1797.png,data\raw\kul-computer-vision-ga-1-2026\test\test_1797.npy,d9024c6fed7e6ede91937d8ff4e7af890c50f8ae,0,48,0.25,1,141.45415070242657,55.507694794206834,4.67695307118932,0.0,255.0,0.0,0.25,0.0,0.0,0.05,0,0,0
test,631,data\processed\exp_001_faces_224\test\631.png,data\raw\kul-computer-vision-ga-1-2026\test\test_631.npy,b2e1211adca0708fcc9ab0d7422204bcaf4dcb9e,0,49,0.234375,1,164.97410348894658,81.01504902087332,7.12004907372296,0.0,255.0,0.0,0.234375,0.0,0.0,0.046875,0,0,0
test,1029,data\processed\exp_001_faces_224\test\1029.png,data\raw\kul-computer-vision-ga-1-2026\test\test_1029.npy,902b790e5064eb2572975d1e3b770bbdff791362,0,49,0.234375,2,106.00383940620783,49.808774734875726,5.808929490508438,0.0,254.0,0.0,0.234375,0.0,0.0,0.046875,0,0,0
test,225,data\processed\exp_001_faces_224\test\225.png,data\raw\kul-computer-vision-ga-1-2026\test\test_225.npy,c959ca38306af6db648a39a3f6aa26d9973af794,0,50,0.21875,1,124.33116093595892,72.34723026815574,7.715367934137724,0.0,255.0,0.0,0.21875,0.0,0.0,0.043750000000000004,0,0,0
test,479,data\processed\exp_001_faces_224\test\479.png,data\raw\kul-computer-vision-ga-1-2026\test\test_479.npy,a798fcbab8097420294c3882113f2b13e0a52478,0,51,0.203125,1,177.55404442363712,80.78657371520224,6.5820182225444,0.0,255.0,0.0,0.203125,0.0,0.0,0.040625,2,2,2
test,1172,data\processed\exp_001_faces_224\test\1172.png,data\raw\kul-computer-vision-ga-1-2026\test\test_1172.npy,5729fe205a0670ecbe5f1cc8a2613edec96d5adb,0,51,0.203125,1,155.96173265709132,72.79315896137905,5.648867046710583,0.0,255.0,0.0,0.203125,0.0,0.0,0.040625,0,0,0
train,65,data\processed\exp_001_faces_224\train\65.png,data\raw\kul-computer-vision-ga-1-2026\train\train_65.npy,0d666d7d85b575a1f1c1ca9497ea4c11b7217deb,1,0,1.0,0,95.1485262345679,31.392302258504895,1.595332639570962,18.0,255.0,1.0,1.0,1.0,1.0,1.0,0,0,0
train,9,data\processed\exp_001_faces_224\train\9.png,data\raw\kul-computer-vision-ga-1-2026\train\train_9.npy,204090a03e7b434bb295673b21b119ff621feb8b,0,27,0.578125,0,90.14217777777777,57.90596707176682,3.7573021181716832,0.0,241.0,0.0,0.578125,0.6470539007450323,1.0,0.31268308511175485,0,0,0
train,20,data\processed\exp_001_faces_224\train\20.png,data\raw\kul-computer-vision-ga-1-2026\train\train_20.npy,80306675b2f2e4dd52f2001eccfe4b5e075fc1b9,0,13,0.796875,1,31.953831018518517,33.45418327288851,1.8236642252754554,0.0,255.0,0.0,0.796875,1.0,0.0,0.309375,2,2,2
train,71,data\processed\exp_001_faces_224\train\71.png,data\raw\kul-computer-vision-ga-1-2026\train\train_71.npy,bc484ae796696b2e41201972cc37f0ea9590e572,0,25,0.609375,1,40.264605373635604,40.22596160534747,2.741177466537663,0.0,255.0,0.0,0.609375,1.0,0.0,0.271875,0,0,0
train,62,data\processed\exp_001_faces_224\train\62.png,data\raw\kul-computer-vision-ga-1-2026\train\train_62.npy,f79048d4946ffe3df3c4206268810d3161e4ea7a,0,26,0.59375,1,58.098817190241135,78.1124700569566,2.6164654006606067,0.0,255.0,0.0,0.59375,1.0,0.0,0.26875,0,0,0
train,68,data\processed\exp_001_faces_224\train\68.png,data\raw\kul-computer-vision-ga-1-2026\train\train_68.npy,f22627248c677899f0de702c2bf4546d9a4a341a,0,25,0.609375,1,85.74307731296979,73.85433857258087,3.4385879912561412,0.0,255.0,0.0,0.609375,0.8978750673892012,0.0,0.2565562601083802,1,1,1
train,48,data\processed\exp_001_faces_224\train\48.png,data\raw\kul-computer-vision-ga-1-2026\train\train_48.npy,69604838c28ba6d2eac6bd0a2cc7eb8b982ce462,0,30,0.53125,1,82.61399997709522,76.93082112363263,3.2287596614405314,0.0,255.0,0.0,0.53125,1.0,0.0,0.25625,0,0,0
train,12,data\processed\exp_001_faces_224\train\12.png,data\raw\kul-computer-vision-ga-1-2026\train\train_12.npy,03c38cc4c06272f6731fc1a70d39af53417a18c0,0,31,0.515625,1,81.36995409604519,47.95910284492385,3.1637837234178123,0.0,228.0,0.0,0.515625,1.0,0.0,0.253125,2,2,2
train,47,data\processed\exp_001_faces_224\train\47.png,data\raw\kul-computer-vision-ga-1-2026\train\train_47.npy,0fcd3d3cb42aa941b56c380f7e60493221a3946b,0,26,0.59375,1,73.65194848484849,72.71269733741276,3.5882455790410552,0.0,255.0,0.0,0.59375,0.7800977629168724,0.0,0.23576466443753086,0,0,0
train,78,data\processed\exp_001_faces_224\train\78.png,data\raw\kul-computer-vision-ga-1-2026\train\train_78.npy,83126fbedcab21bd021bc49607cc81661a37c395,0,39,0.390625,1,143.89088176352706,52.839147175923586,2.0215051325979236,15.0,244.0,0.0,0.390625,1.0,0.0,0.228125,1,1,1
train,15,data\processed\exp_001_faces_224\train\15.png,data\raw\kul-computer-vision-ga-1-2026\train\train_15.npy,672db080476f2dbc2fe7b0ebab78b3d3e64ea9ad,0,30,0.53125,1,132.26026455026454,58.664469375213734,3.6350542099629566,0.0,255.0,0.0,0.53125,0.7432603766030902,0.0,0.21773905649046355,1,1,1
train,14,data\processed\exp_001_faces_224\train\14.png,data\raw\kul-computer-vision-ga-1-2026\train\train_14.npy,a012a59fbc5f5f43fa25ebe1440699256284144c,0,23,0.640625,1,101.6700677950678,90.28552866933155,3.8934241876619766,0.0,255.0,0.0,0.640625,0.5399287582042952,0.0,0.2091143137306443,0,0,0
train,46,data\processed\exp_001_faces_224\train\46.png,data\raw\kul-computer-vision-ga-1-2026\train\train_46.npy,09f7c07970af1662d1f3773a3e220133e3bf2c06,0,34,0.46875,1,115.83532247148352,64.22976519910691,3.609045739504894,0.0,255.0,0.0,0.46875,0.7637284837624895,0.0,0.20830927256437343,1,1,1
train,63,data\processed\exp_001_faces_224\train\63.png,data\raw\kul-computer-vision-ga-1-2026\train\train_63.npy,547cc28d051a2a6f4c5a4f62a5fb1d7ca20c42b7,0,21,0.671875,2,131.88208749970863,71.91005209946584,4.087418479962645,2.0,255.0,0.0,0.671875,0.3872594203620548,0.0,0.1924639130543082,2,2,2
train,55,data\processed\exp_001_faces_224\train\55.png,data\raw\kul-computer-vision-ga-1-2026\train\train_55.npy,27d848a4c27d6b39e68630f9952cf94a00844c76,0,34,0.46875,1,208.74557013750697,64.35901074962071,3.7953845633928855,0.0,255.0,0.0,0.46875,0.6170838349952458,0.0,0.18631257524928685,0,0,0
train,64,data\processed\exp_001_faces_224\train\64.png,data\raw\kul-computer-vision-ga-1-2026\train\train_64.npy,2b53edf8d11f807b162e32d147d4d7b0457ed6c5,0,13,0.796875,1,115.47547834575789,70.9699553847089,7.042050168889932,0.0,255.0,0.0,0.796875,0.0,0.0,0.15937500000000002,0,0,0
train,18,data\processed\exp_001_faces_224\train\18.png,data\raw\kul-computer-vision-ga-1-2026\train\train_18.npy,692b451169073c7e8f2efa2b65a68dc180602861,0,27,0.578125,2,126.31822090943798,83.0983143175072,4.279875569336376,0.0,255.0,0.0,0.578125,0.23579982817883102,0.0,0.15099497422682467,0,0,0
train,44,data\processed\exp_001_faces_224\train\44.png,data\raw\kul-computer-vision-ga-1-2026\train\train_44.npy,71998c27c3739a87dc3c60e7e0ea5ebc058c241d,0,21,0.671875,1,77.22155022222222,55.350868867506705,4.513622010322932,0.0,255.0,0.0,0.671875,0.051846403852878226,0.0,0.14215196057793172,0,0,0
train,31,data\processed\exp_001_faces_224\train\31.png,data\raw\kul-computer-vision-ga-1-2026\train\train_31.npy,f8be8ddfa717c7ec8469a0484203eb0f5f9c1491,0,19,0.703125,1,62.10259847148736,60.95076623853488,5.08404727386517,0.0,244.0,0.0,0.703125,0.0,0.0,0.140625,0,0,1
train,0,data\processed\exp_001_faces_224\train\0.png,data\raw\kul-computer-vision-ga-1-2026\train\train_0.npy,863815e27c4447373d19c73625418b053649a9ef,0,20,0.6875,3,116.14730555555556,80.12827900009925,7.898449153821008,0.0,255.0,0.0,0.6875,0.0,0.0,0.1375,1,1,1
train,37,data\processed\exp_001_faces_224\train\37.png,data\raw\kul-computer-vision-ga-1-2026\train\train_37.npy,3d1a78a563d3f5b7cc99ab163f71b74f7087a08d,0,20,0.6875,1,55.17082674571805,58.513055743137315,6.5862318771786725,0.0,255.0,0.0,0.6875,0.0,0.0,0.1375,0,0,0
train,2,data\processed\exp_001_faces_224\train\2.png,data\raw\kul-computer-vision-ga-1-2026\train\train_2.npy,10a926852b5e2d97fe5cb3077ec0321f1f84f25d,0,21,0.671875,1,106.99932725694444,67.24578269561614,5.03858275530518,0.0,255.0,0.0,0.671875,0.0,0.0,0.134375,0,0,0
train,66,data\processed\exp_001_faces_224\train\66.png,data\raw\kul-computer-vision-ga-1-2026\train\train_66.npy,00a68cc08d702268c6af61bfed16f580dc950c4a,0,21,0.671875,1,90.23995271867612,79.30121157912649,5.383347029579512,0.0,255.0,0.0,0.671875,0.0,0.0,0.134375,0,0,0
train,76,data\processed\exp_001_faces_224\train\76.png,data\raw\kul-computer-vision-ga-1-2026\train\train_76.npy,2fd8de252253548543b4f4c5b77cc7b8ed048b3a,0,21,0.671875,1,132.40725112075714,65.36491905940598,5.77835344673985,0.0,255.0,0.0,0.671875,0.0,0.0,0.134375,0,0,0
train,16,data\processed\exp_001_faces_224\train\16.png,data\raw\kul-computer-vision-ga-1-2026\train\train_16.npy,d3d7dbcb9c119beb990d8edb39d2265e3d57577e,0,22,0.65625,1,78.31577742157087,45.393257896003334,6.7100608824185635,0.0,255.0,0.0,0.65625,0.0,0.0,0.13125,1,1,1
train,23,data\processed\exp_001_faces_224\train\23.png,data\raw\kul-computer-vision-ga-1-2026\train\train_23.npy,528f2fd1a172cf5e1e65d08242615c787813ee9d,0,22,0.65625,1,124.19825833333333,82.16261299513799,6.083634081720465,0.0,255.0,0.0,0.65625,0.0,0.0,0.13125,1,1,1
train,77,data\processed\exp_001_faces_224\train\77.png,data\raw\kul-computer-vision-ga-1-2026\train\train_77.npy,9b2fc33d6a276ac769c3e895bee7485475cbddb9,0,22,0.65625,2,73.77088518518518,77.25169444931628,8.965091044221479,0.0,255.0,0.0,0.65625,0.0,0.0,0.13125,2,2,2
train,6,data\processed\exp_001_faces_224\train\6.png,data\raw\kul-computer-vision-ga-1-2026\train\train_6.npy,dab8bed13f13189ce9bca6727d42de2a7046806a,0,23,0.640625,1,59.29320465686275,66.63694591171597,7.784374966792569,0.0,255.0,0.0,0.640625,0.0,0.0,0.12812500000000002,0,0,1
train,73,data\processed\exp_001_faces_224\train\73.png,data\raw\kul-computer-vision-ga-1-2026\train\train_73.npy,b63c5818fde86b8ed3a94ba3cd6214e1fd9b0850,0,32,0.5,2,37.04129962977148,35.73075637745032,4.365109653540582,0.0,249.0,0.0,0.5,0.16872243614464763,0.0,0.12530836542169715,0,0,0
train,45,data\processed\exp_001_faces_224\train\45.png,data\raw\kul-computer-vision-ga-1-2026\train\train_45.npy,46ee01eb916a61963f54fe6da96903c408ea3af1,0,24,0.625,1,100.85965986394558,68.64767188817565,5.2049205293873975,0.0,211.0,0.0,0.625,0.0,0.0,0.125,0,0,1
train,10,data\processed\exp_001_faces_224\train\10.png,data\raw\kul-computer-vision-ga-1-2026\train\train_10.npy,b29e8689fd2e9a177ca97d43ccc46b5c4ebcb142,0,25,0.609375,1,121.5538024691358,45.40799004156981,6.404403190872156,0.0,255.0,0.0,0.609375,0.0,0.0,0.12187500000000001,2,2,2
train,11,data\processed\exp_001_faces_224\train\11.png,data\raw\kul-computer-vision-ga-1-2026\train\train_11.npy,ad771b6f176d11da1b16fa9aa3778d85c15e801e,0,25,0.609375,1,94.39550948615413,59.100731702305765,11.738492335924985,0.0,255.0,0.0,0.609375,0.0,0.0,0.12187500000000001,1,1,1
train,60,data\processed\exp_001_faces_224\train\60.png,data\raw\kul-computer-vision-ga-1-2026\train\train_60.npy,c1b327eb49dab4d9660c9384b54c62643cd5d0f2,0,25,0.609375,1,77.30012823034215,56.72406392028023,6.195543492626431,0.0,255.0,0.0,0.609375,0.0,0.0,0.12187500000000001,2,2,2
train,74,data\processed\exp_001_faces_224\train\74.png,data\raw\kul-computer-vision-ga-1-2026\train\train_74.npy,99a6773444121cef3835ba241a6eeeb83c352fc9,0,25,0.609375,1,73.53876446847828,60.53755251152638,4.829685778694964,0.0,255.0,0.0,0.609375,0.0,0.0,0.12187500000000001,1,1,1
train,27,data\processed\exp_001_faces_224\train\27.png,data\raw\kul-computer-vision-ga-1-2026\train\train_27.npy,e2a42b8e980bbac4bab4954fae08973ae3d6c9e2,0,26,0.59375,1,138.0618125701459,82.74552500723873,8.776078224794851,0.0,255.0,0.0,0.59375,0.0,0.0,0.11875000000000001,0,0,0
train,35,data\processed\exp_001_faces_224\train\35.png,data\raw\kul-computer-vision-ga-1-2026\train\train_35.npy,f4dc4e2af3a13305eec217d0251a5af7bff74a16,0,26,0.59375,1,70.67988080235244,50.92362356979239,4.7817476412318705,0.0,255.0,0.0,0.59375,0.0,0.0,0.11875000000000001,1,1,1
train,38,data\processed\exp_001_faces_224\train\38.png,data\raw\kul-computer-vision-ga-1-2026\train\train_38.npy,18051ea858ca87a44bc3bc096f48145b089dc87c,0,26,0.59375,1,77.17407004830918,66.52149112688234,6.034253804816793,0.0,251.0,0.0,0.59375,0.0,0.0,0.11875000000000001,2,2,2
train,52,data\processed\exp_001_faces_224\train\52.png,data\raw\kul-computer-vision-ga-1-2026\train\train_52.npy,d5acfb006e4cfb46f7493790ef5fec41ff2ba426,0,27,0.578125,2,155.05317176393567,80.12385366762759,5.636035732719886,0.0,255.0,0.0,0.578125,0.0,0.0,0.115625,0,0,0
train,67,data\processed\exp_001_faces_224\train\67.png,data\raw\kul-computer-vision-ga-1-2026\train\train_67.npy,44be7a7b1bfb55800a4a69c669530451d859c44c,0,27,0.578125,1,45.38725895316804,55.15078032492465,5.870540848067747,0.0,255.0,0.0,0.578125,0.0,0.0,0.115625,0,0,0
train,24,data\processed\exp_001_faces_224\train\24.png,data\raw\kul-computer-vision-ga-1-2026\train\train_24.npy,d472616dd8130a418d1cf10039da201b802983aa,0,28,0.5625,1,112.91832839506174,64.20637669859039,10.018564493760582,0.0,255.0,0.0,0.5625,0.0,0.0,0.1125,0,0,0
train,57,data\processed\exp_001_faces_224\train\57.png,data\raw\kul-computer-vision-ga-1-2026\train\train_57.npy,cb4e40aa71691bd5b2ad425d4b17e7dc3e6ddaa1,0,28,0.5625,2,116.27247777777778,77.12469516314968,10.263292456335934,0.0,255.0,0.0,0.5625,0.0,0.0,0.1125,0,0,0
train,4,data\processed\exp_001_faces_224\train\4.png,data\raw\kul-computer-vision-ga-1-2026\train\train_4.npy,693a9e3a0be600fc99d9e64ad57f977b7fc69f51,0,29,0.546875,1,125.05984166666667,58.30390471560238,10.712719199289566,0.0,255.0,0.0,0.546875,0.0,0.0,0.109375,1,1,1
train,59,data\processed\exp_001_faces_224\train\59.png,data\raw\kul-computer-vision-ga-1-2026\train\train_59.npy,feb8b826718ba355d0d52326ae1ae6bacba3266b,0,29,0.546875,2,118.63232579022988,81.63350376801617,5.91275379486364,0.0,255.0,0.0,0.546875,0.0,0.0,0.109375,1,1,1
train,72,data\processed\exp_001_faces_224\train\72.png,data\raw\kul-computer-vision-ga-1-2026\train\train_72.npy,579610eefc63e1a6050c16b7cb09ae76c5800a6e,0,30,0.53125,1,85.20403070517824,72.67956361564077,7.655715799223173,0.0,255.0,0.0,0.53125,0.0,0.0,0.10625000000000001,0,0,0
train,19,data\processed\exp_001_faces_224\train\19.png,data\raw\kul-computer-vision-ga-1-2026\train\train_19.npy,70b90f9d7700dadce305acebcbc6bd9812e0e238,0,31,0.515625,1,113.05504142257514,81.92805056887947,6.225802593386858,0.0,255.0,0.0,0.515625,0.0,0.0,0.10312500000000001,1,1,1
train,21,data\processed\exp_001_faces_224\train\21.png,data\raw\kul-computer-vision-ga-1-2026\train\train_21.npy,c401635eadd073f19203d86db563612bc840a7de,0,31,0.515625,1,133.84676945244956,103.89666522971558,5.2400335225608945,0.0,255.0,0.0,0.515625,0.0,0.0,0.10312500000000001,2,2,2
train,28,data\processed\exp_001_faces_224\train\28.png,data\raw\kul-computer-vision-ga-1-2026\train\train_28.npy,639b90b226744dc0d8189a287416459462eb0963,0,31,0.515625,3,74.6729455427859,59.743305590672044,5.218674698894774,0.0,255.0,0.0,0.515625,0.0,0.0,0.10312500000000001,0,0,0
train,69,data\processed\exp_001_faces_224\train\69.png,data\raw\kul-computer-vision-ga-1-2026\train\train_69.npy,165c446659d315987caaa56de39ce8bf2985bb79,0,31,0.515625,1,119.82241904761905,90.45730349734421,6.4113025696597585,0.0,255.0,0.0,0.515625,0.0,0.0,0.10312500000000001,0,0,0
train,43,data\processed\exp_001_faces_224\train\43.png,data\raw\kul-computer-vision-ga-1-2026\train\train_43.npy,3719c5f1b97c8c67e56e5079b75262ce6c05861d,0,32,0.5,1,123.82961310118871,64.91184752815371,7.674140983153592,0.0,255.0,0.0,0.5,0.0,0.0,0.1,1,1,1
train,50,data\processed\exp_001_faces_224\train\50.png,data\raw\kul-computer-vision-ga-1-2026\train\train_50.npy,7a887ea764845937d3446d5713d90d2d273f6e96,0,32,0.5,2,149.87522716049384,87.83483886339334,8.155748506735724,0.0,255.0,0.0,0.5,0.0,0.0,0.1,0,0,1
train,29,data\processed\exp_001_faces_224\train\29.png,data\raw\kul-computer-vision-ga-1-2026\train\train_29.npy,7839b3b3a354ee6dea4053581e1e928da9b7d73e,0,34,0.46875,2,75.80612011805437,54.16969310775696,4.734507193040973,0.0,255.0,0.0,0.46875,0.0,0.0,0.09375,2,2,2
train,40,data\processed\exp_001_faces_224\train\40.png,data\raw\kul-computer-vision-ga-1-2026\train\train_40.npy,72726281be0de09c3b1fc9396bdb13b8d6b633e6,0,34,0.46875,2,97.89525514040078,64.6625012403013,4.875493804153135,0.0,255.0,0.0,0.46875,0.0,0.0,0.09375,0,0,0
train,75,data\processed\exp_001_faces_224\train\75.png,data\raw\kul-computer-vision-ga-1-2026\train\train_75.npy,751bf5bffe69d47b19d89d36c1a63242810c70c1,0,34,0.46875,1,141.17188333333334,83.3124845286824,8.030187279560849,0.0,255.0,0.0,0.46875,0.0,0.0,0.09375,1,1,1
train,79,data\processed\exp_001_faces_224\train\79.png,data\raw\kul-computer-vision-ga-1-2026\train\train_79.npy,a4081a8b5439586f170a0b1b4ca6c0a7a96a9cdb,0,34,0.46875,1,148.3822963528846,79.40688875960987,7.246538521462203,0.0,255.0,0.0,0.46875,0.0,0.0,0.09375,0,0,0
train,3,data\processed\exp_001_faces_224\train\3.png,data\raw\kul-computer-vision-ga-1-2026\train\train_3.npy,4e296d362dc712d3f0f4f754e0053f24a005ecba,0,36,0.4375,1,135.2130744949495,80.8882967275979,7.337166572959182,0.0,255.0,0.0,0.4375,0.0,0.0,0.08750000000000001,0,0,0
train,17,data\processed\exp_001_faces_224\train\17.png,data\raw\kul-computer-vision-ga-1-2026\train\train_17.npy,f6c0a084fe5575e76982ae9982c059dab4655bf3,0,36,0.4375,1,144.87237812492637,98.95387896429784,5.254244509041834,0.0,255.0,0.0,0.4375,0.0,0.0,0.08750000000000001,2,2,2
train,8,data\processed\exp_001_faces_224\train\8.png,data\raw\kul-computer-vision-ga-1-2026\train\train_8.npy,9f1893e4bb0b52d595c9ccaeee74cb7adec911fe,0,37,0.421875,2,118.61802276234567,81.29979470126031,5.690471614122453,0.0,255.0,0.0,0.421875,0.0,0.0,0.084375,1,1,1
train,30,data\processed\exp_001_faces_224\train\30.png,data\raw\kul-computer-vision-ga-1-2026\train\train_30.npy,3eee70fe4b43ef03df013e0bba6d2272cc101862,0,37,0.421875,2,166.56377037037038,80.06408155697588,9.07236900780379,0.0,255.0,0.0,0.421875,0.0,0.0,0.084375,2,2,2
train,49,data\processed\exp_001_faces_224\train\49.png,data\raw\kul-computer-vision-ga-1-2026\train\train_49.npy,a3c9fbbe78129719883b3748b895def643233635,0,38,0.40625,2,152.19323055555554,90.88916243460223,6.864025620535918,0.0,255.0,0.0,0.40625,0.0,0.0,0.08125,0,0,0
train,13,data\processed\exp_001_faces_224\train\13.png,data\raw\kul-computer-vision-ga-1-2026\train\train_13.npy,dfa52a2b53e5518f3222698a5b1804c764680a8b,0,39,0.390625,3,141.2773649691358,74.39922477153908,6.576821384603563,0.0,255.0,0.0,0.390625,0.0,0.0,0.078125,0,0,0
train,34,data\processed\exp_001_faces_224\train\34.png,data\raw\kul-computer-vision-ga-1-2026\train\train_34.npy,71278d46c20f4dab9f10ca796294872e9420a340,0,43,0.328125,3,190.19235386435238,82.1719932436421,6.1572015799636945,0.0,255.0,0.0,0.328125,0.0,0.0,0.065625,2,2,2
train,41,data\processed\exp_001_faces_224\train\41.png,data\raw\kul-computer-vision-ga-1-2026\train\train_41.npy,5e345b86154246ae066e83578774133d80e9ef85,0,43,0.328125,2,61.67028041441777,67.757690279333,6.7866686736690625,0.0,255.0,0.0,0.328125,0.0,0.0,0.065625,1,1,1
train,36,data\processed\exp_001_faces_224\train\36.png,data\raw\kul-computer-vision-ga-1-2026\train\train_36.npy,08ba2cc1875d7053a523b8a321f5723344a85c5d,0,44,0.3125,1,94.1102679117719,71.78632567937015,6.517363533475049,0.0,255.0,0.0,0.3125,0.0,0.0,0.0625,1,1,1
train,61,data\processed\exp_001_faces_224\train\61.png,data\raw\kul-computer-vision-ga-1-2026\train\train_61.npy,d53d5e381064de5853194f5e3e3aee57284d82be,0,44,0.3125,2,121.67675432188946,71.34829774167221,6.189565174931028,0.0,255.0,0.0,0.3125,0.0,0.0,0.0625,0,0,0
val,54,data\processed\exp_001_faces_224\train\54.png,data\raw\kul-computer-vision-ga-1-2026\train\train_54.npy,486ee587073aa9e1e0f70eaead0ec40eb72a29b3,0,23,0.640625,1,33.00384528572894,30.003152694843774,2.3325763701521764,0.0,230.0,0.0,0.640625,1.0,0.0,0.278125,2,2,2
val,1,data\processed\exp_001_faces_224\train\1.png,data\raw\kul-computer-vision-ga-1-2026\train\train_1.npy,5b3b5e2216cf63c34b4eb67f28916adb782275ae,0,34,0.46875,1,52.62942964135171,42.419424657157144,2.9215198605133894,0.0,255.0,0.0,0.46875,1.0,0.0,0.24375,0,0,0
val,5,data\processed\exp_001_faces_224\train\5.png,data\raw\kul-computer-vision-ga-1-2026\train\train_5.npy,7ee7d29f1a120154a43ca0c7d94298dfd466e263,0,19,0.703125,1,70.03067289052137,58.25052429118314,4.120310064089281,0.0,255.0,0.0,0.703125,0.36137445070834406,0.0,0.1948311676062516,1,1,1
val,26,data\processed\exp_001_faces_224\train\26.png,data\raw\kul-computer-vision-ga-1-2026\train\train_26.npy,ee1748b29e8b61200b4929b47ab9de17d9adc1b4,0,30,0.53125,1,113.88576604938271,77.99629818288909,3.8482918531324994,0.0,255.0,0.0,0.53125,0.5754469352917456,0.0,0.19256704029376187,0,0,0
val,58,data\processed\exp_001_faces_224\train\58.png,data\raw\kul-computer-vision-ga-1-2026\train\train_58.npy,97f6d52f892588a46e60cb5738c127a405db887f,0,26,0.59375,1,129.95053914674168,65.81323839565363,4.112199585274507,0.0,255.0,0.0,0.59375,0.36775722318866055,0.0,0.1739135834782991,0,0,0
val,51,data\processed\exp_001_faces_224\train\51.png,data\raw\kul-computer-vision-ga-1-2026\train\train_51.npy,87c7595a091af32187172dad6517f40083989d4b,0,39,0.390625,1,113.29300138242203,87.39050112764792,3.867092012135484,0.0,255.0,0.0,0.390625,0.5606516142940225,0.0,0.16222274214410337,0,0,0
val,56,data\processed\exp_001_faces_224\train\56.png,data\raw\kul-computer-vision-ga-1-2026\train\train_56.npy,02eefc260cc6aa11e4d4d72917d69f6301da60c8,0,19,0.703125,1,54.6167298245614,59.461204374029016,6.563093149511046,0.0,255.0,0.0,0.703125,0.0,0.0,0.140625,2,2,2
val,33,data\processed\exp_001_faces_224\train\33.png,data\raw\kul-computer-vision-ga-1-2026\train\train_33.npy,f1f681080c9cc079c34460afe26f70444b800d0f,0,21,0.671875,1,94.80582682291667,70.43908256003076,5.839289108737289,0.0,255.0,0.0,0.671875,0.0,0.0,0.134375,0,0,0
val,53,data\processed\exp_001_faces_224\train\53.png,data\raw\kul-computer-vision-ga-1-2026\train\train_53.npy,b71f3889ba74e00f158c8c859bd9fcba2a11a2bf,0,22,0.65625,3,84.96241319444445,78.05703686590032,5.6240649446353785,0.0,255.0,0.0,0.65625,0.0,0.0,0.13125,0,0,0
val,70,data\processed\exp_001_faces_224\train\70.png,data\raw\kul-computer-vision-ga-1-2026\train\train_70.npy,962a8a8781a72043284a6e0fb76e2eb864f3e917,0,23,0.640625,4,115.76907037037037,86.97547270919337,9.832489780750649,0.0,255.0,0.0,0.640625,0.0,0.0,0.12812500000000002,0,0,0
val,7,data\processed\exp_001_faces_224\train\7.png,data\raw\kul-computer-vision-ga-1-2026\train\train_7.npy,2d5709e092d40492fc9743c6a95e861d7348b1ae,0,27,0.578125,1,70.84223629773368,73.51344811756015,4.972579200445004,0.0,255.0,0.0,0.578125,0.0,0.0,0.115625,0,0,0
val,22,data\processed\exp_001_faces_224\train\22.png,data\raw\kul-computer-vision-ga-1-2026\train\train_22.npy,d502fc4f8e374edb9e07c983d342388b9de72cd0,0,32,0.5,1,65.90167071559476,56.02693900167233,5.23665904503037,0.0,255.0,0.0,0.5,0.0,0.0,0.1,2,2,2
val,32,data\processed\exp_001_faces_224\train\32.png,data\raw\kul-computer-vision-ga-1-2026\train\train_32.npy,1f5e56a4ba01da8d7aa862b42c2759158fc2c7cc,0,32,0.5,2,114.64725925925926,66.5813900602206,4.792154454247447,0.0,254.0,0.0,0.5,0.0,0.0,0.1,0,0,0
val,42,data\processed\exp_001_faces_224\train\42.png,data\raw\kul-computer-vision-ga-1-2026\train\train_42.npy,409c1a617752a74cacdbc73817bef0fef047f4ac,0,32,0.5,1,151.39843288855636,72.0401391952689,5.429670210478669,0.0,255.0,0.0,0.5,0.0,0.0,0.1,1,1,1
val,39,data\processed\exp_001_faces_224\train\39.png,data\raw\kul-computer-vision-ga-1-2026\train\train_39.npy,bd93a9fe22e5e4a4401eaf758542537c8af64034,0,33,0.484375,2,69.2711037037037,56.02530955014212,9.058814567075437,0.0,255.0,0.0,0.484375,0.0,0.0,0.096875,1,1,1
val,25,data\processed\exp_001_faces_224\train\25.png,data\raw\kul-computer-vision-ga-1-2026\train\train_25.npy,6f5a4145c771966e86ced1177a30e0729d5169fc,0,39,0.390625,1,110.28627079288249,82.07188767904402,7.206142783189401,0.0,255.0,0.0,0.390625,0.0,0.0,0.078125,1,1,1
